-24000.000000,-176.572740
-23988.281250,-170.284580
-23976.562500,-158.101497
-23964.843750,-156.465391
-23953.125000,-157.483494
-23941.406250,-150.248341
-23929.687500,-154.729335
-23917.968750,-156.233651
-23906.250000,-150.381524
-23894.531250,-149.718091
-23882.812500,-142.312530
-23871.093750,-142.850160
-23859.375000,-151.660795
-23847.656250,-138.668392
-23835.937500,-132.382779
-23824.218750,-133.153815
-23812.500000,-135.065723
-23800.781250,-154.339011
-23789.062500,-141.729116
-23777.343750,-142.676093
-23765.625000,-136.215622
-23753.906250,-135.270544
-23742.187500,-131.974730
-23730.468750,-142.652548
-23718.750000,-131.621711
-23707.031250,-140.471203
-23695.312500,-129.488576
-23683.593750,-128.291033
-23671.875000,-138.290056
-23660.156250,-130.800575
-23648.437500,-132.097961
-23636.718750,-133.939199
-23625.000000,-133.005197
-23613.281250,-125.209099
-23601.562500,-123.154095
-23589.843750,-138.069445
-23578.125000,-133.699917
-23566.406250,-136.322874
-23554.687500,-133.912423
-23542.968750,-140.141536
-23531.250000,-135.695613
-23519.531250,-128.271806
-23507.812500,-124.331137
-23496.093750,-120.836098
-23484.375000,-120.395759
-23472.656250,-120.678572
-23460.937500,-123.995712
-23449.218750,-125.767417
-23437.500000,-128.159520
-23425.781250,-119.702589
-23414.062500,-121.747583
-23402.343750,-127.790630
-23390.625000,-120.116067
-23378.906250,-120.466908
-23367.187500,-122.058144
-23355.468750,-121.690193
-23343.750000,-125.363006
-23332.031250,-117.198787
-23320.312500,-118.230250
-23308.593750,-118.484946
-23296.875000,-118.260698
-23285.156250,-117.293422
-23273.437500,-118.147182
-23261.718750,-119.407010
-23250.000000,-121.908911
-23238.281250,-116.267974
-23226.562500,-118.566004
-23214.843750,-123.862440
-23203.125000,-125.331321
-23191.406250,-122.195495
-23179.687500,-121.497955
-23167.968750,-115.546013
-23156.250000,-123.864429
-23144.531250,-123.367696
-23132.812500,-118.557402
-23121.093750,-117.001009
-23109.375000,-118.498875
-23097.656250,-130.986562
-23085.937500,-120.195111
-23074.218750,-113.629036
-23062.500000,-116.768433
-23050.781250,-115.321167
-23039.062500,-113.691340
-23027.343750,-109.076393
-23015.625000,-113.187844
-23003.906250,-112.832281
-22992.187500,-110.396258
-22980.468750,-116.630014
-22968.750000,-112.781475
-22957.031250,-118.560557
-22945.312500,-109.926439
-22933.593750,-115.003647
-22921.875000,-126.686925
-22910.156250,-132.872380
-22898.437500,-128.730079
-22886.718750,-115.865212
-22875.000000,-123.027885
-22863.281250,-118.332432
-22851.562500,-114.623541
-22839.843750,-121.178278
-22828.125000,-116.197423
-22816.406250,-112.973867
-22804.687500,-114.114349
-22792.968750,-113.503156
-22781.250000,-115.421737
-22769.531250,-113.992215
-22757.812500,-115.831829
-22746.093750,-117.155010
-22734.375000,-121.495648
-22722.656250,-118.887265
-22710.937500,-111.335350
-22699.218750,-109.885831
-22687.500000,-112.330995
-22675.781250,-113.642100
-22664.062500,-109.990396
-22652.343750,-110.437370
-22640.625000,-110.215251
-22628.906250,-111.887047
-22617.187500,-130.897083
-22605.468750,-116.215451
-22593.750000,-117.891390
-22582.031250,-118.630924
-22570.312500,-108.996008
-22558.593750,-124.745313
-22546.875000,-107.513523
-22535.156250,-112.691837
-22523.437500,-114.801122
-22511.718750,-115.692030
-22500.000000,-110.967528
-22488.281250,-114.380148
-22476.562500,-133.169277
-22464.843750,-119.020357
-22453.125000,-117.428990
-22441.406250,-111.942642
-22429.687500,-111.378541
-22417.968750,-112.327097
-22406.250000,-119.419551
-22394.531250,-121.618745
-22382.812500,-109.410793
-22371.093750,-103.468062
-22359.375000,-102.842254
-22347.656250,-109.902661
-22335.937500,-108.765285
-22324.218750,-104.377297
-22312.500000,-111.242044
-22300.781250,-118.662820
-22289.062500,-116.301595
-22277.343750,-114.787652
-22265.625000,-123.551980
-22253.906250,-115.098671
-22242.187500,-108.535413
-22230.468750,-108.326945
-22218.750000,-118.124922
-22207.031250,-117.969785
-22195.312500,-113.438982
-22183.593750,-127.098558
-22171.875000,-107.468862
-22160.156250,-109.111898
-22148.437500,-123.729691
-22136.718750,-113.310213
-22125.000000,-108.319481
-22113.281250,-109.086126
-22101.562500,-114.200831
-22089.843750,-106.246969
-22078.125000,-102.889830
-22066.406250,-104.287514
-22054.687500,-114.229212
-22042.968750,-108.776238
-22031.250000,-103.442237
-22019.531250,-114.336064
-22007.812500,-119.424012
-21996.093750,-108.703780
-21984.375000,-107.192490
-21972.656250,-111.595348
-21960.937500,-122.805633
-21949.218750,-115.742926
-21937.500000,-109.191222
-21925.781250,-108.444596
-21914.062500,-119.405680
-21902.343750,-115.709036
-21890.625000,-109.797185
-21878.906250,-107.842120
-21867.187500,-109.400304
-21855.468750,-108.626827
-21843.750000,-106.837236
-21832.031250,-103.091981
-21820.312500,-104.222220
-21808.593750,-117.027175
-21796.875000,-113.649069
-21785.156250,-112.580754
-21773.437500,-114.192435
-21761.718750,-114.471027
-21750.000000,-115.526724
-21738.281250,-110.478590
-21726.562500,-112.426395
-21714.843750,-118.427208
-21703.125000,-124.689892
-21691.406250,-110.408157
-21679.687500,-108.872030
-21667.968750,-110.461715
-21656.250000,-109.092252
-21644.531250,-108.525197
-21632.812500,-112.567671
-21621.093750,-114.528431
-21609.375000,-106.298876
-21597.656250,-110.440141
-21585.937500,-119.372290
-21574.218750,-113.060746
-21562.500000,-110.644903
-21550.781250,-112.999533
-21539.062500,-112.831064
-21527.343750,-115.822901
-21515.625000,-111.097094
-21503.906250,-110.113598
-21492.187500,-106.758510
-21480.468750,-106.127828
-21468.750000,-108.988562
-21457.031250,-108.030320
-21445.312500,-109.026254
-21433.593750,-115.625860
-21421.875000,-113.740341
-21410.156250,-113.228336
-21398.437500,-116.592360
-21386.718750,-111.753428
-21375.000000,-112.244016
-21363.281250,-115.306281
-21351.562500,-113.038417
-21339.843750,-109.557941
-21328.125000,-114.258984
-21316.406250,-116.161613
-21304.687500,-115.043493
-21292.968750,-112.228512
-21281.250000,-113.049305
-21269.531250,-123.560415
-21257.812500,-123.906242
-21246.093750,-113.944221
-21234.375000,-114.692138
-21222.656250,-112.026729
-21210.937500,-117.871960
-21199.218750,-116.408225
-21187.500000,-114.014189
-21175.781250,-131.874076
-21164.062500,-118.231404
-21152.343750,-112.873683
-21140.625000,-121.719276
-21128.906250,-117.026891
-21117.187500,-125.658114
-21105.468750,-124.337193
-21093.750000,-118.334282
-21082.031250,-108.617128
-21070.312500,-104.658530
-21058.593750,-107.561757
-21046.875000,-121.264371
-21035.156250,-111.479747
-21023.437500,-109.388209
-21011.718750,-113.934184
-21000.000000,-113.321398
-20988.281250,-117.240151
-20976.562500,-117.674705
-20964.843750,-118.260151
-20953.125000,-116.094410
-20941.406250,-115.186143
-20929.687500,-122.709644
-20917.968750,-119.649878
-20906.250000,-117.255122
-20894.531250,-119.129483
-20882.812500,-121.555839
-20871.093750,-120.216824
-20859.375000,-115.628116
-20847.656250,-113.197787
-20835.937500,-114.904944
-20824.218750,-113.787299
-20812.500000,-117.432743
-20800.781250,-113.191053
-20789.062500,-112.128926
-20777.343750,-114.420747
-20765.625000,-117.771625
-20753.906250,-143.913482
-20742.187500,-118.810788
-20730.468750,-117.334904
-20718.750000,-117.173997
-20707.031250,-117.251712
-20695.312500,-121.917658
-20683.593750,-114.485626
-20671.875000,-127.196621
-20660.156250,-124.343549
-20648.437500,-123.226668
-20636.718750,-133.223124
-20625.000000,-122.091196
-20613.281250,-114.024492
-20601.562500,-115.779628
-20589.843750,-116.378680
-20578.125000,-115.154234
-20566.406250,-116.783262
-20554.687500,-121.366927
-20542.968750,-124.709899
-20531.250000,-117.494490
-20519.531250,-118.981362
-20507.812500,-121.610984
-20496.093750,-132.193636
-20484.375000,-135.525556
-20472.656250,-117.420877
-20460.937500,-114.091324
-20449.218750,-129.088038
-20437.500000,-118.007227
-20425.781250,-117.925848
-20414.062500,-115.433163
-20402.343750,-127.117911
-20390.625000,-120.748671
-20378.906250,-117.537859
-20367.187500,-114.719781
-20355.468750,-114.165361
-20343.750000,-118.969862
-20332.031250,-117.246735
-20320.312500,-117.175551
-20308.593750,-116.138260
-20296.875000,-116.259079
-20285.156250,-117.187179
-20273.437500,-127.984015
-20261.718750,-131.464591
-20250.000000,-118.431605
-20238.281250,-126.185183
-20226.562500,-115.160114
-20214.843750,-114.319621
-20203.125000,-120.693412
-20191.406250,-125.733968
-20179.687500,-126.395066
-20167.968750,-114.862781
-20156.250000,-115.232067
-20144.531250,-131.127262
-20132.812500,-118.721917
-20121.093750,-119.205653
-20109.375000,-128.881701
-20097.656250,-120.032386
-20085.937500,-125.388054
-20074.218750,-113.777429
-20062.500000,-118.081591
-20050.781250,-118.048842
-20039.062500,-114.839698
-20027.343750,-111.500990
-20015.625000,-114.955784
-20003.906250,-118.365460
-19992.187500,-114.744527
-19980.468750,-125.279638
-19968.750000,-115.220984
-19957.031250,-114.813833
-19945.312500,-115.894676
-19933.593750,-117.716733
-19921.875000,-123.660632
-19910.156250,-121.739554
-19898.437500,-122.650441
-19886.718750,-120.477336
-19875.000000,-132.020087
-19863.281250,-121.688054
-19851.562500,-122.087193
-19839.843750,-119.249687
-19828.125000,-119.953160
-19816.406250,-128.993118
-19804.687500,-120.877066
-19792.968750,-125.128148
-19781.250000,-118.505091
-19769.531250,-119.726246
-19757.812500,-125.123072
-19746.093750,-129.282823
-19734.375000,-125.739208
-19722.656250,-114.511502
-19710.937500,-118.978442
-19699.218750,-126.341406
-19687.500000,-122.948186
-19675.781250,-125.812161
-19664.062500,-125.276581
-19652.343750,-120.805289
-19640.625000,-123.173847
-19628.906250,-127.971931
-19617.187500,-129.679150
-19605.468750,-122.362026
-19593.750000,-131.542972
-19582.031250,-126.814494
-19570.312500,-125.787851
-19558.593750,-125.970312
-19546.875000,-118.711522
-19535.156250,-117.107708
-19523.437500,-117.871039
-19511.718750,-117.730358
-19500.000000,-124.066721
-19488.281250,-118.999352
-19476.562500,-129.195509
-19464.843750,-124.191771
-19453.125000,-119.762786
-19441.406250,-117.601718
-19429.687500,-119.526479
-19417.968750,-119.760662
-19406.250000,-131.035364
-19394.531250,-127.710046
-19382.812500,-132.445947
-19371.093750,-121.621129
-19359.375000,-118.557295
-19347.656250,-127.674246
-19335.937500,-123.222773
-19324.218750,-123.519806
-19312.500000,-133.264170
-19300.781250,-132.311880
-19289.062500,-128.776122
-19277.343750,-128.041265
-19265.625000,-130.979377
-19253.906250,-142.043050
-19242.187500,-141.695275
-19230.468750,-135.931018
-19218.750000,-142.424170
-19207.031250,-148.885297
-19195.312500,-154.743309
-19183.593750,-144.144928
-19171.875000,-131.811273
-19160.156250,-127.397683
-19148.437500,-136.732127
-19136.718750,-136.129188
-19125.000000,-134.522163
-19113.281250,-133.156147
-19101.562500,-134.037813
-19089.843750,-133.122695
-19078.125000,-125.070225
-19066.406250,-118.937324
-19054.687500,-116.891488
-19042.968750,-121.540436
-19031.250000,-124.902463
-19019.531250,-137.094637
-19007.812500,-121.548925
-18996.093750,-117.806744
-18984.375000,-116.798175
-18972.656250,-115.515556
-18960.937500,-120.820351
-18949.218750,-115.754526
-18937.500000,-124.332981
-18925.781250,-123.500134
-18914.062500,-117.513666
-18902.343750,-113.594168
-18890.625000,-114.628896
-18878.906250,-110.522689
-18867.187500,-112.969784
-18855.468750,-115.695103
-18843.750000,-117.315551
-18832.031250,-111.816723
-18820.312500,-109.335952
-18808.593750,-118.353323
-18796.875000,-113.691899
-18785.156250,-114.979754
-18773.437500,-121.042400
-18761.718750,-117.258630
-18750.000000,-108.891781
-18738.281250,-106.247659
-18726.562500,-110.632758
-18714.843750,-116.856862
-18703.125000,-107.342803
-18691.406250,-101.851494
-18679.687500,-104.585027
-18667.968750,-113.392733
-18656.250000,-112.704645
-18644.531250,-108.988241
-18632.812500,-116.555163
-18621.093750,-109.640223
-18609.375000,-101.385934
-18597.656250,-103.950614
-18585.937500,-117.471320
-18574.218750,-118.058574
-18562.500000,-113.012714
-18550.781250,-114.573761
-18539.062500,-114.746241
-18527.343750,-117.128898
-18515.625000,-113.264408
-18503.906250,-106.843592
-18492.187500,-102.504548
-18480.468750,-99.720556
-18468.750000,-102.058785
-18457.031250,-104.499134
-18445.312500,-106.697743
-18433.593750,-106.599288
-18421.875000,-102.374216
-18410.156250,-113.428815
-18398.437500,-105.314800
-18386.718750,-100.263678
-18375.000000,-99.525095
-18363.281250,-104.070952
-18351.562500,-108.480788
-18339.843750,-109.498253
-18328.125000,-100.600608
-18316.406250,-102.511805
-18304.687500,-98.545889
-18292.968750,-97.268331
-18281.250000,-101.295076
-18269.531250,-110.847505
-18257.812500,-114.849562
-18246.093750,-100.769215
-18234.375000,-100.149541
-18222.656250,-104.764672
-18210.937500,-103.734760
-18199.218750,-112.792993
-18187.500000,-113.794948
-18175.781250,-109.560448
-18164.062500,-110.059826
-18152.343750,-100.987551
-18140.625000,-97.066882
-18128.906250,-97.203634
-18117.187500,-98.466398
-18105.468750,-102.986577
-18093.750000,-103.886960
-18082.031250,-95.667283
-18070.312500,-94.648687
-18058.593750,-102.749383
-18046.875000,-102.862855
-18035.156250,-93.582805
-18023.437500,-94.201544
-18011.718750,-105.813806
-18000.000000,-99.517156
-17988.281250,-96.415543
-17976.562500,-100.706258
-17964.843750,-97.152300
-17953.125000,-97.446192
-17941.406250,-95.019036
-17929.687500,-102.579862
-17917.968750,-100.812809
-17906.250000,-99.078964
-17894.531250,-109.752595
-17882.812500,-116.042548
-17871.093750,-105.682334
-17859.375000,-100.794075
-17847.656250,-100.536357
-17835.937500,-115.087605
-17824.218750,-110.625369
-17812.500000,-104.528753
-17800.781250,-96.617963
-17789.062500,-96.586373
-17777.343750,-98.163658
-17765.625000,-101.173057
-17753.906250,-106.182632
-17742.187500,-113.441067
-17730.468750,-109.662238
-17718.750000,-106.093680
-17707.031250,-99.684478
-17695.312500,-99.451496
-17683.593750,-109.575509
-17671.875000,-113.922269
-17660.156250,-108.897535
-17648.437500,-105.740993
-17636.718750,-99.171771
-17625.000000,-105.606299
-17613.281250,-100.676064
-17601.562500,-101.401265
-17589.843750,-101.981627
-17578.125000,-105.363902
-17566.406250,-101.891470
-17554.687500,-102.859834
-17542.968750,-96.069336
-17531.250000,-104.995038
-17519.531250,-100.579825
-17507.812500,-104.809938
-17496.093750,-103.476477
-17484.375000,-101.883730
-17472.656250,-103.046696
-17460.937500,-101.997677
-17449.218750,-97.806342
-17437.500000,-94.451952
-17425.781250,-96.243879
-17414.062500,-115.898896
-17402.343750,-100.442221
-17390.625000,-102.316190
-17378.906250,-97.568873
-17367.187500,-94.156772
-17355.468750,-93.985027
-17343.750000,-100.813743
-17332.031250,-96.043463
-17320.312500,-99.057480
-17308.593750,-110.869220
-17296.875000,-133.346189
-17285.156250,-107.450822
-17273.437500,-102.885527
-17261.718750,-105.322666
-17250.000000,-106.876618
-17238.281250,-101.126475
-17226.562500,-101.182867
-17214.843750,-109.464782
-17203.125000,-105.314397
-17191.406250,-105.281755
-17179.687500,-98.480312
-17167.968750,-95.623602
-17156.250000,-96.613219
-17144.531250,-99.434523
-17132.812500,-104.537645
-17121.093750,-100.773652
-17109.375000,-104.661058
-17097.656250,-100.420489
-17085.937500,-93.373578
-17074.218750,-90.662316
-17062.500000,-94.586927
-17050.781250,-105.507797
-17039.062500,-93.215880
-17027.343750,-92.578586
-17015.625000,-113.654392
-17003.906250,-108.143892
-16992.187500,-94.786139
-16980.468750,-103.752357
-16968.750000,-103.938699
-16957.031250,-100.206625
-16945.312500,-98.517408
-16933.593750,-96.847879
-16921.875000,-100.807770
-16910.156250,-110.221926
-16898.437500,-100.940959
-16886.718750,-98.113279
-16875.000000,-98.233932
-16863.281250,-103.318176
-16851.562500,-100.220636
-16839.843750,-95.058199
-16828.125000,-95.174692
-16816.406250,-98.230114
-16804.687500,-105.566135
-16792.968750,-108.116503
-16781.250000,-105.416534
-16769.531250,-102.458605
-16757.812500,-100.916100
-16746.093750,-97.998253
-16734.375000,-103.135590
-16722.656250,-118.386997
-16710.937500,-106.771787
-16699.218750,-99.622711
-16687.500000,-98.050055
-16675.781250,-101.872513
-16664.062500,-103.118341
-16652.343750,-102.524150
-16640.625000,-107.255442
-16628.906250,-100.484216
-16617.187500,-100.132167
-16605.468750,-99.253531
-16593.750000,-107.511418
-16582.031250,-106.865665
-16570.312500,-107.851850
-16558.593750,-104.210251
-16546.875000,-102.653992
-16535.156250,-96.430731
-16523.437500,-102.123053
-16511.718750,-105.006204
-16500.000000,-107.497082
-16488.281250,-94.495046
-16476.562500,-91.557717
-16464.843750,-93.058714
-16453.125000,-94.709699
-16441.406250,-99.147566
-16429.687500,-94.756188
-16417.968750,-95.000120
-16406.250000,-106.044779
-16394.531250,-92.671398
-16382.812500,-87.468432
-16371.093750,-88.899360
-16359.375000,-91.333603
-16347.656250,-92.583693
-16335.937500,-98.679525
-16324.218750,-91.181930
-16312.500000,-90.824072
-16300.781250,-88.658500
-16289.062500,-90.134141
-16277.343750,-94.856354
-16265.625000,-97.976193
-16253.906250,-96.888676
-16242.187500,-89.235587
-16230.468750,-93.037772
-16218.750000,-93.466734
-16207.031250,-95.065907
-16195.312500,-111.686224
-16183.593750,-100.853305
-16171.875000,-91.815463
-16160.156250,-92.870095
-16148.437500,-89.378591
-16136.718750,-88.089255
-16125.000000,-88.296776
-16113.281250,-88.972744
-16101.562500,-98.017190
-16089.843750,-88.924417
-16078.125000,-83.190486
-16066.406250,-85.270890
-16054.687500,-99.962602
-16042.968750,-88.152597
-16031.250000,-80.525909
-16019.531250,-84.164916
-16007.812500,-91.075436
-15996.093750,-84.193152
-15984.375000,-84.781717
-15972.656250,-87.036120
-15960.937500,-87.992725
-15949.218750,-82.853878
-15937.500000,-84.696349
-15925.781250,-90.409120
-15914.062500,-88.530058
-15902.343750,-89.581335
-15890.625000,-116.630290
-15878.906250,-111.671312
-15867.187500,-96.807404
-15855.468750,-87.516823
-15843.750000,-91.651351
-15832.031250,-97.131830
-15820.312500,-89.335942
-15808.593750,-84.157752
-15796.875000,-81.448639
-15785.156250,-83.170905
-15773.437500,-86.101253
-15761.718750,-96.742990
-15750.000000,-101.192170
-15738.281250,-103.669809
-15726.562500,-94.256269
-15714.843750,-88.803654
-15703.125000,-87.081151
-15691.406250,-91.473207
-15679.687500,-102.094765
-15667.968750,-100.359648
-15656.250000,-96.671592
-15644.531250,-93.899128
-15632.812500,-89.582183
-15621.093750,-88.541657
-15609.375000,-83.344944
-15597.656250,-89.126859
-15585.937500,-101.362283
-15574.218750,-86.189390
-15562.500000,-87.959848
-15550.781250,-89.543531
-15539.062500,-88.497384
-15527.343750,-89.206883
-15515.625000,-85.471210
-15503.906250,-90.640273
-15492.187500,-90.168331
-15480.468750,-83.522867
-15468.750000,-84.943999
-15457.031250,-84.778304
-15445.312500,-84.554120
-15433.593750,-82.152157
-15421.875000,-87.534598
-15410.156250,-91.497800
-15398.437500,-92.745853
-15386.718750,-84.371983
-15375.000000,-82.278920
-15363.281250,-79.230090
-15351.562500,-82.120308
-15339.843750,-87.436975
-15328.125000,-81.283792
-15316.406250,-82.687267
-15304.687500,-86.877615
-15292.968750,-88.884205
-15281.250000,-92.921209
-15269.531250,-97.415208
-15257.812500,-89.212071
-15246.093750,-91.975008
-15234.375000,-88.694919
-15222.656250,-89.882545
-15210.937500,-100.412056
-15199.218750,-88.106943
-15187.500000,-86.814566
-15175.781250,-79.602072
-15164.062500,-79.929745
-15152.343750,-82.396907
-15140.625000,-87.571458
-15128.906250,-87.270990
-15117.187500,-84.823847
-15105.468750,-91.974072
-15093.750000,-84.803601
-15082.031250,-79.220378
-15070.312500,-77.333325
-15058.593750,-87.187640
-15046.875000,-87.423350
-15035.156250,-80.491198
-15023.437500,-86.231598
-15011.718750,-93.956238
-15000.000000,-86.377947
-14988.281250,-79.828484
-14976.562500,-83.559877
-14964.843750,-87.573774
-14953.125000,-84.424194
-14941.406250,-90.586507
-14929.687500,-82.190350
-14917.968750,-84.600905
-14906.250000,-81.435369
-14894.531250,-84.849759
-14882.812500,-80.792242
-14871.093750,-81.307130
-14859.375000,-85.544009
-14847.656250,-84.521903
-14835.937500,-82.575578
-14824.218750,-80.622798
-14812.500000,-79.363988
-14800.781250,-80.490802
-14789.062500,-83.367894
-14777.343750,-91.416478
-14765.625000,-85.255956
-14753.906250,-87.936498
-14742.187500,-87.288275
-14730.468750,-88.713904
-14718.750000,-86.533575
-14707.031250,-91.080258
-14695.312500,-91.567972
-14683.593750,-94.079275
-14671.875000,-91.065104
-14660.156250,-85.700548
-14648.437500,-95.042519
-14636.718750,-84.958021
-14625.000000,-87.423762
-14613.281250,-76.999155
-14601.562500,-76.211664
-14589.843750,-85.582084
-14578.125000,-79.861714
-14566.406250,-77.346449
-14554.687500,-82.768974
-14542.968750,-101.881875
-14531.250000,-86.855343
-14519.531250,-79.990272
-14507.812500,-78.129706
-14496.093750,-78.684904
-14484.375000,-74.051386
-14472.656250,-74.237678
-14460.937500,-77.844250
-14449.218750,-77.001682
-14437.500000,-90.110105
-14425.781250,-83.465930
-14414.062500,-85.670926
-14402.343750,-80.360010
-14390.625000,-77.939900
-14378.906250,-73.971061
-14367.187500,-75.302674
-14355.468750,-77.833000
-14343.750000,-79.512871
-14332.031250,-81.916113
-14320.312500,-79.485493
-14308.593750,-77.172713
-14296.875000,-76.091531
-14285.156250,-78.148606
-14273.437500,-78.316915
-14261.718750,-84.390180
-14250.000000,-80.677482
-14238.281250,-75.931811
-14226.562500,-78.517628
-14214.843750,-81.896093
-14203.125000,-95.999297
-14191.406250,-82.290097
-14179.687500,-88.813442
-14167.968750,-85.279184
-14156.250000,-90.240530
-14144.531250,-87.976204
-14132.812500,-80.415474
-14121.093750,-81.683830
-14109.375000,-82.434934
-14097.656250,-97.475586
-14085.937500,-78.038666
-14074.218750,-73.595419
-14062.500000,-77.478228
-14050.781250,-89.229056
-14039.062500,-77.616684
-14027.343750,-76.092542
-14015.625000,-86.708809
-14003.906250,-89.074583
-13992.187500,-80.082455
-13980.468750,-81.819116
-13968.750000,-83.564148
-13957.031250,-87.242922
-13945.312500,-81.896470
-13933.593750,-96.642348
-13921.875000,-85.648244
-13910.156250,-90.904019
-13898.437500,-99.429865
-13886.718750,-103.441121
-13875.000000,-97.699436
-13863.281250,-86.487678
-13851.562500,-81.721860
-13839.843750,-87.250004
-13828.125000,-97.256361
-13816.406250,-88.783759
-13804.687500,-84.170634
-13792.968750,-81.901001
-13781.250000,-83.076916
-13769.531250,-87.494168
-13757.812500,-99.532034
-13746.093750,-94.464173
-13734.375000,-95.005596
-13722.656250,-90.550015
-13710.937500,-89.569500
-13699.218750,-91.084006
-13687.500000,-89.608798
-13675.781250,-99.231669
-13664.062500,-105.128551
-13652.343750,-102.686163
-13640.625000,-94.431143
-13628.906250,-93.430083
-13617.187500,-87.021620
-13605.468750,-101.865347
-13593.750000,-89.548822
-13582.031250,-92.480084
-13570.312500,-91.673209
-13558.593750,-106.139017
-13546.875000,-91.146204
-13535.156250,-100.227098
-13523.437500,-87.050926
-13511.718750,-87.616405
-13500.000000,-89.231717
-13488.281250,-116.717680
-13476.562500,-90.691047
-13464.843750,-92.735253
-13453.125000,-91.439538
-13441.406250,-91.209986
-13429.687500,-94.370334
-13417.968750,-103.713850
-13406.250000,-109.142777
-13394.531250,-92.650062
-13382.812500,-91.950352
-13371.093750,-90.006981
-13359.375000,-86.743709
-13347.656250,-90.923886
-13335.937500,-98.493873
-13324.218750,-93.403259
-13312.500000,-98.572968
-13300.781250,-95.920420
-13289.062500,-96.251706
-13277.343750,-117.143523
-13265.625000,-95.065741
-13253.906250,-94.378286
-13242.187500,-100.681554
-13230.468750,-98.380375
-13218.750000,-99.993758
-13207.031250,-100.362233
-13195.312500,-97.813218
-13183.593750,-106.382557
-13171.875000,-98.751944
-13160.156250,-106.178088
-13148.437500,-104.307325
-13136.718750,-100.670770
-13125.000000,-93.496838
-13113.281250,-95.962124
-13101.562500,-99.800384
-13089.843750,-92.550383
-13078.125000,-89.401667
-13066.406250,-95.163714
-13054.687500,-99.136693
-13042.968750,-94.718951
-13031.250000,-92.676831
-13019.531250,-96.636709
-13007.812500,-92.677745
-12996.093750,-94.139447
-12984.375000,-98.268613
-12972.656250,-95.373697
-12960.937500,-105.015691
-12949.218750,-94.792542
-12937.500000,-96.431413
-12925.781250,-108.017571
-12914.062500,-96.947006
-12902.343750,-98.849512
-12890.625000,-102.424399
-12878.906250,-117.523786
-12867.187500,-108.841857
-12855.468750,-105.685011
-12843.750000,-102.507705
-12832.031250,-104.103346
-12820.312500,-118.007157
-12808.593750,-108.438546
-12796.875000,-105.136918
-12785.156250,-101.102124
-12773.437500,-99.080728
-12761.718750,-98.717531
-12750.000000,-96.519033
-12738.281250,-102.341439
-12726.562500,-103.381046
-12714.843750,-102.783811
-12703.125000,-105.367146
-12691.406250,-99.598990
-12679.687500,-98.736551
-12667.968750,-98.309783
-12656.250000,-97.616742
-12644.531250,-99.385580
-12632.812500,-105.215622
-12621.093750,-100.881785
-12609.375000,-106.838902
-12597.656250,-113.025703
-12585.937500,-108.325462
-12574.218750,-110.878644
-12562.500000,-111.996589
-12550.781250,-109.487013
-12539.062500,-101.265334
-12527.343750,-100.798287
-12515.625000,-101.736585
-12503.906250,-108.027914
-12492.187500,-108.116660
-12480.468750,-99.783338
-12468.750000,-103.388590
-12457.031250,-103.236429
-12445.312500,-100.544442
-12433.593750,-100.756990
-12421.875000,-113.223922
-12410.156250,-104.588631
-12398.437500,-107.912142
-12386.718750,-107.183089
-12375.000000,-106.948578
-12363.281250,-101.225851
-12351.562500,-102.357241
-12339.843750,-110.679922
-12328.125000,-103.817550
-12316.406250,-107.846610
-12304.687500,-104.539006
-12292.968750,-102.783479
-12281.250000,-105.897160
-12269.531250,-107.175511
-12257.812500,-105.870037
-12246.093750,-108.420335
-12234.375000,-110.633497
-12222.656250,-117.333639
-12210.937500,-111.268220
-12199.218750,-115.475639
-12187.500000,-111.479970
-12175.781250,-105.780020
-12164.062500,-105.522366
-12152.343750,-112.500862
-12140.625000,-116.314186
-12128.906250,-114.305692
-12117.187500,-124.274973
-12105.468750,-120.912167
-12093.750000,-120.077407
-12082.031250,-113.318934
-12070.312500,-111.425166
-12058.593750,-117.736445
-12046.875000,-124.300353
-12035.156250,-119.012025
-12023.437500,-123.996015
-12011.718750,-135.892694
-12000.000000,-174.776777
-11988.281250,-138.482315
-11976.562500,-132.663944
-11964.843750,-124.881851
-11953.125000,-119.773967
-11941.406250,-117.978160
-11929.687500,-114.601072
-11917.968750,-111.788942
-11906.250000,-111.476377
-11894.531250,-112.164638
-11882.812500,-110.808835
-11871.093750,-107.302245
-11859.375000,-111.204603
-11847.656250,-115.074028
-11835.937500,-114.639169
-11824.218750,-115.978832
-11812.500000,-112.237993
-11800.781250,-111.096163
-11789.062500,-112.256973
-11777.343750,-106.950096
-11765.625000,-104.388974
-11753.906250,-113.710776
-11742.187500,-106.670940
-11730.468750,-109.539409
-11718.750000,-119.168251
-11707.031250,-104.194825
-11695.312500,-100.869524
-11683.593750,-103.950125
-11671.875000,-120.958674
-11660.156250,-112.420567
-11648.437500,-103.622151
-11636.718750,-99.889941
-11625.000000,-104.990216
-11613.281250,-100.585720
-11601.562500,-99.869350
-11589.843750,-103.443382
-11578.125000,-104.091389
-11566.406250,-105.600415
-11554.687500,-103.674468
-11542.968750,-106.255254
-11531.250000,-119.140814
-11519.531250,-103.476638
-11507.812500,-97.718261
-11496.093750,-107.562968
-11484.375000,-98.279997
-11472.656250,-97.415351
-11460.937500,-99.039979
-11449.218750,-97.478774
-11437.500000,-100.740371
-11425.781250,-105.702761
-11414.062500,-103.446303
-11402.343750,-98.022396
-11390.625000,-105.744055
-11378.906250,-100.994944
-11367.187500,-100.318861
-11355.468750,-113.735241
-11343.750000,-98.489292
-11332.031250,-93.880811
-11320.312500,-93.973740
-11308.593750,-91.384704
-11296.875000,-90.993339
-11285.156250,-93.410924
-11273.437500,-99.042299
-11261.718750,-100.303425
-11250.000000,-94.790549
-11238.281250,-91.598805
-11226.562500,-101.974290
-11214.843750,-95.050431
-11203.125000,-100.077045
-11191.406250,-101.893544
-11179.687500,-93.749131
-11167.968750,-90.325241
-11156.250000,-87.261690
-11144.531250,-87.209793
-11132.812500,-89.972781
-11121.093750,-89.895376
-11109.375000,-91.588193
-11097.656250,-99.597140
-11085.937500,-88.190137
-11074.218750,-84.365836
-11062.500000,-88.023860
-11050.781250,-113.852649
-11039.062500,-86.295136
-11027.343750,-83.716831
-11015.625000,-94.200083
-11003.906250,-92.426299
-10992.187500,-84.762174
-10980.468750,-91.204163
-10968.750000,-91.477977
-10957.031250,-94.360831
-10945.312500,-87.238592
-10933.593750,-92.938503
-10921.875000,-101.389587
-10910.156250,-96.728778
-10898.437500,-112.575435
-10886.718750,-97.937440
-10875.000000,-95.639961
-10863.281250,-97.058849
-10851.562500,-92.843145
-10839.843750,-96.415366
-10828.125000,-96.572431
-10816.406250,-96.542386
-10804.687500,-95.647898
-10792.968750,-89.786946
-10781.250000,-88.438912
-10769.531250,-91.101382
-10757.812500,-95.220736
-10746.093750,-103.824498
-10734.375000,-108.751318
-10722.656250,-96.517239
-10710.937500,-98.570939
-10699.218750,-100.144536
-10687.500000,-103.601949
-10675.781250,-97.055345
-10664.062500,-93.489649
-10652.343750,-96.744808
-10640.625000,-97.027737
-10628.906250,-100.115264
-10617.187500,-97.306842
-10605.468750,-95.097755
-10593.750000,-106.217681
-10582.031250,-95.457999
-10570.312500,-103.984861
-10558.593750,-96.503126
-10546.875000,-95.213522
-10535.156250,-101.554006
-10523.437500,-95.263717
-10511.718750,-91.058722
-10500.000000,-98.349854
-10488.281250,-101.781298
-10476.562500,-101.312258
-10464.843750,-99.791831
-10453.125000,-108.133652
-10441.406250,-99.217061
-10429.687500,-97.489293
-10417.968750,-98.709780
-10406.250000,-93.781386
-10394.531250,-91.812574
-10382.812500,-90.749249
-10371.093750,-91.740803
-10359.375000,-95.855762
-10347.656250,-115.221173
-10335.937500,-93.948958
-10324.218750,-93.643563
-10312.500000,-98.450317
-10300.781250,-92.633298
-10289.062500,-92.434421
-10277.343750,-93.199191
-10265.625000,-98.058571
-10253.906250,-105.724479
-10242.187500,-96.194561
-10230.468750,-95.111714
-10218.750000,-93.924582
-10207.031250,-112.121662
-10195.312500,-94.391915
-10183.593750,-97.723297
-10171.875000,-95.996543
-10160.156250,-98.460535
-10148.437500,-92.896162
-10136.718750,-95.806492
-10125.000000,-91.313221
-10113.281250,-90.638273
-10101.562500,-101.804526
-10089.843750,-89.068040
-10078.125000,-84.370614
-10066.406250,-86.237958
-10054.687500,-103.679542
-10042.968750,-87.603928
-10031.250000,-83.069550
-10019.531250,-91.418792
-10007.812500,-107.159422
-9996.093750,-88.111352
-9984.375000,-89.126859
-9972.656250,-98.702669
-9960.937500,-96.527159
-9949.218750,-88.441585
-9937.500000,-89.936592
-9925.781250,-97.004937
-9914.062500,-98.781812
-9902.343750,-104.526376
-9890.625000,-103.836802
-9878.906250,-97.352096
-9867.187500,-99.107721
-9855.468750,-112.574058
-9843.750000,-99.599594
-9832.031250,-99.944018
-9820.312500,-95.379630
-9808.593750,-96.954825
-9796.875000,-101.842907
-9785.156250,-106.582036
-9773.437500,-117.936317
-9761.718750,-101.440254
-9750.000000,-102.713497
-9738.281250,-109.743409
-9726.562500,-113.878453
-9714.843750,-116.194951
-9703.125000,-118.067915
-9691.406250,-118.026803
-9679.687500,-113.724771
-9667.968750,-110.569204
-9656.250000,-111.745658
-9644.531250,-113.167414
-9632.812500,-116.104961
-9621.093750,-123.850245
-9609.375000,-129.950166
-9597.656250,-144.312908
-9585.937500,-154.461942
-9574.218750,-128.496582
-9562.500000,-123.591571
-9550.781250,-112.611164
-9539.062500,-109.187284
-9527.343750,-130.843192
-9515.625000,-104.467583
-9503.906250,-102.315742
-9492.187500,-105.678043
-9480.468750,-117.287598
-9468.750000,-112.522725
-9457.031250,-108.870146
-9445.312500,-105.244763
-9433.593750,-103.118632
-9421.875000,-106.792442
-9410.156250,-105.207490
-9398.437500,-100.536863
-9386.718750,-102.862392
-9375.000000,-109.991965
-9363.281250,-111.495880
-9351.562500,-110.826476
-9339.843750,-101.753404
-9328.125000,-97.277580
-9316.406250,-98.507859
-9304.687500,-97.198701
-9292.968750,-99.910591
-9281.250000,-100.754445
-9269.531250,-98.209294
-9257.812500,-96.638318
-9246.093750,-92.010742
-9234.375000,-94.884700
-9222.656250,-93.434029
-9210.937500,-93.812740
-9199.218750,-94.783643
-9187.500000,-89.631753
-9175.781250,-85.614485
-9164.062500,-83.950457
-9152.343750,-84.474638
-9140.625000,-92.370627
-9128.906250,-95.258495
-9117.187500,-85.174708
-9105.468750,-91.003684
-9093.750000,-85.211135
-9082.031250,-78.229720
-9070.312500,-77.345882
-9058.593750,-89.538973
-9046.875000,-82.620265
-9035.156250,-74.463788
-9023.437500,-75.816315
-9011.718750,-92.034692
-9000.000000,-81.776067
-8988.281250,-76.987598
-8976.562500,-84.581121
-8964.843750,-86.522034
-8953.125000,-78.676588
-8941.406250,-76.733200
-8929.687500,-82.969502
-8917.968750,-87.947313
-8906.250000,-89.550684
-8894.531250,-83.411160
-8882.812500,-80.886341
-8871.093750,-87.018399
-8859.375000,-83.019520
-8847.656250,-78.611065
-8835.937500,-86.649940
-8824.218750,-84.356014
-8812.500000,-80.775661
-8800.781250,-76.088768
-8789.062500,-74.068912
-8777.343750,-78.043371
-8765.625000,-85.640279
-8753.906250,-90.492231
-8742.187500,-89.124120
-8730.468750,-99.271197
-8718.750000,-93.643204
-8707.031250,-90.522471
-8695.312500,-102.753899
-8683.593750,-89.675118
-8671.875000,-100.974180
-8660.156250,-82.524945
-8648.437500,-80.319129
-8636.718750,-79.855823
-8625.000000,-85.497281
-8613.281250,-76.060317
-8601.562500,-84.392649
-8589.843750,-80.933368
-8578.125000,-84.903445
-8566.406250,-74.782480
-8554.687500,-91.697433
-8542.968750,-79.007443
-8531.250000,-81.756528
-8519.531250,-72.444438
-8507.812500,-74.739213
-8496.093750,-82.179600
-8484.375000,-77.288401
-8472.656250,-76.144549
-8460.937500,-75.415477
-8449.218750,-73.225762
-8437.500000,-76.546805
-8425.781250,-83.604503
-8414.062500,-83.401348
-8402.343750,-77.625155
-8390.625000,-78.745454
-8378.906250,-74.696298
-8367.187500,-73.995056
-8355.468750,-81.039669
-8343.750000,-78.885679
-8332.031250,-75.924518
-8320.312500,-70.692574
-8308.593750,-69.932976
-8296.875000,-70.884630
-8285.156250,-71.017087
-8273.437500,-73.795841
-8261.718750,-74.129392
-8250.000000,-89.136287
-8238.281250,-81.277064
-8226.562500,-71.185498
-8214.843750,-73.004427
-8203.125000,-80.811194
-8191.406250,-71.226770
-8179.687500,-70.737615
-8167.968750,-69.645844
-8156.250000,-66.769650
-8144.531250,-69.924174
-8132.812500,-77.947551
-8121.093750,-67.320787
-8109.375000,-65.296726
-8097.656250,-82.282064
-8085.937500,-64.318996
-8074.218750,-60.192530
-8062.500000,-66.995636
-8050.781250,-68.880435
-8039.062500,-60.906055
-8027.343750,-59.050029
-8015.625000,-75.085125
-8003.906250,-74.857729
-7992.187500,-60.467462
-7980.468750,-64.281486
-7968.750000,-63.836535
-7957.031250,-63.031535
-7945.312500,-61.190576
-7933.593750,-66.280289
-7921.875000,-68.700508
-7910.156250,-66.093381
-7898.437500,-67.068294
-7886.718750,-69.696558
-7875.000000,-66.324661
-7863.281250,-66.642853
-7851.562500,-61.230488
-7839.843750,-59.848115
-7828.125000,-62.881540
-7816.406250,-61.266892
-7804.687500,-59.364882
-7792.968750,-56.571289
-7781.250000,-61.773730
-7769.531250,-69.508707
-7757.812500,-65.546901
-7746.093750,-71.486527
-7734.375000,-76.271220
-7722.656250,-68.298580
-7710.937500,-69.723749
-7699.218750,-72.319528
-7687.500000,-63.046913
-7675.781250,-63.066886
-7664.062500,-73.338594
-7652.343750,-64.157255
-7640.625000,-58.271779
-7628.906250,-61.521197
-7617.187500,-58.143996
-7605.468750,-61.197214
-7593.750000,-61.718376
-7582.031250,-56.732319
-7570.312500,-53.701354
-7558.593750,-58.719916
-7546.875000,-65.623982
-7535.156250,-60.069068
-7523.437500,-50.326161
-7511.718750,-49.367641
-7500.000000,-50.776438
-7488.281250,-54.406616
-7476.562500,-51.719363
-7464.843750,-54.671009
-7453.125000,-52.278474
-7441.406250,-54.367316
-7429.687500,-66.627274
-7417.968750,-64.886966
-7406.250000,-63.572899
-7394.531250,-53.937339
-7382.812500,-49.733687
-7371.093750,-48.941471
-7359.375000,-50.247141
-7347.656250,-56.375148
-7335.937500,-53.701821
-7324.218750,-51.125432
-7312.500000,-49.986321
-7300.781250,-48.544909
-7289.062500,-49.586268
-7277.343750,-50.904624
-7265.625000,-55.181063
-7253.906250,-63.729880
-7242.187500,-51.364589
-7230.468750,-52.516276
-7218.750000,-55.936060
-7207.031250,-61.032795
-7195.312500,-54.967648
-7183.593750,-54.025856
-7171.875000,-47.368944
-7160.156250,-46.347992
-7148.437500,-49.567404
-7136.718750,-59.520260
-7125.000000,-50.545885
-7113.281250,-48.056934
-7101.562500,-65.836450
-7089.843750,-46.407957
-7078.125000,-39.738731
-7066.406250,-41.235296
-7054.687500,-58.086983
-7042.968750,-43.017649
-7031.250000,-38.894111
-7019.531250,-45.074956
-7007.812500,-57.547585
-6996.093750,-42.923539
-6984.375000,-43.763024
-6972.656250,-49.174767
-6960.937500,-52.243150
-6949.218750,-43.176235
-6937.500000,-45.039354
-6925.781250,-51.217808
-6914.062500,-49.984970
-6902.343750,-52.696637
-6890.625000,-50.649042
-6878.906250,-52.262044
-6867.187500,-60.898129
-6855.468750,-52.640324
-6843.750000,-49.936837
-6832.031250,-54.632078
-6820.312500,-63.469503
-6808.593750,-52.235336
-6796.875000,-48.406862
-6785.156250,-46.815301
-6773.437500,-49.171606
-6761.718750,-55.329178
-6750.000000,-53.912820
-6738.281250,-61.272025
-6726.562500,-61.693237
-6714.843750,-58.291625
-6703.125000,-63.356378
-6691.406250,-69.316103
-6679.687500,-64.619738
-6667.968750,-56.706557
-6656.250000,-54.591891
-6644.531250,-59.669081
-6632.812500,-57.479845
-6621.093750,-60.783140
-6609.375000,-82.596097
-6597.656250,-54.523285
-6585.937500,-56.468670
-6574.218750,-57.731192
-6562.500000,-56.541988
-6550.781250,-59.443581
-6539.062500,-56.858877
-6527.343750,-59.392266
-6515.625000,-52.859804
-6503.906250,-57.886341
-6492.187500,-57.460940
-6480.468750,-53.559453
-6468.750000,-57.186241
-6457.031250,-58.314636
-6445.312500,-64.155443
-6433.593750,-60.282971
-6421.875000,-56.596654
-6410.156250,-62.352205
-6398.437500,-60.586380
-6386.718750,-53.455708
-6375.000000,-51.796599
-6363.281250,-55.783905
-6351.562500,-56.972644
-6339.843750,-59.533395
-6328.125000,-60.939384
-6316.406250,-55.513637
-6304.687500,-59.775172
-6292.968750,-62.851170
-6281.250000,-61.616679
-6269.531250,-66.057782
-6257.812500,-72.565192
-6246.093750,-68.210361
-6234.375000,-60.413234
-6222.656250,-62.594513
-6210.937500,-69.423068
-6199.218750,-55.364082
-6187.500000,-56.636583
-6175.781250,-58.168945
-6164.062500,-58.548328
-6152.343750,-53.792702
-6140.625000,-60.556087
-6128.906250,-68.530450
-6117.187500,-54.645461
-6105.468750,-55.703963
-6093.750000,-60.434844
-6082.031250,-52.736924
-6070.312500,-51.008104
-6058.593750,-61.473841
-6046.875000,-55.841059
-6035.156250,-50.114440
-6023.437500,-54.832591
-6011.718750,-59.073177
-6000.000000,-67.977455
-5988.281250,-56.148202
-5976.562500,-62.674421
-5964.843750,-62.013481
-5953.125000,-75.010313
-5941.406250,-65.468441
-5929.687500,-65.481855
-5917.968750,-68.234212
-5906.250000,-65.783084
-5894.531250,-67.679024
-5882.812500,-62.909054
-5871.093750,-61.134827
-5859.375000,-60.752534
-5847.656250,-55.454896
-5835.937500,-54.688411
-5824.218750,-64.446689
-5812.500000,-82.666503
-5800.781250,-63.085344
-5789.062500,-57.029824
-5777.343750,-69.975540
-5765.625000,-63.782677
-5753.906250,-74.824133
-5742.187500,-65.296189
-5730.468750,-71.125894
-5718.750000,-64.790565
-5707.031250,-61.148756
-5695.312500,-59.049721
-5683.593750,-65.466341
-5671.875000,-63.609591
-5660.156250,-59.888628
-5648.437500,-58.057259
-5636.718750,-57.716055
-5625.000000,-73.683331
-5613.281250,-62.746962
-5601.562500,-64.402982
-5589.843750,-57.220139
-5578.125000,-54.994527
-5566.406250,-59.393424
-5554.687500,-62.379876
-5542.968750,-67.440762
-5531.250000,-65.176645
-5519.531250,-58.530361
-5507.812500,-57.846359
-5496.093750,-58.996549
-5484.375000,-70.288315
-5472.656250,-62.294013
-5460.937500,-59.909520
-5449.218750,-55.842093
-5437.500000,-56.715702
-5425.781250,-59.737926
-5414.062500,-59.811724
-5402.343750,-66.851162
-5390.625000,-73.818081
-5378.906250,-68.235608
-5367.187500,-55.899601
-5355.468750,-53.666992
-5343.750000,-62.132114
-5332.031250,-60.112631
-5320.312500,-58.437435
-5308.593750,-58.889663
-5296.875000,-58.430988
-5285.156250,-61.419039
-5273.437500,-65.301425
-5261.718750,-60.762780
-5250.000000,-55.587306
-5238.281250,-57.451180
-5226.562500,-70.241657
-5214.843750,-59.698203
-5203.125000,-76.308517
-5191.406250,-62.021053
-5179.687500,-57.505892
-5167.968750,-52.736703
-5156.250000,-52.363622
-5144.531250,-57.423001
-5132.812500,-64.813504
-5121.093750,-56.446690
-5109.375000,-57.731794
-5097.656250,-57.541688
-5085.937500,-50.789687
-5074.218750,-46.936817
-5062.500000,-49.642025
-5050.781250,-73.371820
-5039.062500,-47.050896
-5027.343750,-45.276003
-5015.625000,-56.078947
-5003.906250,-55.022248
-4992.187500,-46.816120
-4980.468750,-53.019699
-4968.750000,-58.154184
-4957.031250,-52.799411
-4945.312500,-48.602178
-4933.593750,-57.639314
-4921.875000,-56.152845
-4910.156250,-52.929068
-4898.437500,-63.342372
-4886.718750,-59.245018
-4875.000000,-63.642204
-4863.281250,-66.372523
-4851.562500,-59.872164
-4839.843750,-55.239991
-4828.125000,-55.632212
-4816.406250,-69.642073
-4804.687500,-57.777067
-4792.968750,-52.081660
-4781.250000,-49.668241
-4769.531250,-54.214377
-4757.812500,-57.925044
-4746.093750,-58.646836
-4734.375000,-64.699401
-4722.656250,-57.349464
-4710.937500,-56.540032
-4699.218750,-68.426116
-4687.500000,-63.714658
-4675.781250,-56.777341
-4664.062500,-53.474570
-4652.343750,-51.823498
-4640.625000,-58.298151
-4628.906250,-63.315580
-4617.187500,-55.984010
-4605.468750,-57.152726
-4593.750000,-53.480567
-4582.031250,-58.829340
-4570.312500,-54.526225
-4558.593750,-53.902949
-4546.875000,-56.136329
-4535.156250,-54.573184
-4523.437500,-57.683657
-4511.718750,-61.135334
-4500.000000,-60.876377
-4488.281250,-53.237921
-4476.562500,-54.081138
-4464.843750,-59.249324
-4453.125000,-56.933511
-4441.406250,-61.161681
-4429.687500,-54.878572
-4417.968750,-55.537689
-4406.250000,-60.382805
-4394.531250,-53.650584
-4382.812500,-47.883749
-4371.093750,-48.547924
-4359.375000,-53.954988
-4347.656250,-54.364010
-4335.937500,-58.878990
-4324.218750,-53.463727
-4312.500000,-52.035765
-4300.781250,-54.332697
-4289.062500,-58.582050
-4277.343750,-70.598397
-4265.625000,-69.654027
-4253.906250,-57.853426
-4242.187500,-57.958350
-4230.468750,-63.753764
-4218.750000,-67.863476
-4207.031250,-59.185622
-4195.312500,-50.694891
-4183.593750,-54.252430
-4171.875000,-54.284315
-4160.156250,-50.831629
-4148.437500,-49.319427
-4136.718750,-55.930234
-4125.000000,-61.601730
-4113.281250,-55.163664
-4101.562500,-56.453975
-4089.843750,-54.325309
-4078.125000,-54.083979
-4066.406250,-55.925004
-4054.687500,-59.428484
-4042.968750,-57.716951
-4031.250000,-60.380243
-4019.531250,-57.431223
-4007.812500,-52.487477
-3996.093750,-55.183530
-3984.375000,-58.772396
-3972.656250,-56.826375
-3960.937500,-62.702507
-3949.218750,-48.956470
-3937.500000,-50.702480
-3925.781250,-62.335205
-3914.062500,-59.361966
-3902.343750,-72.575475
-3890.625000,-58.109422
-3878.906250,-62.935441
-3867.187500,-64.253843
-3855.468750,-69.929270
-3843.750000,-59.416547
-3832.031250,-56.471249
-3820.312500,-56.948459
-3808.593750,-55.825259
-3796.875000,-56.406734
-3785.156250,-50.168317
-3773.437500,-53.434807
-3761.718750,-53.700691
-3750.000000,-49.880021
-3738.281250,-55.682066
-3726.562500,-66.027124
-3714.843750,-69.436939
-3703.125000,-56.354633
-3691.406250,-54.010924
-3679.687500,-52.076973
-3667.968750,-49.593382
-3656.250000,-51.788021
-3644.531250,-56.987180
-3632.812500,-52.360906
-3621.093750,-54.141804
-3609.375000,-65.753548
-3597.656250,-59.129989
-3585.937500,-50.491542
-3574.218750,-52.188701
-3562.500000,-63.221905
-3550.781250,-57.149112
-3539.062500,-62.188085
-3527.343750,-57.497031
-3515.625000,-54.114120
-3503.906250,-49.823324
-3492.187500,-57.719747
-3480.468750,-52.124891
-3468.750000,-58.793735
-3457.031250,-65.945935
-3445.312500,-54.350343
-3433.593750,-47.918154
-3421.875000,-45.935237
-3410.156250,-47.916387
-3398.437500,-48.413071
-3386.718750,-44.347479
-3375.000000,-47.731020
-3363.281250,-46.972600
-3351.562500,-46.140581
-3339.843750,-54.977140
-3328.125000,-44.904510
-3316.406250,-44.328152
-3304.687500,-44.255383
-3292.968750,-45.238301
-3281.250000,-46.650106
-3269.531250,-50.084648
-3257.812500,-50.302489
-3246.093750,-45.083250
-3234.375000,-54.445166
-3222.656250,-48.138886
-3210.937500,-49.897737
-3199.218750,-55.575276
-3187.500000,-48.686489
-3175.781250,-44.081894
-3164.062500,-43.573418
-3152.343750,-43.506151
-3140.625000,-48.617714
-3128.906250,-45.534614
-3117.187500,-41.639039
-3105.468750,-45.647405
-3093.750000,-41.247471
-3082.031250,-37.468885
-3070.312500,-36.471426
-3058.593750,-43.275276
-3046.875000,-41.245458
-3035.156250,-32.570158
-3023.437500,-35.720774
-3011.718750,-46.474281
-3000.000000,-39.463340
-2988.281250,-35.808643
-2976.562500,-43.431310
-2964.843750,-46.223739
-2953.125000,-40.345803
-2941.406250,-37.746687
-2929.687500,-44.528820
-2917.968750,-43.863528
-2906.250000,-44.275691
-2894.531250,-59.166362
-2882.812500,-49.319734
-2871.093750,-47.334115
-2859.375000,-49.055682
-2847.656250,-48.680365
-2835.937500,-50.779101
-2824.218750,-45.959963
-2812.500000,-52.919092
-2800.781250,-49.888148
-2789.062500,-44.040994
-2777.343750,-45.471792
-2765.625000,-45.768338
-2753.906250,-42.936213
-2742.187500,-46.474522
-2730.468750,-54.333401
-2718.750000,-50.199234
-2707.031250,-57.683429
-2695.312500,-57.508806
-2683.593750,-63.987989
-2671.875000,-56.780485
-2660.156250,-53.391455
-2648.437500,-50.225654
-2636.718750,-45.802772
-2625.000000,-47.433385
-2613.281250,-52.060236
-2601.562500,-48.932239
-2589.843750,-54.886242
-2578.125000,-57.620626
-2566.406250,-43.910839
-2554.687500,-48.120066
-2542.968750,-52.217105
-2531.250000,-50.388589
-2519.531250,-48.153649
-2507.812500,-46.382467
-2496.093750,-56.874371
-2484.375000,-43.782357
-2472.656250,-43.255442
-2460.937500,-44.137560
-2449.218750,-42.790055
-2437.500000,-49.305734
-2425.781250,-51.331289
-2414.062500,-57.441369
-2402.343750,-63.466604
-2390.625000,-47.619470
-2378.906250,-43.865102
-2367.187500,-47.865780
-2355.468750,-50.523276
-2343.750000,-49.317148
-2332.031250,-47.823621
-2320.312500,-49.113705
-2308.593750,-47.471241
-2296.875000,-44.061473
-2285.156250,-43.206198
-2273.437500,-48.128415
-2261.718750,-51.554041
-2250.000000,-50.434438
-2238.281250,-48.713867
-2226.562500,-49.887188
-2214.843750,-62.284035
-2203.125000,-52.651196
-2191.406250,-46.039508
-2179.687500,-47.219386
-2167.968750,-50.514413
-2156.250000,-48.112253
-2144.531250,-54.790622
-2132.812500,-72.646557
-2121.093750,-45.322942
-2109.375000,-43.973559
-2097.656250,-55.826075
-2085.937500,-42.230764
-2074.218750,-38.870229
-2062.500000,-42.478732
-2050.781250,-55.414364
-2039.062500,-42.088755
-2027.343750,-41.545527
-2015.625000,-57.447493
-2003.906250,-64.968800
-1992.187500,-51.759375
-1980.468750,-60.885964
-1968.750000,-53.746649
-1957.031250,-54.254188
-1945.312500,-51.648913
-1933.593750,-58.322581
-1921.875000,-59.250240
-1910.156250,-47.969103
-1898.437500,-55.198279
-1886.718750,-48.363806
-1875.000000,-69.523989
-1863.281250,-50.543774
-1851.562500,-56.759260
-1839.843750,-51.041223
-1828.125000,-56.937256
-1816.406250,-49.963049
-1804.687500,-48.305696
-1792.968750,-56.039422
-1781.250000,-49.265278
-1769.531250,-48.217812
-1757.812500,-56.396676
-1746.093750,-44.997518
-1734.375000,-43.212007
-1722.656250,-43.599303
-1710.937500,-48.436227
-1699.218750,-47.244745
-1687.500000,-41.869584
-1675.781250,-42.063141
-1664.062500,-43.209563
-1652.343750,-43.800186
-1640.625000,-54.648447
-1628.906250,-48.105318
-1617.187500,-48.035309
-1605.468750,-46.107325
-1593.750000,-55.074862
-1582.031250,-49.393618
-1570.312500,-49.366429
-1558.593750,-48.571918
-1546.875000,-43.733121
-1535.156250,-54.655707
-1523.437500,-41.906717
-1511.718750,-42.975160
-1500.000000,-44.518899
-1488.281250,-48.487777
-1476.562500,-49.740001
-1464.843750,-55.014421
-1453.125000,-49.376572
-1441.406250,-43.875358
-1429.687500,-47.949365
-1417.968750,-41.598801
-1406.250000,-39.772173
-1394.531250,-39.698643
-1382.812500,-39.624419
-1371.093750,-38.966586
-1359.375000,-35.873488
-1347.656250,-39.375184
-1335.937500,-37.285223
-1324.218750,-33.645382
-1312.500000,-38.494098
-1300.781250,-41.303781
-1289.062500,-41.166343
-1277.343750,-39.939306
-1265.625000,-41.242668
-1253.906250,-36.862262
-1242.187500,-36.944059
-1230.468750,-50.778899
-1218.750000,-39.369227
-1207.031250,-50.893798
-1195.312500,-38.447254
-1183.593750,-39.697406
-1171.875000,-34.116490
-1160.156250,-32.674675
-1148.437500,-37.710634
-1136.718750,-52.886468
-1125.000000,-36.254196
-1113.281250,-31.863662
-1101.562500,-45.010506
-1089.843750,-32.819105
-1078.125000,-27.487350
-1066.406250,-28.223269
-1054.687500,-38.354824
-1042.968750,-33.376950
-1031.250000,-27.367804
-1019.531250,-35.388901
-1007.812500,-44.207484
-996.093750,-30.699190
-984.375000,-31.148233
-972.656250,-34.406482
-960.937500,-37.697757
-949.218750,-32.641545
-937.500000,-34.907306
-925.781250,-43.712766
-914.062500,-39.814974
-902.343750,-38.989430
-890.625000,-42.530180
-878.906250,-42.824008
-867.187500,-43.921429
-855.468750,-38.200387
-843.750000,-56.851817
-832.031250,-35.220443
-820.312500,-38.630072
-808.593750,-53.328877
-796.875000,-36.964230
-785.156250,-30.901211
-773.437500,-35.773164
-761.718750,-46.795414
-750.000000,-44.440088
-738.281250,-44.918622
-726.562500,-41.980614
-714.843750,-37.421158
-703.125000,-39.689449
-691.406250,-39.379572
-679.687500,-33.191975
-667.968750,-30.256754
-656.250000,-28.747899
-644.531250,-32.731386
-632.812500,-36.310105
-621.093750,-32.010072
-609.375000,-31.128602
-597.656250,-37.895655
-585.937500,-37.531765
-574.218750,-37.583555
-562.500000,-32.694494
-550.781250,-37.426909
-539.062500,-33.673662
-527.343750,-28.513334
-515.625000,-30.575212
-503.906250,-39.223537
-492.187500,-41.159455
-480.468750,-30.400983
-468.750000,-29.832337
-457.031250,-32.938077
-445.312500,-32.690643
-433.593750,-32.359821
-421.875000,-30.712536
-410.156250,-27.826578
-398.437500,-30.839686
-386.718750,-27.958456
-375.000000,-25.935296
-363.281250,-31.159334
-351.562500,-36.141127
-339.843750,-34.390682
-328.125000,-35.639401
-316.406250,-35.591170
-304.687500,-27.674695
-292.968750,-24.315921
-281.250000,-22.711976
-269.531250,-24.742923
-257.812500,-31.559938
-246.093750,-36.628785
-234.375000,-34.459062
-222.656250,-40.192482
-210.937500,-39.262709
-199.218750,-29.003817
-187.500000,-27.624779
-175.781250,-25.039720
-164.062500,-25.626656
-152.343750,-24.172971
-140.625000,-24.697580
-128.906250,-35.173099
-117.187500,-26.267089
-105.468750,-33.144481
-93.750000,-22.667326
-82.031250,-15.556845
-70.312500,-13.665029
-58.593750,-21.319240
-46.875000,-20.418668
-35.156250,-11.948070
-23.437500,-14.051711
-11.718750,-22.933784
0.000000,-15.034193
11.718750,-14.034917
23.437500,-22.751127
35.156250,-32.813878
46.875000,-18.421736
58.593750,-15.769663
70.312500,-20.343782
82.031250,-26.067446
93.750000,-26.503260
105.468750,-23.948295
117.187500,-24.033150
128.906250,-45.147044
140.625000,-27.467277
152.343750,-23.630319
164.062500,-23.333225
175.781250,-28.069292
187.500000,-31.236614
199.218750,-33.034529
210.937500,-36.434438
222.656250,-28.009563
234.375000,-30.177375
246.093750,-29.550033
257.812500,-26.546787
269.531250,-28.275386
281.250000,-29.396826
292.968750,-33.539916
304.687500,-27.483089
316.406250,-23.960221
328.125000,-27.262230
339.843750,-28.565619
351.562500,-29.483247
363.281250,-29.763099
375.000000,-33.312207
386.718750,-33.532563
398.437500,-38.816228
410.156250,-38.112556
421.875000,-38.003244
433.593750,-41.853848
445.312500,-34.674654
457.031250,-33.443169
468.750000,-36.427790
480.468750,-28.198295
492.187500,-28.869217
503.906250,-29.842257
515.625000,-40.075026
527.343750,-50.204408
539.062500,-37.036251
550.781250,-38.155561
562.500000,-35.277574
574.218750,-32.704532
585.937500,-32.996163
597.656250,-32.012102
609.375000,-32.663324
621.093750,-35.101170
632.812500,-35.406493
644.531250,-30.982861
656.250000,-43.311838
667.968750,-28.007153
679.687500,-26.976833
691.406250,-30.989525
703.125000,-37.428786
714.843750,-42.625023
726.562500,-41.176949
738.281250,-42.380431
750.000000,-32.943841
761.718750,-34.675938
773.437500,-41.975527
785.156250,-37.452104
796.875000,-42.621784
808.593750,-34.596113
820.312500,-39.290778
832.031250,-32.825722
843.750000,-32.456019
855.468750,-41.224715
867.187500,-46.179643
878.906250,-32.400072
890.625000,-33.198013
902.343750,-37.916162
914.062500,-29.651707
925.781250,-26.394532
937.500000,-29.605832
949.218750,-45.534039
960.937500,-28.562490
972.656250,-27.001281
984.375000,-38.174727
996.093750,-35.060308
1007.812500,-29.213299
1019.531250,-35.862414
1031.250000,-39.021427
1042.968750,-39.797176
1054.687500,-31.965205
1066.406250,-36.043699
1078.125000,-54.957989
1089.843750,-39.489616
1101.562500,-44.046308
1113.281250,-41.641691
1125.000000,-45.248691
1136.718750,-44.711241
1148.437500,-39.939079
1160.156250,-54.271163
1171.875000,-37.348628
1183.593750,-37.932124
1195.312500,-48.227944
1207.031250,-39.487398
1218.750000,-37.101018
1230.468750,-47.473626
1242.187500,-51.296543
1253.906250,-57.101685
1265.625000,-46.231261
1277.343750,-41.168853
1289.062500,-40.615747
1300.781250,-42.105809
1312.500000,-42.783026
1324.218750,-38.103985
1335.937500,-36.447760
1347.656250,-37.576590
1359.375000,-41.301485
1371.093750,-41.185484
1382.812500,-39.236009
1394.531250,-41.501274
1406.250000,-53.177470
1417.968750,-46.412138
1429.687500,-44.800859
1441.406250,-44.820255
1453.125000,-44.321042
1464.843750,-40.382718
1476.562500,-36.697211
1488.281250,-40.001354
1500.000000,-45.128619
1511.718750,-54.765772
1523.437500,-41.328835
1535.156250,-40.231787
1546.875000,-41.902008
1558.593750,-44.097418
1570.312500,-43.270074
1582.031250,-42.942280
1593.750000,-39.259014
1605.468750,-57.443174
1617.187500,-39.622502
1628.906250,-40.192074
1640.625000,-44.159921
1652.343750,-45.796982
1664.062500,-43.114829
1675.781250,-46.988630
1687.500000,-46.149035
1699.218750,-49.150722
1710.937500,-42.833566
1722.656250,-38.187068
1734.375000,-39.913676
1746.093750,-50.655273
1757.812500,-53.242971
1769.531250,-55.084335
1781.250000,-53.981078
1792.968750,-48.590318
1804.687500,-47.035727
1816.406250,-49.861666
1828.125000,-49.074795
1839.843750,-55.440536
1851.562500,-45.847670
1863.281250,-46.985889
1875.000000,-55.912831
1886.718750,-52.099317
1898.437500,-48.997733
1910.156250,-42.551046
1921.875000,-41.198286
1933.593750,-43.973788
1945.312500,-58.390756
1957.031250,-44.782210
1968.750000,-43.013615
1980.468750,-50.680779
1992.187500,-44.651867
2003.906250,-40.029489
2015.625000,-47.457361
2027.343750,-47.687194
2039.062500,-54.496352
2050.781250,-44.158538
2062.500000,-45.352987
2074.218750,-57.264684
2085.937500,-48.383812
2097.656250,-46.603612
2109.375000,-50.337431
2121.093750,-48.071282
2132.812500,-46.451242
2144.531250,-46.249471
2156.250000,-43.002726
2167.968750,-45.633182
2179.687500,-53.372623
2191.406250,-46.046119
2203.125000,-43.943410
2214.843750,-44.782373
2226.562500,-47.651762
2238.281250,-50.875736
2250.000000,-49.439382
2261.718750,-49.284848
2273.437500,-44.774231
2285.156250,-47.838408
2296.875000,-49.733699
2308.593750,-40.543470
2320.312500,-39.943591
2332.031250,-43.168777
2343.750000,-41.140412
2355.468750,-45.671606
2367.187500,-59.156385
2378.906250,-45.806035
2390.625000,-46.490968
2402.343750,-45.768092
2414.062500,-40.980698
2425.781250,-42.741713
2437.500000,-52.049113
2449.218750,-47.321563
2460.937500,-49.359962
2472.656250,-52.342072
2484.375000,-43.145258
2496.093750,-39.792815
2507.812500,-40.655765
2519.531250,-45.752074
2531.250000,-48.111480
2542.968750,-48.952266
2554.687500,-66.973599
2566.406250,-61.304092
2578.125000,-51.943676
2589.843750,-45.841003
2601.562500,-41.728411
2613.281250,-43.291471
2625.000000,-46.257865
2636.718750,-47.782787
2648.437500,-45.370752
2660.156250,-46.727061
2671.875000,-38.048090
2683.593750,-39.593821
2695.312500,-42.414281
2707.031250,-44.300803
2718.750000,-40.511690
2730.468750,-41.610843
2742.187500,-48.451694
2753.906250,-47.980840
2765.625000,-52.756865
2777.343750,-47.781676
2789.062500,-50.882045
2800.781250,-63.185897
2812.500000,-53.259302
2824.218750,-46.971967
2835.937500,-42.930952
2847.656250,-47.032474
2859.375000,-49.938171
2871.093750,-45.922900
2882.812500,-39.772284
2894.531250,-44.973145
2906.250000,-42.103043
2917.968750,-37.324516
2929.687500,-36.012395
2941.406250,-40.891317
2953.125000,-47.172266
2964.843750,-34.363472
2976.562500,-37.080789
2988.281250,-41.934098
3000.000000,-36.565678
3011.718750,-35.214566
3023.437500,-42.983552
3035.156250,-49.616324
3046.875000,-42.126234
3058.593750,-38.412227
3070.312500,-42.693927
3082.031250,-51.018506
3093.750000,-43.279294
3105.468750,-51.738841
3117.187500,-57.616230
3128.906250,-52.444664
3140.625000,-57.709043
3152.343750,-48.199875
3164.062500,-48.722023
3175.781250,-53.891273
3187.500000,-46.915477
3199.218750,-60.332990
3210.937500,-47.069603
3222.656250,-44.300597
3234.375000,-51.072702
3246.093750,-60.118721
3257.812500,-59.350407
3269.531250,-57.687470
3281.250000,-54.924011
3292.968750,-52.304682
3304.687500,-49.441656
3316.406250,-48.819714
3328.125000,-46.353533
3339.843750,-43.273439
3351.562500,-45.047924
3363.281250,-50.626808
3375.000000,-53.996858
3386.718750,-59.320031
3398.437500,-55.519112
3410.156250,-52.656441
3421.875000,-51.202448
3433.593750,-51.508951
3445.312500,-48.646450
3457.031250,-50.728224
3468.750000,-53.123281
3480.468750,-55.003024
3492.187500,-72.227504
3503.906250,-54.783341
3515.625000,-51.887297
3527.343750,-49.850325
3539.062500,-50.875650
3550.781250,-54.364038
3562.500000,-59.096605
3574.218750,-48.466003
3585.937500,-45.603204
3597.656250,-46.100004
3609.375000,-51.210383
3621.093750,-51.002671
3632.812500,-60.290700
3644.531250,-57.291243
3656.250000,-54.609784
3667.968750,-59.030927
3679.687500,-58.786290
3691.406250,-56.210380
3703.125000,-50.480894
3714.843750,-45.609183
3726.562500,-45.702642
3738.281250,-53.338291
3750.000000,-60.717028
3761.718750,-63.175918
3773.437500,-57.578576
3785.156250,-56.739591
3796.875000,-59.952844
3808.593750,-55.039448
3820.312500,-59.924370
3832.031250,-63.151462
3843.750000,-59.235850
3855.468750,-54.306824
3867.187500,-58.293931
3878.906250,-51.084087
3890.625000,-50.914019
3902.343750,-57.169637
3914.062500,-52.687500
3925.781250,-50.905589
3937.500000,-55.159023
3949.218750,-56.430697
3960.937500,-58.658566
3972.656250,-53.243118
3984.375000,-54.464741
3996.093750,-50.733845
4007.812500,-50.813584
4019.531250,-61.543217
4031.250000,-54.806009
4042.968750,-69.128669
4054.687500,-58.014215
4066.406250,-57.759842
4078.125000,-62.444892
4089.843750,-55.264317
4101.562500,-59.614024
4113.281250,-62.706419
4125.000000,-74.318982
4136.718750,-63.707671
4148.437500,-54.383312
4160.156250,-53.141394
4171.875000,-53.256269
4183.593750,-56.003742
4195.312500,-54.730319
4207.031250,-50.430395
4218.750000,-49.699627
4230.468750,-49.758197
4242.187500,-54.288525
4253.906250,-61.782653
4265.625000,-61.013871
4277.343750,-51.758762
4289.062500,-52.804095
4300.781250,-51.813648
4312.500000,-49.247979
4324.218750,-55.050342
4335.937500,-53.998391
4347.656250,-50.537327
4359.375000,-49.497362
4371.093750,-57.157687
4382.812500,-53.331476
4394.531250,-54.225952
4406.250000,-55.205463
4417.968750,-54.120934
4429.687500,-55.256512
4441.406250,-54.920739
4453.125000,-53.195562
4464.843750,-59.882236
4476.562500,-49.960572
4488.281250,-48.864773
4500.000000,-47.148745
4511.718750,-50.190521
4523.437500,-61.221183
4535.156250,-60.830782
4546.875000,-56.410610
4558.593750,-56.186591
4570.312500,-53.251588
4582.031250,-56.643784
4593.750000,-57.240984
4605.468750,-52.665954
4617.187500,-54.095440
4628.906250,-60.912943
4640.625000,-55.107511
4652.343750,-57.313588
4664.062500,-53.370380
4675.781250,-48.417625
4687.500000,-50.144375
4699.218750,-54.231965
4710.937500,-65.545156
4722.656250,-56.836987
4734.375000,-59.907120
4746.093750,-57.780138
4757.812500,-56.768280
4769.531250,-67.892073
4781.250000,-57.453202
4792.968750,-72.348256
4804.687500,-59.531989
4816.406250,-75.962711
4828.125000,-55.335785
4839.843750,-53.972278
4851.562500,-63.143584
4863.281250,-59.686391
4875.000000,-57.229944
4886.718750,-55.500670
4898.437500,-57.805785
4910.156250,-52.227819
4921.875000,-48.015540
4933.593750,-48.558912
4945.312500,-57.173132
4957.031250,-52.493664
4968.750000,-46.489176
4980.468750,-53.532192
4992.187500,-54.692638
5003.906250,-45.878412
5015.625000,-47.794331
5027.343750,-54.264265
5039.062500,-59.537866
5050.781250,-50.336494
5062.500000,-49.779803
5074.218750,-55.855005
5085.937500,-57.463200
5097.656250,-57.930874
5109.375000,-58.705384
5121.093750,-72.049341
5132.812500,-66.425383
5144.531250,-78.345512
5156.250000,-63.187001
5167.968750,-73.617177
5179.687500,-58.310676
5191.406250,-58.524465
5203.125000,-64.436683
5214.843750,-60.792631
5226.562500,-62.928528
5238.281250,-64.475990
5250.000000,-63.407459
5261.718750,-68.255844
5273.437500,-69.699905
5285.156250,-63.522854
5296.875000,-59.451931
5308.593750,-59.850079
5320.312500,-59.852719
5332.031250,-55.666607
5343.750000,-54.935242
5355.468750,-59.448003
5367.187500,-60.198300
5378.906250,-58.622855
5390.625000,-65.918821
5402.343750,-80.911014
5414.062500,-63.078547
5425.781250,-64.230850
5437.500000,-64.671952
5449.218750,-57.802626
5460.937500,-57.451940
5472.656250,-56.407053
5484.375000,-53.990279
5496.093750,-62.167992
5507.812500,-64.308745
5519.531250,-61.022697
5531.250000,-61.523651
5542.968750,-61.729153
5554.687500,-70.719480
5566.406250,-62.825825
5578.125000,-56.978859
5589.843750,-50.085345
5601.562500,-52.756850
5613.281250,-69.229850
5625.000000,-61.944783
5636.718750,-68.324621
5648.437500,-57.243720
5660.156250,-59.452911
5671.875000,-57.511852
5683.593750,-55.449506
5695.312500,-57.300765
5707.031250,-62.120340
5718.750000,-54.003043
5730.468750,-54.915715
5742.187500,-68.542876
5753.906250,-56.286236
5765.625000,-58.680762
5777.343750,-61.156713
5789.062500,-61.726048
5800.781250,-65.875426
5812.500000,-68.334542
5824.218750,-56.835849
5835.937500,-56.196926
5847.656250,-52.887907
5859.375000,-55.956388
5871.093750,-57.535794
5882.812500,-53.950927
5894.531250,-52.822395
5906.250000,-52.217692
5917.968750,-52.780398
5929.687500,-51.643837
5941.406250,-52.487978
5953.125000,-67.030518
5964.843750,-48.438059
5976.562500,-49.277797
5988.281250,-53.820479
6000.000000,-47.887286
6011.718750,-48.864580
6023.437500,-77.157575
6035.156250,-65.415672
6046.875000,-52.242301
6058.593750,-51.894861
6070.312500,-62.222596
6082.031250,-54.903422
6093.750000,-55.303037
6105.468750,-56.642516
6117.187500,-59.042007
6128.906250,-75.509708
6140.625000,-61.973885
6152.343750,-57.564523
6164.062500,-78.565820
6175.781250,-58.763965
6187.500000,-62.964991
6199.218750,-57.497907
6210.937500,-50.250181
6222.656250,-47.549122
6234.375000,-51.103638
6246.093750,-56.711411
6257.812500,-57.768311
6269.531250,-54.335653
6281.250000,-51.326513
6292.968750,-54.435002
6304.687500,-53.090934
6316.406250,-51.383598
6328.125000,-52.034481
6339.843750,-49.568630
6351.562500,-47.566791
6363.281250,-50.367799
6375.000000,-62.035758
6386.718750,-52.951595
6398.437500,-53.185961
6410.156250,-50.897762
6421.875000,-51.286801
6433.593750,-59.934354
6445.312500,-52.684209
6457.031250,-54.162943
6468.750000,-57.601699
6480.468750,-55.020078
6492.187500,-50.162701
6503.906250,-47.149541
6515.625000,-52.680601
6527.343750,-76.621010
6539.062500,-58.331597
6550.781250,-59.520804
6562.500000,-54.586588
6574.218750,-54.035585
6585.937500,-63.185989
6597.656250,-52.693787
6609.375000,-47.669735
6621.093750,-49.739193
6632.812500,-57.523090
6644.531250,-54.382712
6656.250000,-63.904607
6667.968750,-54.288155
6679.687500,-51.975403
6691.406250,-50.906956
6703.125000,-54.633397
6714.843750,-61.535591
6726.562500,-54.646432
6738.281250,-54.758712
6750.000000,-51.122109
6761.718750,-55.624220
6773.437500,-58.458112
6785.156250,-56.818295
6796.875000,-54.281528
6808.593750,-54.285949
6820.312500,-53.288271
6832.031250,-54.747860
6843.750000,-54.861390
6855.468750,-48.879621
6867.187500,-53.107953
6878.906250,-54.747773
6890.625000,-53.328989
6902.343750,-51.719505
6914.062500,-50.109920
6925.781250,-44.537028
6937.500000,-43.961196
6949.218750,-50.607607
6960.937500,-42.971035
6972.656250,-40.959760
6984.375000,-47.321350
6996.093750,-45.268390
7007.812500,-40.956752
7019.531250,-47.084453
7031.250000,-48.675604
7042.968750,-51.130746
7054.687500,-45.265565
7066.406250,-47.401821
7078.125000,-55.586755
7089.843750,-45.454156
7101.562500,-49.938569
7113.281250,-53.637371
7125.000000,-60.105972
7136.718750,-55.954452
7148.437500,-50.210982
7160.156250,-53.640317
7171.875000,-49.689121
7183.593750,-51.408605
7195.312500,-50.902742
7207.031250,-50.204223
7218.750000,-49.752984
7230.468750,-54.753919
7242.187500,-59.781852
7253.906250,-62.923276
7265.625000,-52.853443
7277.343750,-47.816494
7289.062500,-48.754466
7300.781250,-55.328263
7312.500000,-52.730851
7324.218750,-50.930345
7335.937500,-51.717361
7347.656250,-52.156667
7359.375000,-54.720333
7371.093750,-60.325621
7382.812500,-53.086619
7394.531250,-52.607899
7406.250000,-59.206501
7417.968750,-69.222554
7429.687500,-64.558673
7441.406250,-57.410475
7453.125000,-50.438162
7464.843750,-54.428107
7476.562500,-54.090647
7488.281250,-52.422665
7500.000000,-56.869010
7511.718750,-67.270220
7523.437500,-71.503261
7535.156250,-59.355148
7546.875000,-65.009578
7558.593750,-64.165466
7570.312500,-55.994538
7582.031250,-56.583446
7593.750000,-51.033742
7605.468750,-56.388066
7617.187500,-71.747112
7628.906250,-75.505129
7640.625000,-59.465454
7652.343750,-58.194663
7664.062500,-61.974172
7675.781250,-57.914111
7687.500000,-56.611945
7699.218750,-58.031260
7710.937500,-65.618049
7722.656250,-63.867412
7734.375000,-67.763519
7746.093750,-65.491246
7757.812500,-59.893068
7769.531250,-65.089383
7781.250000,-69.665285
7792.968750,-79.377022
7804.687500,-65.658220
7816.406250,-69.394788
7828.125000,-58.054883
7839.843750,-59.366146
7851.562500,-58.225046
7863.281250,-62.594720
7875.000000,-63.336661
7886.718750,-63.045682
7898.437500,-58.079821
7910.156250,-56.396047
7921.875000,-55.799491
7933.593750,-55.203942
7945.312500,-63.492418
7957.031250,-57.935461
7968.750000,-52.340209
7980.468750,-56.384696
7992.187500,-58.990270
8003.906250,-53.606936
8015.625000,-58.739253
8027.343750,-72.650994
8039.062500,-67.778900
8050.781250,-58.514632
8062.500000,-60.019814
8074.218750,-69.086005
8085.937500,-65.383979
8097.656250,-82.457647
8109.375000,-66.643508
8121.093750,-71.222218
8132.812500,-84.350258
8144.531250,-75.517022
8156.250000,-90.819316
8167.968750,-67.569829
8179.687500,-66.338328
8191.406250,-73.940124
8203.125000,-69.625628
8214.843750,-62.002642
8226.562500,-62.305112
8238.281250,-67.752261
8250.000000,-70.383034
8261.718750,-69.862757
8273.437500,-67.976985
8285.156250,-67.581661
8296.875000,-71.529057
8308.593750,-69.732270
8320.312500,-67.798401
8332.031250,-70.280594
8343.750000,-68.120098
8355.468750,-66.812615
8367.187500,-74.626160
8378.906250,-75.458997
8390.625000,-74.586168
8402.343750,-73.544184
8414.062500,-70.500353
8425.781250,-74.476840
8437.500000,-74.865351
8449.218750,-72.038942
8460.937500,-78.562046
8472.656250,-78.726728
8484.375000,-75.849576
8496.093750,-72.496613
8507.812500,-70.152740
8519.531250,-76.294166
8531.250000,-90.072309
8542.968750,-86.300823
8554.687500,-88.360120
8566.406250,-75.994581
8578.125000,-77.753152
8589.843750,-81.255922
8601.562500,-76.067198
8613.281250,-69.814449
8625.000000,-72.674292
8636.718750,-81.856982
8648.437500,-80.451108
8660.156250,-81.635288
8671.875000,-75.816938
8683.593750,-74.913649
8695.312500,-80.777094
8707.031250,-89.495351
8718.750000,-79.045804
8730.468750,-77.870049
8742.187500,-78.075524
8753.906250,-76.497185
8765.625000,-83.894331
8777.343750,-85.189554
8789.062500,-83.471803
8800.781250,-78.036883
8812.500000,-77.577677
8824.218750,-80.989669
8835.937500,-85.957299
8847.656250,-77.691126
8859.375000,-75.934934
8871.093750,-82.789676
8882.812500,-81.636366
8894.531250,-88.138760
8906.250000,-82.401853
8917.968750,-77.375414
8929.687500,-75.573884
8941.406250,-78.805072
8953.125000,-78.895649
8964.843750,-72.447829
8976.562500,-74.340581
8988.281250,-79.474898
9000.000000,-75.774667
9011.718750,-76.057792
9023.437500,-84.406849
9035.156250,-86.651705
9046.875000,-84.491569
9058.593750,-79.562303
9070.312500,-87.763642
9082.031250,-88.086370
9093.750000,-83.786533
9105.468750,-87.561756
9117.187500,-102.577680
9128.906250,-95.540383
9140.625000,-95.010732
9152.343750,-93.458570
9164.062500,-94.477319
9175.781250,-85.067513
9187.500000,-85.942630
9199.218750,-93.590190
9210.937500,-89.822956
9222.656250,-88.471183
9234.375000,-94.528731
9246.093750,-102.483088
9257.812500,-105.595029
9269.531250,-95.891090
9281.250000,-93.882004
9292.968750,-99.911018
9304.687500,-93.017028
9316.406250,-90.740564
9328.125000,-91.944160
9339.843750,-92.101084
9351.562500,-93.756617
9363.281250,-97.755432
9375.000000,-102.313018
9386.718750,-96.360621
9398.437500,-99.353516
9410.156250,-99.534358
9421.875000,-98.962537
9433.593750,-104.616907
9445.312500,-106.370239
9457.031250,-99.202730
9468.750000,-104.640696
9480.468750,-108.265211
9492.187500,-101.300560
9503.906250,-100.547919
9515.625000,-106.158950
9527.343750,-109.385789
9539.062500,-110.538273
9550.781250,-117.672260
9562.500000,-124.270214
9574.218750,-126.034699
9585.937500,-124.091072
9597.656250,-134.761548
9609.375000,-125.160684
9621.093750,-124.830545
9632.812500,-124.020129
9644.531250,-112.940584
9656.250000,-113.075099
9667.968750,-108.415074
9679.687500,-102.405579
9691.406250,-102.744976
9703.125000,-107.692868
9714.843750,-114.679412
9726.562500,-104.689443
9738.281250,-104.395645
9750.000000,-101.330227
9761.718750,-100.085403
9773.437500,-106.245947
9785.156250,-107.702595
9796.875000,-104.048777
9808.593750,-106.371191
9820.312500,-97.297695
9832.031250,-93.506656
9843.750000,-95.821303
9855.468750,-99.919325
9867.187500,-100.245830
9878.906250,-93.899226
9890.625000,-91.062221
9902.343750,-89.259492
9914.062500,-92.197466
9925.781250,-89.650481
9937.500000,-87.671540
9949.218750,-94.574185
9960.937500,-87.835116
9972.656250,-85.653525
9984.375000,-92.678798
9996.093750,-89.413224
10007.812500,-84.649836
10019.531250,-90.348714
10031.250000,-97.261080
10042.968750,-94.081829
10054.687500,-90.381883
10066.406250,-97.330330
10078.125000,-95.185014
10089.843750,-94.664816
10101.562500,-94.381667
10113.281250,-92.625598
10125.000000,-98.265061
10136.718750,-111.980166
10148.437500,-95.052998
10160.156250,-99.313275
10171.875000,-101.701773
10183.593750,-103.579801
10195.312500,-95.799625
10207.031250,-93.236938
10218.750000,-86.418837
10230.468750,-88.314811
10242.187500,-90.911511
10253.906250,-91.839289
10265.625000,-90.064936
10277.343750,-87.695641
10289.062500,-90.023429
10300.781250,-94.418829
10312.500000,-91.953209
10324.218750,-87.547708
10335.937500,-86.590258
10347.656250,-85.942026
10359.375000,-88.752255
10371.093750,-104.407931
10382.812500,-90.635139
10394.531250,-89.692096
10406.250000,-98.079745
10417.968750,-92.881411
10429.687500,-99.180112
10441.406250,-93.742675
10453.125000,-88.311553
10464.843750,-92.603113
10476.562500,-93.590631
10488.281250,-88.092705
10500.000000,-90.191367
10511.718750,-93.923663
10523.437500,-100.386410
10535.156250,-97.267031
10546.875000,-105.594886
10558.593750,-94.807429
10570.312500,-94.828019
10582.031250,-97.390158
10593.750000,-106.335258
10605.468750,-91.164702
10617.187500,-93.148792
10628.906250,-97.607316
10640.625000,-107.037169
10652.343750,-97.280166
10664.062500,-101.005180
10675.781250,-93.928011
10687.500000,-91.552183
10699.218750,-95.545385
10710.937500,-107.498439
10722.656250,-93.868403
10734.375000,-92.993492
10746.093750,-91.100101
10757.812500,-91.654907
10769.531250,-102.242771
10781.250000,-97.952092
10792.968750,-97.994542
10804.687500,-90.743652
10816.406250,-93.713364
10828.125000,-100.619154
10839.843750,-97.352608
10851.562500,-99.466264
10863.281250,-91.639428
10875.000000,-97.581033
10886.718750,-101.679220
10898.437500,-101.771030
10910.156250,-104.689544
10921.875000,-94.372166
10933.593750,-91.145246
10945.312500,-90.122495
10957.031250,-94.047804
10968.750000,-86.136651
10980.468750,-87.205068
10992.187500,-88.264201
11003.906250,-86.097855
11015.625000,-90.248092
11027.343750,-89.811710
11039.062500,-93.044718
11050.781250,-94.836418
11062.500000,-90.726327
11074.218750,-96.189136
11085.937500,-101.174865
11097.656250,-94.644074
11109.375000,-93.559543
11121.093750,-97.058918
11132.812500,-97.212035
11144.531250,-95.256512
11156.250000,-97.881807
11167.968750,-98.421130
11179.687500,-96.405110
11191.406250,-97.927837
11203.125000,-98.690572
11214.843750,-97.585892
11226.562500,-94.712714
11238.281250,-100.525539
11250.000000,-94.334764
11261.718750,-95.764483
11273.437500,-98.146653
11285.156250,-99.206964
11296.875000,-95.898419
11308.593750,-93.763345
11320.312500,-92.377050
11332.031250,-92.499093
11343.750000,-98.405034
11355.468750,-102.050033
11367.187500,-97.382313
11378.906250,-101.867427
11390.625000,-111.042111
11402.343750,-110.347547
11414.062500,-129.950503
11425.781250,-112.023596
11437.500000,-103.518765
11449.218750,-96.294869
11460.937500,-94.689932
11472.656250,-104.443735
11484.375000,-105.972120
11496.093750,-97.402768
11507.812500,-95.212588
11519.531250,-100.208038
11531.250000,-103.636496
11542.968750,-108.674723
11554.687500,-110.705150
11566.406250,-97.558245
11578.125000,-95.534107
11589.843750,-95.747300
11601.562500,-103.433713
11613.281250,-101.723218
11625.000000,-101.546668
11636.718750,-100.768919
11648.437500,-99.833134
11660.156250,-103.379547
11671.875000,-99.361822
11683.593750,-103.464344
11695.312500,-125.014320
11707.031250,-105.909390
11718.750000,-104.055545
11730.468750,-105.727252
11742.187500,-115.090730
11753.906250,-118.618763
11765.625000,-120.147959
11777.343750,-110.242726
11789.062500,-126.864013
11800.781250,-104.162182
11812.500000,-118.555908
11824.218750,-106.088665
11835.937500,-104.529644
11847.656250,-103.287688
11859.375000,-107.360484
11871.093750,-117.555436
11882.812500,-111.843323
11894.531250,-111.690021
11906.250000,-114.061390
11917.968750,-134.587756
11929.687500,-128.319620
11941.406250,-126.869503
11953.125000,-128.493890
11964.843750,-124.528715
11976.562500,-127.629117
11988.281250,-138.766254
12000.000000,-172.347137
12011.718750,-140.456368
12023.437500,-124.775723
12035.156250,-123.543022
12046.875000,-133.189725
12058.593750,-131.160590
12070.312500,-132.092613
12082.031250,-125.529454
12093.750000,-119.466869
12105.468750,-118.839323
12117.187500,-117.139210
12128.906250,-130.353605
12140.625000,-122.189740
12152.343750,-112.656892
12164.062500,-108.177473
12175.781250,-116.379502
12187.500000,-113.229531
12199.218750,-104.651316
12210.937500,-104.211170
12222.656250,-117.027566
12234.375000,-123.131057
12246.093750,-110.150249
12257.812500,-116.351741
12269.531250,-113.966200
12281.250000,-108.455695
12292.968750,-104.586534
12304.687500,-107.856645
12316.406250,-108.791160
12328.125000,-113.507408
12339.843750,-115.579882
12351.562500,-116.361889
12363.281250,-111.845735
12375.000000,-105.166147
12386.718750,-103.482895
12398.437500,-109.629021
12410.156250,-104.577109
12421.875000,-108.068107
12433.593750,-112.681606
12445.312500,-109.077743
12457.031250,-109.377791
12468.750000,-107.791218
12480.468750,-108.005844
12492.187500,-109.692314
12503.906250,-108.397169
12515.625000,-112.997735
12527.343750,-121.895415
12539.062500,-112.170892
12550.781250,-112.552392
12562.500000,-109.912464
12574.218750,-109.658422
12585.937500,-103.731126
12597.656250,-97.175408
12609.375000,-99.418417
12621.093750,-107.634516
12632.812500,-107.003097
12644.531250,-106.556542
12656.250000,-102.558764
12667.968750,-100.758789
12679.687500,-109.984391
12691.406250,-104.939564
12703.125000,-107.047698
12714.843750,-104.573025
12726.562500,-109.162725
12738.281250,-112.285625
12750.000000,-106.404798
12761.718750,-111.527657
12773.437500,-114.074632
12785.156250,-101.239895
12796.875000,-103.843422
12808.593750,-102.859100
12820.312500,-98.377581
12832.031250,-95.755986
12843.750000,-94.850172
12855.468750,-92.220023
12867.187500,-95.576097
12878.906250,-94.921372
12890.625000,-93.060865
12902.343750,-92.899658
12914.062500,-90.915103
12925.781250,-89.228230
12937.500000,-92.988710
12949.218750,-102.422587
12960.937500,-88.005102
12972.656250,-86.233797
12984.375000,-91.868716
12996.093750,-88.031202
13007.812500,-85.148641
13019.531250,-97.568830
13031.250000,-98.921685
13042.968750,-91.852239
13054.687500,-87.651460
13066.406250,-90.850912
13078.125000,-111.207752
13089.843750,-97.939831
13101.562500,-102.761596
13113.281250,-92.785620
13125.000000,-95.843651
13136.718750,-105.324117
13148.437500,-102.212700
13160.156250,-103.130346
13171.875000,-92.729278
13183.593750,-89.551574
13195.312500,-90.201503
13207.031250,-93.390325
13218.750000,-86.659054
13230.468750,-87.035145
13242.187500,-95.482908
13253.906250,-99.622127
13265.625000,-93.449386
13277.343750,-91.521920
13289.062500,-95.265753
13300.781250,-92.669589
13312.500000,-89.970188
13324.218750,-95.800121
13335.937500,-91.467911
13347.656250,-85.918824
13359.375000,-86.007353
13371.093750,-90.666504
13382.812500,-90.469974
13394.531250,-84.146055
13406.250000,-90.233408
13417.968750,-87.788017
13429.687500,-87.648683
13441.406250,-94.066398
13453.125000,-91.375468
13464.843750,-91.737010
13476.562500,-98.064321
13488.281250,-90.915467
13500.000000,-90.129867
13511.718750,-92.377113
13523.437500,-93.095936
13535.156250,-94.242302
13546.875000,-94.600373
13558.593750,-89.296047
13570.312500,-91.435107
13582.031250,-95.528473
13593.750000,-92.851149
13605.468750,-87.565518
13617.187500,-89.433138
13628.906250,-96.897583
13640.625000,-93.726324
13652.343750,-90.200355
13664.062500,-94.014779
13675.781250,-88.532228
13687.500000,-91.892455
13699.218750,-88.756867
13710.937500,-86.304822
13722.656250,-110.750453
13734.375000,-94.037169
13746.093750,-92.418902
13757.812500,-94.695100
13769.531250,-94.214915
13781.250000,-94.192966
13792.968750,-94.415555
13804.687500,-89.715910
13816.406250,-91.367286
13828.125000,-86.149916
13839.843750,-84.916857
13851.562500,-88.559315
13863.281250,-80.606568
13875.000000,-85.559142
13886.718750,-86.288163
13898.437500,-83.655046
13910.156250,-85.292713
13921.875000,-83.626299
13933.593750,-81.762242
13945.312500,-79.247905
13957.031250,-93.042054
13968.750000,-79.483413
13980.468750,-92.786623
13992.187500,-95.174701
14003.906250,-82.917762
14015.625000,-85.456801
14027.343750,-81.051957
14039.062500,-80.334548
14050.781250,-86.137018
14062.500000,-86.801141
14074.218750,-90.920307
14085.937500,-80.832799
14097.656250,-79.099882
14109.375000,-92.394585
14121.093750,-87.140157
14132.812500,-87.409751
14144.531250,-93.626660
14156.250000,-124.355963
14167.968750,-86.347398
14179.687500,-83.884698
14191.406250,-80.421498
14203.125000,-76.742052
14214.843750,-87.260019
14226.562500,-80.326260
14238.281250,-82.848410
14250.000000,-83.975613
14261.718750,-81.515163
14273.437500,-77.234650
14285.156250,-76.090107
14296.875000,-76.049140
14308.593750,-78.649344
14320.312500,-81.378716
14332.031250,-82.441300
14343.750000,-82.540072
14355.468750,-87.060396
14367.187500,-93.324793
14378.906250,-83.228919
14390.625000,-79.751120
14402.343750,-81.872414
14414.062500,-88.607133
14425.781250,-95.498888
14437.500000,-81.781705
14449.218750,-81.015765
14460.937500,-76.609981
14472.656250,-83.440201
14484.375000,-79.816212
14496.093750,-82.139911
14507.812500,-76.637138
14519.531250,-82.787323
14531.250000,-93.572311
14542.968750,-88.740464
14554.687500,-89.814844
14566.406250,-83.338515
14578.125000,-79.231118
14589.843750,-72.975394
14601.562500,-76.469787
14613.281250,-82.065403
14625.000000,-81.674770
14636.718750,-92.233604
14648.437500,-82.087700
14660.156250,-79.616240
14671.875000,-79.598330
14683.593750,-90.275101
14695.312500,-85.559400
14707.031250,-83.373513
14718.750000,-84.392505
14730.468750,-90.552830
14742.187500,-84.412217
14753.906250,-80.972185
14765.625000,-81.101155
14777.343750,-82.869417
14789.062500,-83.435854
14800.781250,-80.878093
14812.500000,-82.577311
14824.218750,-91.232463
14835.937500,-87.496537
14847.656250,-77.688387
14859.375000,-80.186554
14871.093750,-86.300579
14882.812500,-81.960261
14894.531250,-78.565920
14906.250000,-80.193384
14917.968750,-80.885871
14929.687500,-77.033776
14941.406250,-80.916957
14953.125000,-83.310117
14964.843750,-74.996263
14976.562500,-74.617642
14988.281250,-76.628081
15000.000000,-73.983883
15011.718750,-75.531013
15023.437500,-87.276503
15035.156250,-87.500192
15046.875000,-82.682025
15058.593750,-81.496416
15070.312500,-96.642658
15082.031250,-80.607879
15093.750000,-80.932581
15105.468750,-90.558228
15117.187500,-81.980329
15128.906250,-90.407787
15140.625000,-98.964703
15152.343750,-106.559763
15164.062500,-84.573620
15175.781250,-80.626357
15187.500000,-82.714831
15199.218750,-85.681167
15210.937500,-79.695313
15222.656250,-78.219357
15234.375000,-82.552637
15246.093750,-90.427016
15257.812500,-85.567149
15269.531250,-85.830626
15281.250000,-86.182303
15292.968750,-90.961249
15304.687500,-87.201493
15316.406250,-83.964817
15328.125000,-92.243389
15339.843750,-84.668412
15351.562500,-81.643889
15363.281250,-87.969563
15375.000000,-100.025412
15386.718750,-83.023384
15398.437500,-82.279053
15410.156250,-90.848008
15421.875000,-88.093015
15433.593750,-85.365317
15445.312500,-88.997974
15457.031250,-91.015058
15468.750000,-91.815882
15480.468750,-87.309348
15492.187500,-84.092335
15503.906250,-86.533909
15515.625000,-92.257228
15527.343750,-89.757791
15539.062500,-89.053313
15550.781250,-94.441062
15562.500000,-97.709780
15574.218750,-114.976155
15585.937500,-96.270792
15597.656250,-95.700624
15609.375000,-90.691951
15621.093750,-93.877295
15632.812500,-103.971977
15644.531250,-88.953268
15656.250000,-95.870293
15667.968750,-84.576766
15679.687500,-85.050303
15691.406250,-105.012669
15703.125000,-87.215270
15714.843750,-89.649474
15726.562500,-92.708461
15738.281250,-89.363531
15750.000000,-91.398506
15761.718750,-92.793681
15773.437500,-92.047353
15785.156250,-100.935694
15796.875000,-89.812217
15808.593750,-86.944188
15820.312500,-96.992402
15832.031250,-94.378917
15843.750000,-99.145026
15855.468750,-85.471717
15867.187500,-85.520567
15878.906250,-86.643323
15890.625000,-88.108291
15902.343750,-92.198424
15914.062500,-88.538884
15925.781250,-86.394053
15937.500000,-85.595196
15949.218750,-87.403529
15960.937500,-84.713616
15972.656250,-81.825415
15984.375000,-87.269758
15996.093750,-86.640724
16007.812500,-82.972763
16019.531250,-91.618075
16031.250000,-87.471719
16042.968750,-93.602726
16054.687500,-87.207850
16066.406250,-89.711900
16078.125000,-95.176647
16089.843750,-91.174173
16101.562500,-93.842894
16113.281250,-102.782500
16125.000000,-96.418133
16136.718750,-95.358169
16148.437500,-95.405955
16160.156250,-96.577746
16171.875000,-88.988208
16183.593750,-89.789985
16195.312500,-100.493620
16207.031250,-95.380011
16218.750000,-103.036727
16230.468750,-99.701926
16242.187500,-98.088359
16253.906250,-94.085858
16265.625000,-95.880375
16277.343750,-95.928500
16289.062500,-93.468573
16300.781250,-91.152687
16312.500000,-92.393310
16324.218750,-93.247613
16335.937500,-93.094619
16347.656250,-97.267635
16359.375000,-97.355007
16371.093750,-103.360031
16382.812500,-101.261714
16394.531250,-98.072098
16406.250000,-97.277327
16417.968750,-102.713287
16429.687500,-100.826698
16441.406250,-99.233362
16453.125000,-94.135479
16464.843750,-98.272841
16476.562500,-104.660462
16488.281250,-105.674699
16500.000000,-96.873938
16511.718750,-94.274679
16523.437500,-101.211660
16535.156250,-111.872091
16546.875000,-113.231112
16558.593750,-115.021302
16570.312500,-109.298445
16582.031250,-110.891221
16593.750000,-102.772158
16605.468750,-103.042261
16617.187500,-104.814678
16628.906250,-103.445568
16640.625000,-102.172220
16652.343750,-102.727312
16664.062500,-95.279195
16675.781250,-92.758983
16687.500000,-98.193337
16699.218750,-105.458232
16710.937500,-105.954547
16722.656250,-111.852528
16734.375000,-102.783208
16746.093750,-109.561941
16757.812500,-122.056904
16769.531250,-128.670716
16781.250000,-106.851554
16792.968750,-102.326186
16804.687500,-103.393752
16816.406250,-101.038031
16828.125000,-101.066257
16839.843750,-109.442276
16851.562500,-110.658220
16863.281250,-101.822479
16875.000000,-101.838243
16886.718750,-99.416059
16898.437500,-99.689752
16910.156250,-100.243761
16921.875000,-103.556400
16933.593750,-99.846777
16945.312500,-106.041592
16957.031250,-103.036527
16968.750000,-100.160324
16980.468750,-97.561349
16992.187500,-96.581626
17003.906250,-95.443327
17015.625000,-96.851807
17027.343750,-104.653792
17039.062500,-108.787670
17050.781250,-103.772130
17062.500000,-105.938290
17074.218750,-98.876610
17085.937500,-96.414538
17097.656250,-104.089283
17109.375000,-99.012093
17121.093750,-100.117045
17132.812500,-110.728802
17144.531250,-104.190484
17156.250000,-102.087223
17167.968750,-95.464906
17179.687500,-96.785889
17191.406250,-106.034137
17203.125000,-102.130486
17214.843750,-96.848222
17226.562500,-96.211077
17238.281250,-102.241733
17250.000000,-99.067804
17261.718750,-99.672771
17273.437500,-98.962539
17285.156250,-99.136981
17296.875000,-101.513838
17308.593750,-100.092379
17320.312500,-99.983714
17332.031250,-103.646396
17343.750000,-95.874257
17355.468750,-97.167350
17367.187500,-111.734647
17378.906250,-103.231466
17390.625000,-95.572707
17402.343750,-101.060751
17414.062500,-106.125231
17425.781250,-105.478822
17437.500000,-99.068159
17449.218750,-107.221332
17460.937500,-99.540529
17472.656250,-98.828858
17484.375000,-95.573373
17496.093750,-95.724968
17507.812500,-98.910224
17519.531250,-103.236146
17531.250000,-101.630391
17542.968750,-104.099244
17554.687500,-106.576974
17566.406250,-114.338110
17578.125000,-109.227711
17589.843750,-107.320897
17601.562500,-105.874435
17613.281250,-109.465246
17625.000000,-100.737244
17636.718750,-108.055960
17648.437500,-101.766006
17660.156250,-110.887341
17671.875000,-96.496574
17683.593750,-98.910604
17695.312500,-106.019467
17707.031250,-99.920854
17718.750000,-106.154086
17730.468750,-99.426890
17742.187500,-99.546509
17753.906250,-106.948242
17765.625000,-108.745688
17777.343750,-109.165170
17789.062500,-105.494227
17800.781250,-97.903776
17812.500000,-99.635544
17824.218750,-107.354431
17835.937500,-100.440682
17847.656250,-114.129293
17859.375000,-98.332367
17871.093750,-99.303956
17882.812500,-99.286474
17894.531250,-104.081966
17906.250000,-107.100255
17917.968750,-101.807048
17929.687500,-101.564195
17941.406250,-100.613459
17953.125000,-103.196968
17964.843750,-95.427798
17976.562500,-95.095166
17988.281250,-100.918017
18000.000000,-98.088219
18011.718750,-97.260115
18023.437500,-100.365484
18035.156250,-98.758433
18046.875000,-107.397190
18058.593750,-98.388181
18070.312500,-105.884751
18082.031250,-107.123953
18093.750000,-111.515837
18105.468750,-104.303686
18117.187500,-105.626352
18128.906250,-107.233348
18140.625000,-102.852625
18152.343750,-108.237966
18164.062500,-109.798756
18175.781250,-103.751434
18187.500000,-105.987291
18199.218750,-102.737767
18210.937500,-102.167463
18222.656250,-100.182081
18234.375000,-103.754690
18246.093750,-102.064151
18257.812500,-101.746942
18269.531250,-103.912612
18281.250000,-104.113689
18292.968750,-100.919046
18304.687500,-98.912365
18316.406250,-101.521416
18328.125000,-101.780594
18339.843750,-101.842087
18351.562500,-105.529501
18363.281250,-109.497100
18375.000000,-111.825092
18386.718750,-110.259121
18398.437500,-107.789167
18410.156250,-108.539784
18421.875000,-117.863652
18433.593750,-103.876134
18445.312500,-108.269092
18457.031250,-99.455674
18468.750000,-104.917241
18480.468750,-109.109599
18492.187500,-111.635506
18503.906250,-102.630361
18515.625000,-104.129493
18527.343750,-114.522186
18539.062500,-112.685972
18550.781250,-122.189148
18562.500000,-109.967451
18574.218750,-110.033250
18585.937500,-103.627867
18597.656250,-107.039426
18609.375000,-110.427049
18621.093750,-105.660005
18632.812500,-104.536007
18644.531250,-104.960829
18656.250000,-118.344316
18667.968750,-107.309599
18679.687500,-106.382435
18691.406250,-114.234918
18703.125000,-113.086349
18714.843750,-112.033816
18726.562500,-118.938163
18738.281250,-118.376711
18750.000000,-110.929398
18761.718750,-111.503283
18773.437500,-113.433343
18785.156250,-118.392452
18796.875000,-121.083123
18808.593750,-113.958745
18820.312500,-117.314323
18832.031250,-122.623131
18843.750000,-112.935751
18855.468750,-108.815986
18867.187500,-115.057119
18878.906250,-125.860589
18890.625000,-115.153437
18902.343750,-109.962000
18914.062500,-111.701809
18925.781250,-111.634846
18937.500000,-114.156114
18949.218750,-139.229821
18960.937500,-120.755231
18972.656250,-119.959950
18984.375000,-120.823691
18996.093750,-121.458142
19007.812500,-116.827280
19019.531250,-122.851032
19031.250000,-123.785672
19042.968750,-127.852035
19054.687500,-126.036851
19066.406250,-123.738085
19078.125000,-122.783074
19089.843750,-125.911750
19101.562500,-140.688876
19113.281250,-131.491589
19125.000000,-131.727574
19136.718750,-140.308120
19148.437500,-149.564746
19160.156250,-132.817522
19171.875000,-132.104157
19183.593750,-138.618621
19195.312500,-155.589691
19207.031250,-146.400751
19218.750000,-137.867376
19230.468750,-138.455729
19242.187500,-138.527694
19253.906250,-134.671875
19265.625000,-132.974414
19277.343750,-138.301321
19289.062500,-135.424335
19300.781250,-135.676335
19312.500000,-124.513177
19324.218750,-120.544390
19335.937500,-120.913213
19347.656250,-117.846330
19359.375000,-121.029459
19371.093750,-129.265700
19382.812500,-122.473489
19394.531250,-119.776170
19406.250000,-128.743151
19417.968750,-128.566190
19429.687500,-131.794712
19441.406250,-127.446554
19453.125000,-123.787748
19464.843750,-123.118633
19476.562500,-126.054300
19488.281250,-131.885095
19500.000000,-119.284514
19511.718750,-116.261057
19523.437500,-117.029671
19535.156250,-118.819618
19546.875000,-120.738506
19558.593750,-119.125695
19570.312500,-121.061928
19582.031250,-116.542307
19593.750000,-120.579249
19605.468750,-122.170757
19617.187500,-120.585818
19628.906250,-121.776294
19640.625000,-121.329734
19652.343750,-121.976564
19664.062500,-122.609895
19675.781250,-116.874113
19687.500000,-114.349344
19699.218750,-117.671966
19710.937500,-117.786274
19722.656250,-116.863061
19734.375000,-119.507746
19746.093750,-125.554687
19757.812500,-126.291026
19769.531250,-120.156297
19781.250000,-116.433685
19792.968750,-124.281285
19804.687500,-127.658480
19816.406250,-126.703765
19828.125000,-117.725976
19839.843750,-115.991111
19851.562500,-121.947438
19863.281250,-133.726361
19875.000000,-117.955753
19886.718750,-116.344038
19898.437500,-118.820227
19910.156250,-119.192366
19921.875000,-114.512390
19933.593750,-113.943626
19945.312500,-122.124880
19957.031250,-132.791662
19968.750000,-120.507112
19980.468750,-117.544858
19992.187500,-114.964679
20003.906250,-114.259588
20015.625000,-119.931866
20027.343750,-120.135845
20039.062500,-116.998469
20050.781250,-115.578742
20062.500000,-114.461010
20074.218750,-124.378561
20085.937500,-121.716548
20097.656250,-133.302425
20109.375000,-117.550696
20121.093750,-115.113204
20132.812500,-117.828522
20144.531250,-122.182527
20156.250000,-117.562910
20167.968750,-110.809363
20179.687500,-114.888856
20191.406250,-117.294034
20203.125000,-113.358597
20214.843750,-112.704582
20226.562500,-109.587748
20238.281250,-117.083966
20250.000000,-124.513946
20261.718750,-126.158993
20273.437500,-118.621702
20285.156250,-114.543078
20296.875000,-121.681227
20308.593750,-128.082420
20320.312500,-122.770318
20332.031250,-113.884356
20343.750000,-110.964635
20355.468750,-109.987322
20367.187500,-111.553809
20378.906250,-116.696080
20390.625000,-113.837061
20402.343750,-121.491413
20414.062500,-119.742488
20425.781250,-119.307054
20437.500000,-118.385608
20449.218750,-110.817008
20460.937500,-111.881090
20472.656250,-115.163926
20484.375000,-113.234814
20496.093750,-113.249229
20507.812500,-120.304147
20519.531250,-121.805852
20531.250000,-118.525969
20542.968750,-118.950866
20554.687500,-125.123189
20566.406250,-116.537004
20578.125000,-112.463807
20589.843750,-116.171363
20601.562500,-118.761959
20613.281250,-122.504459
20625.000000,-119.403824
20636.718750,-111.158400
20648.437500,-112.354354
20660.156250,-117.546766
20671.875000,-112.007893
20683.593750,-115.990082
20695.312500,-119.870110
20707.031250,-116.937769
20718.750000,-116.687790
20730.468750,-115.386250
20742.187500,-114.266104
20753.906250,-115.805146
20765.625000,-117.663400
20777.343750,-129.185685
20789.062500,-122.278282
20800.781250,-114.791512
20812.500000,-115.725907
20824.218750,-112.327189
20835.937500,-113.200586
20847.656250,-115.872322
20859.375000,-110.344148
20871.093750,-111.344830
20882.812500,-122.385828
20894.531250,-120.142357
20906.250000,-120.019322
20917.968750,-121.201541
20929.687500,-117.026900
20941.406250,-115.881106
20953.125000,-125.802922
20964.843750,-111.352745
20976.562500,-114.030423
20988.281250,-119.980602
21000.000000,-110.687858
21011.718750,-108.219520
21023.437500,-123.521652
21035.156250,-120.877767
21046.875000,-122.739029
21058.593750,-121.326655
21070.312500,-128.001199
21082.031250,-110.613950
21093.750000,-107.043507
21105.468750,-120.156270
21117.187500,-116.503932
21128.906250,-117.019715
21140.625000,-113.427015
21152.343750,-120.925792
21164.062500,-118.974496
21175.781250,-115.564958
21187.500000,-112.530139
21199.218750,-111.383849
21210.937500,-111.656457
21222.656250,-108.131549
21234.375000,-109.244876
21246.093750,-114.973820
21257.812500,-118.776324
21269.531250,-120.485066
21281.250000,-120.489959
21292.968750,-109.986685
21304.687500,-111.593706
21316.406250,-116.223665
21328.125000,-120.613638
21339.843750,-112.527715
21351.562500,-115.268825
21363.281250,-114.592959
21375.000000,-112.420149
21386.718750,-114.859684
21398.437500,-114.241812
21410.156250,-110.949096
21421.875000,-120.134363
21433.593750,-110.586165
21445.312500,-109.538043
21457.031250,-113.014934
21468.750000,-106.688485
21480.468750,-117.698557
21492.187500,-112.605558
21503.906250,-104.482038
21515.625000,-105.900106
21527.343750,-120.327933
21539.062500,-113.705174
21550.781250,-116.369583
21562.500000,-114.713738
21574.218750,-132.464168
21585.937500,-105.611295
21597.656250,-105.825553
21609.375000,-111.535168
21621.093750,-107.537063
21632.812500,-107.301561
21644.531250,-109.862249
21656.250000,-110.528043
21667.968750,-106.751974
21679.687500,-109.511148
21691.406250,-118.652134
21703.125000,-115.063773
21714.843750,-111.017386
21726.562500,-106.319083
21738.281250,-107.504931
21750.000000,-110.884580
21761.718750,-108.499026
21773.437500,-106.498826
21785.156250,-108.178658
21796.875000,-107.343684
21808.593750,-106.984205
21820.312500,-114.889409
21832.031250,-113.640409
21843.750000,-112.541664
21855.468750,-110.343296
21867.187500,-115.933821
21878.906250,-111.955950
21890.625000,-110.927351
21902.343750,-115.460229
21914.062500,-124.620798
21925.781250,-110.849770
21937.500000,-107.428635
21949.218750,-107.165832
21960.937500,-114.605071
21972.656250,-113.965957
21984.375000,-106.364236
21996.093750,-104.166427
22007.812500,-105.984471
22019.531250,-113.431361
22031.250000,-113.711150
22042.968750,-118.170152
22054.687500,-111.460475
22066.406250,-111.726362
22078.125000,-111.973943
22089.843750,-108.717902
22101.562500,-114.104199
22113.281250,-108.103725
22125.000000,-107.881463
22136.718750,-116.550362
22148.437500,-114.770419
22160.156250,-109.261316
22171.875000,-106.587053
22183.593750,-107.912667
22195.312500,-110.427067
22207.031250,-105.544170
22218.750000,-109.146762
22230.468750,-113.534311
22242.187500,-118.459399
22253.906250,-107.904364
22265.625000,-111.026345
22277.343750,-116.038955
22289.062500,-114.846265
22300.781250,-111.811315
22312.500000,-106.180938
22324.218750,-111.501319
22335.937500,-116.076260
22347.656250,-110.751355
22359.375000,-113.807541
22371.093750,-111.352161
22382.812500,-108.627029
22394.531250,-104.229734
22406.250000,-112.958686
22417.968750,-119.023255
22429.687500,-109.681805
22441.406250,-122.630969
22453.125000,-112.215342
22464.843750,-114.594475
22476.562500,-116.683245
22488.281250,-109.632027
22500.000000,-109.355925
22511.718750,-110.240313
22523.437500,-109.998387
22535.156250,-110.170010
22546.875000,-114.012101
22558.593750,-116.685504
22570.312500,-110.915313
22582.031250,-109.819991
22593.750000,-123.680492
22605.468750,-112.929642
22617.187500,-114.505611
22628.906250,-116.589135
22640.625000,-129.204039
22652.343750,-128.872351
22664.062500,-114.209740
22675.781250,-113.962342
22687.500000,-118.119520
22699.218750,-112.782685
22710.937500,-112.183145
22722.656250,-114.993018
22734.375000,-113.828570
22746.093750,-128.427759
22757.812500,-121.084420
22769.531250,-115.234542
22781.250000,-120.817449
22792.968750,-118.184341
22804.687500,-114.724662
22816.406250,-124.928801
22828.125000,-113.806021
22839.843750,-114.500391
22851.562500,-117.128000
22863.281250,-112.207255
22875.000000,-115.179229
22886.718750,-116.628771
22898.437500,-119.930810
22910.156250,-117.000380
22921.875000,-115.185050
22933.593750,-116.453021
22945.312500,-114.224626
22957.031250,-118.830466
22968.750000,-109.848168
22980.468750,-112.859287
22992.187500,-118.079568
23003.906250,-113.104114
23015.625000,-121.734168
23027.343750,-116.180638
23039.062500,-117.323454
23050.781250,-113.259239
23062.500000,-112.186868
23074.218750,-119.591548
23085.937500,-123.838333
23097.656250,-127.635388
23109.375000,-121.997064
23121.093750,-123.113598
23132.812500,-121.676362
23144.531250,-120.048421
23156.250000,-119.564316
23167.968750,-127.319405
23179.687500,-121.947043
23191.406250,-124.640256
23203.125000,-120.001759
23214.843750,-123.420599
23226.562500,-118.581400
23238.281250,-127.575840
23250.000000,-121.783641
23261.718750,-123.029938
23273.437500,-121.444553
23285.156250,-120.248351
23296.875000,-117.029171
23308.593750,-117.199083
23320.312500,-118.071993
23332.031250,-115.767869
23343.750000,-114.814022
23355.468750,-117.096591
23367.187500,-118.633455
23378.906250,-126.053890
23390.625000,-118.750758
23402.343750,-121.645757
23414.062500,-135.492369
23425.781250,-119.677201
23437.500000,-123.263384
23449.218750,-123.877915
23460.937500,-120.163795
23472.656250,-135.774184
23484.375000,-126.481942
23496.093750,-131.063220
23507.812500,-126.487042
23519.531250,-142.115693
23531.250000,-130.185444
23542.968750,-126.151490
23554.687500,-125.194526
23566.406250,-124.470550
23578.125000,-124.590598
23589.843750,-130.982796
23601.562500,-142.222604
23613.281250,-138.773134
23625.000000,-127.260887
23636.718750,-124.887119
23648.437500,-129.664520
23660.156250,-131.233922
23671.875000,-129.576433
23683.593750,-133.865086
23695.312500,-143.865829
23707.031250,-150.444868
23718.750000,-135.553113
23730.468750,-133.461961
23742.187500,-137.804382
23753.906250,-132.731977
23765.625000,-133.838088
23777.343750,-143.947331
23789.062500,-139.841327
23800.781250,-141.500980
23812.500000,-139.277722
23824.218750,-139.266258
23835.937500,-134.720102
23847.656250,-141.661185
23859.375000,-150.500764
23871.093750,-154.609145
23882.812500,-146.383920
23894.531250,-147.178638
23906.250000,-144.465546
23917.968750,-139.808175
23929.687500,-140.655642
23941.406250,-145.695798
23953.125000,-150.631944
23964.843750,-149.506885
23976.562500,-155.918670
23988.281250,-163.820323
