-24000.000000,-201.261426
-23988.281250,-159.813002
-23976.562500,-143.581696
-23964.843750,-137.931462
-23953.125000,-136.211577
-23941.406250,-141.178125
-23929.687500,-134.723914
-23917.968750,-135.616129
-23906.250000,-135.983119
-23894.531250,-141.440695
-23882.812500,-130.475873
-23871.093750,-135.360562
-23859.375000,-130.160732
-23847.656250,-130.874725
-23835.937500,-135.836820
-23824.218750,-135.888308
-23812.500000,-127.610804
-23800.781250,-128.585938
-23789.062500,-124.850587
-23777.343750,-126.020282
-23765.625000,-120.127125
-23753.906250,-120.798201
-23742.187500,-125.481240
-23730.468750,-118.970676
-23718.750000,-118.844790
-23707.031250,-132.561697
-23695.312500,-120.045968
-23683.593750,-123.288797
-23671.875000,-119.651896
-23660.156250,-116.669851
-23648.437500,-119.497227
-23636.718750,-117.812173
-23625.000000,-114.898309
-23613.281250,-116.229411
-23601.562500,-118.970261
-23589.843750,-119.914947
-23578.125000,-119.381671
-23566.406250,-119.957803
-23554.687500,-122.298971
-23542.968750,-122.675714
-23531.250000,-121.508292
-23519.531250,-121.862390
-23507.812500,-122.316370
-23496.093750,-118.671992
-23484.375000,-121.151732
-23472.656250,-112.998113
-23460.937500,-115.544597
-23449.218750,-124.536950
-23437.500000,-115.964271
-23425.781250,-115.366506
-23414.062500,-123.192882
-23402.343750,-107.910405
-23390.625000,-109.066693
-23378.906250,-116.932378
-23367.187500,-112.965856
-23355.468750,-110.966379
-23343.750000,-112.772848
-23332.031250,-108.608741
-23320.312500,-106.282041
-23308.593750,-106.043122
-23296.875000,-109.922569
-23285.156250,-111.839812
-23273.437500,-126.701310
-23261.718750,-110.882265
-23250.000000,-106.755015
-23238.281250,-104.629529
-23226.562500,-105.353420
-23214.843750,-113.349054
-23203.125000,-114.380269
-23191.406250,-107.888869
-23179.687500,-105.823983
-23167.968750,-104.563928
-23156.250000,-110.615916
-23144.531250,-116.180136
-23132.812500,-114.197948
-23121.093750,-118.304511
-23109.375000,-117.101036
-23097.656250,-117.247461
-23085.937500,-106.689046
-23074.218750,-105.962406
-23062.500000,-113.587086
-23050.781250,-115.164345
-23039.062500,-120.917808
-23027.343750,-109.349802
-23015.625000,-107.568538
-23003.906250,-113.770439
-22992.187500,-123.403362
-22980.468750,-113.127895
-22968.750000,-113.087353
-22957.031250,-111.899998
-22945.312500,-107.710247
-22933.593750,-105.815644
-22921.875000,-110.572594
-22910.156250,-110.077278
-22898.437500,-114.778166
-22886.718750,-110.760317
-22875.000000,-108.210286
-22863.281250,-111.168631
-22851.562500,-123.249116
-22839.843750,-121.026047
-22828.125000,-118.025391
-22816.406250,-113.989003
-22804.687500,-109.373232
-22792.968750,-108.658369
-22781.250000,-115.735498
-22769.531250,-111.892244
-22757.812500,-112.586731
-22746.093750,-114.625739
-22734.375000,-123.928392
-22722.656250,-119.131586
-22710.937500,-112.299995
-22699.218750,-111.809525
-22687.500000,-114.678944
-22675.781250,-122.691514
-22664.062500,-115.726765
-22652.343750,-113.360224
-22640.625000,-114.847045
-22628.906250,-121.689334
-22617.187500,-118.246453
-22605.468750,-119.924734
-22593.750000,-119.970972
-22582.031250,-113.330638
-22570.312500,-114.681422
-22558.593750,-119.107418
-22546.875000,-115.758137
-22535.156250,-116.851126
-22523.437500,-114.854246
-22511.718750,-114.057817
-22500.000000,-115.669358
-22488.281250,-123.238378
-22476.562500,-108.434319
-22464.843750,-107.315459
-22453.125000,-111.661052
-22441.406250,-112.651483
-22429.687500,-111.293632
-22417.968750,-111.808296
-22406.250000,-108.145046
-22394.531250,-108.485529
-22382.812500,-110.796884
-22371.093750,-112.543726
-22359.375000,-114.139491
-22347.656250,-110.835212
-22335.937500,-110.647070
-22324.218750,-134.936642
-22312.500000,-111.917368
-22300.781250,-108.305042
-22289.062500,-105.021692
-22277.343750,-108.090703
-22265.625000,-115.824556
-22253.906250,-112.949147
-22242.187500,-110.115591
-22230.468750,-112.446532
-22218.750000,-110.305035
-22207.031250,-107.202921
-22195.312500,-110.459014
-22183.593750,-114.890796
-22171.875000,-112.658582
-22160.156250,-119.315279
-22148.437500,-110.029018
-22136.718750,-116.051483
-22125.000000,-111.490014
-22113.281250,-115.548037
-22101.562500,-113.977792
-22089.843750,-129.765703
-22078.125000,-108.743828
-22066.406250,-107.569221
-22054.687500,-119.410976
-22042.968750,-119.422451
-22031.250000,-113.635430
-22019.531250,-109.030388
-22007.812500,-110.234852
-21996.093750,-115.436225
-21984.375000,-114.166301
-21972.656250,-113.009934
-21960.937500,-116.121073
-21949.218750,-114.295176
-21937.500000,-105.588766
-21925.781250,-106.153548
-21914.062500,-114.273903
-21902.343750,-118.361691
-21890.625000,-114.803708
-21878.906250,-109.370025
-21867.187500,-111.111749
-21855.468750,-123.133272
-21843.750000,-108.150968
-21832.031250,-104.804210
-21820.312500,-105.874993
-21808.593750,-113.077674
-21796.875000,-109.075466
-21785.156250,-107.653624
-21773.437500,-114.207815
-21761.718750,-127.181092
-21750.000000,-116.936312
-21738.281250,-108.225576
-21726.562500,-108.906510
-21714.843750,-120.144314
-21703.125000,-110.152856
-21691.406250,-109.004088
-21679.687500,-109.352779
-21667.968750,-110.380022
-21656.250000,-109.335963
-21644.531250,-109.736957
-21632.812500,-109.781896
-21621.093750,-106.970598
-21609.375000,-107.634598
-21597.656250,-114.043403
-21585.937500,-114.534389
-21574.218750,-113.790352
-21562.500000,-110.902534
-21550.781250,-108.845790
-21539.062500,-112.139825
-21527.343750,-111.936830
-21515.625000,-124.731144
-21503.906250,-122.188846
-21492.187500,-116.399054
-21480.468750,-111.348887
-21468.750000,-109.187917
-21457.031250,-112.712827
-21445.312500,-123.552154
-21433.593750,-117.324599
-21421.875000,-124.152507
-21410.156250,-108.911909
-21398.437500,-110.318988
-21386.718750,-116.806425
-21375.000000,-122.138464
-21363.281250,-111.695106
-21351.562500,-113.519988
-21339.843750,-108.243260
-21328.125000,-103.954708
-21316.406250,-109.055659
-21304.687500,-128.144958
-21292.968750,-107.077386
-21281.250000,-104.982668
-21269.531250,-109.565789
-21257.812500,-114.609246
-21246.093750,-118.991565
-21234.375000,-118.392958
-21222.656250,-118.959441
-21210.937500,-115.874053
-21199.218750,-114.826361
-21187.500000,-111.938199
-21175.781250,-124.349647
-21164.062500,-111.275318
-21152.343750,-107.775072
-21140.625000,-109.131667
-21128.906250,-115.570080
-21117.187500,-111.169249
-21105.468750,-109.462793
-21093.750000,-108.460971
-21082.031250,-109.094231
-21070.312500,-114.771928
-21058.593750,-122.588086
-21046.875000,-123.572725
-21035.156250,-111.736759
-21023.437500,-109.478084
-21011.718750,-109.294005
-21000.000000,-105.399920
-20988.281250,-111.687692
-20976.562500,-112.958118
-20964.843750,-111.017221
-20953.125000,-115.195933
-20941.406250,-117.180562
-20929.687500,-113.566632
-20917.968750,-109.130384
-20906.250000,-109.857752
-20894.531250,-135.503923
-20882.812500,-112.709265
-20871.093750,-121.619545
-20859.375000,-113.689304
-20847.656250,-108.325974
-20835.937500,-111.699630
-20824.218750,-110.927680
-20812.500000,-106.119207
-20800.781250,-108.259372
-20789.062500,-119.998902
-20777.343750,-133.541093
-20765.625000,-118.122620
-20753.906250,-112.721108
-20742.187500,-113.389429
-20730.468750,-114.546087
-20718.750000,-142.160510
-20707.031250,-114.618497
-20695.312500,-109.399581
-20683.593750,-111.197694
-20671.875000,-110.966232
-20660.156250,-110.927804
-20648.437500,-122.533804
-20636.718750,-116.314053
-20625.000000,-112.140926
-20613.281250,-111.793237
-20601.562500,-113.743127
-20589.843750,-115.158992
-20578.125000,-116.766383
-20566.406250,-113.372408
-20554.687500,-111.198026
-20542.968750,-111.184376
-20531.250000,-117.881117
-20519.531250,-113.157407
-20507.812500,-116.426096
-20496.093750,-122.842820
-20484.375000,-115.970716
-20472.656250,-106.111392
-20460.937500,-106.679011
-20449.218750,-110.416488
-20437.500000,-111.673898
-20425.781250,-114.231810
-20414.062500,-110.416817
-20402.343750,-107.334443
-20390.625000,-112.087296
-20378.906250,-128.676175
-20367.187500,-115.509420
-20355.468750,-110.645800
-20343.750000,-117.210720
-20332.031250,-114.232501
-20320.312500,-108.661535
-20308.593750,-108.681089
-20296.875000,-109.897764
-20285.156250,-114.202459
-20273.437500,-113.717356
-20261.718750,-110.545377
-20250.000000,-110.426313
-20238.281250,-106.762892
-20226.562500,-107.415455
-20214.843750,-124.108634
-20203.125000,-131.596785
-20191.406250,-113.612473
-20179.687500,-110.000554
-20167.968750,-108.132876
-20156.250000,-111.330312
-20144.531250,-116.217216
-20132.812500,-114.160737
-20121.093750,-114.118480
-20109.375000,-111.289235
-20097.656250,-119.616318
-20085.937500,-110.320446
-20074.218750,-106.701133
-20062.500000,-113.110042
-20050.781250,-121.063030
-20039.062500,-116.819178
-20027.343750,-120.960844
-20015.625000,-130.119306
-20003.906250,-114.001097
-19992.187500,-108.723133
-19980.468750,-110.513335
-19968.750000,-114.034801
-19957.031250,-112.075225
-19945.312500,-111.887626
-19933.593750,-114.689071
-19921.875000,-130.351895
-19910.156250,-116.427939
-19898.437500,-124.846997
-19886.718750,-129.093682
-19875.000000,-131.837605
-19863.281250,-128.505840
-19851.562500,-124.092038
-19839.843750,-117.354716
-19828.125000,-114.482639
-19816.406250,-119.201067
-19804.687500,-119.434530
-19792.968750,-115.049471
-19781.250000,-124.356843
-19769.531250,-129.562524
-19757.812500,-126.216784
-19746.093750,-124.612820
-19734.375000,-126.899563
-19722.656250,-120.963046
-19710.937500,-117.291500
-19699.218750,-118.013812
-19687.500000,-126.800757
-19675.781250,-118.705021
-19664.062500,-120.137589
-19652.343750,-121.664386
-19640.625000,-125.574224
-19628.906250,-136.514240
-19617.187500,-123.256152
-19605.468750,-120.000561
-19593.750000,-126.015015
-19582.031250,-124.742899
-19570.312500,-132.232019
-19558.593750,-139.028616
-19546.875000,-128.221214
-19535.156250,-124.770625
-19523.437500,-135.537704
-19511.718750,-129.350517
-19500.000000,-129.348818
-19488.281250,-130.523411
-19476.562500,-135.849816
-19464.843750,-129.863585
-19453.125000,-128.278245
-19441.406250,-129.016070
-19429.687500,-128.624543
-19417.968750,-134.277696
-19406.250000,-131.703979
-19394.531250,-127.273314
-19382.812500,-126.946331
-19371.093750,-126.409150
-19359.375000,-129.575984
-19347.656250,-143.996774
-19335.937500,-141.697496
-19324.218750,-142.933609
-19312.500000,-147.670238
-19300.781250,-139.324761
-19289.062500,-149.365394
-19277.343750,-143.797930
-19265.625000,-141.939594
-19253.906250,-148.111181
-19242.187500,-149.381503
-19230.468750,-152.126696
-19218.750000,-153.469343
-19207.031250,-159.234859
-19195.312500,-169.176503
-19183.593750,-153.014792
-19171.875000,-157.524435
-19160.156250,-149.380819
-19148.437500,-143.820197
-19136.718750,-148.360057
-19125.000000,-143.533146
-19113.281250,-153.544163
-19101.562500,-140.304598
-19089.843750,-144.556045
-19078.125000,-160.234361
-19066.406250,-149.959520
-19054.687500,-142.147308
-19042.968750,-139.048353
-19031.250000,-148.565506
-19019.531250,-135.812329
-19007.812500,-133.764398
-18996.093750,-131.539340
-18984.375000,-127.131965
-18972.656250,-127.707102
-18960.937500,-128.459191
-18949.218750,-145.825503
-18937.500000,-131.800971
-18925.781250,-127.324634
-18914.062500,-130.626029
-18902.343750,-125.567831
-18890.625000,-126.035643
-18878.906250,-135.118084
-18867.187500,-130.986945
-18855.468750,-128.138749
-18843.750000,-133.962694
-18832.031250,-136.457546
-18820.312500,-128.236438
-18808.593750,-126.714241
-18796.875000,-123.749593
-18785.156250,-126.682976
-18773.437500,-125.333492
-18761.718750,-126.254164
-18750.000000,-128.086796
-18738.281250,-123.541996
-18726.562500,-121.695347
-18714.843750,-123.662971
-18703.125000,-130.891272
-18691.406250,-129.734712
-18679.687500,-122.650600
-18667.968750,-121.980452
-18656.250000,-120.457116
-18644.531250,-125.288855
-18632.812500,-122.042594
-18621.093750,-117.457074
-18609.375000,-115.967615
-18597.656250,-116.627161
-18585.937500,-119.800085
-18574.218750,-119.456102
-18562.500000,-121.149891
-18550.781250,-126.747816
-18539.062500,-123.793412
-18527.343750,-126.417257
-18515.625000,-120.959485
-18503.906250,-123.934994
-18492.187500,-119.677281
-18480.468750,-117.831337
-18468.750000,-115.867162
-18457.031250,-117.203346
-18445.312500,-117.879293
-18433.593750,-124.590975
-18421.875000,-120.944707
-18410.156250,-118.773740
-18398.437500,-125.579181
-18386.718750,-119.887482
-18375.000000,-116.843031
-18363.281250,-120.643305
-18351.562500,-124.701607
-18339.843750,-145.876664
-18328.125000,-123.974653
-18316.406250,-131.881803
-18304.687500,-125.989448
-18292.968750,-115.792190
-18281.250000,-113.150872
-18269.531250,-115.275807
-18257.812500,-122.102619
-18246.093750,-125.861189
-18234.375000,-120.085724
-18222.656250,-119.217105
-18210.937500,-117.989399
-18199.218750,-118.804581
-18187.500000,-119.659954
-18175.781250,-120.117137
-18164.062500,-113.105864
-18152.343750,-116.486997
-18140.625000,-114.960618
-18128.906250,-116.630424
-18117.187500,-121.301771
-18105.468750,-117.972479
-18093.750000,-119.532045
-18082.031250,-132.163538
-18070.312500,-115.951020
-18058.593750,-112.590999
-18046.875000,-112.895891
-18035.156250,-111.467268
-18023.437500,-114.693030
-18011.718750,-119.801672
-18000.000000,-122.337791
-17988.281250,-118.499606
-17976.562500,-113.212809
-17964.843750,-115.356754
-17953.125000,-117.386203
-17941.406250,-118.670085
-17929.687500,-114.963511
-17917.968750,-115.899593
-17906.250000,-121.375770
-17894.531250,-111.974017
-17882.812500,-113.856189
-17871.093750,-126.330744
-17859.375000,-123.623820
-17847.656250,-114.491280
-17835.937500,-119.760116
-17824.218750,-114.994156
-17812.500000,-110.743874
-17800.781250,-114.024590
-17789.062500,-124.431563
-17777.343750,-126.035927
-17765.625000,-119.629178
-17753.906250,-116.942508
-17742.187500,-112.531213
-17730.468750,-109.031585
-17718.750000,-111.116431
-17707.031250,-114.835218
-17695.312500,-114.732096
-17683.593750,-112.936184
-17671.875000,-109.639062
-17660.156250,-112.260056
-17648.437500,-119.253452
-17636.718750,-111.311658
-17625.000000,-114.553469
-17613.281250,-122.063732
-17601.562500,-114.885344
-17589.843750,-114.813156
-17578.125000,-109.289537
-17566.406250,-108.170769
-17554.687500,-110.992385
-17542.968750,-118.130007
-17531.250000,-115.932775
-17519.531250,-111.040743
-17507.812500,-110.669595
-17496.093750,-116.459086
-17484.375000,-125.797819
-17472.656250,-116.055456
-17460.937500,-113.140673
-17449.218750,-111.620251
-17437.500000,-116.276872
-17425.781250,-117.036399
-17414.062500,-116.397523
-17402.343750,-112.524488
-17390.625000,-111.280922
-17378.906250,-114.876676
-17367.187500,-116.302147
-17355.468750,-113.383103
-17343.750000,-116.452675
-17332.031250,-114.676619
-17320.312500,-111.811290
-17308.593750,-110.460160
-17296.875000,-111.170933
-17285.156250,-120.480849
-17273.437500,-128.747976
-17261.718750,-117.848964
-17250.000000,-114.801129
-17238.281250,-112.556389
-17226.562500,-121.765580
-17214.843750,-122.383184
-17203.125000,-116.120355
-17191.406250,-113.947741
-17179.687500,-121.821627
-17167.968750,-118.447415
-17156.250000,-121.115576
-17144.531250,-114.016070
-17132.812500,-114.511651
-17121.093750,-112.902215
-17109.375000,-116.910133
-17097.656250,-119.336186
-17085.937500,-110.050537
-17074.218750,-109.901281
-17062.500000,-113.078063
-17050.781250,-111.809319
-17039.062500,-127.947257
-17027.343750,-113.609910
-17015.625000,-122.626799
-17003.906250,-120.907609
-16992.187500,-113.042599
-16980.468750,-109.961467
-16968.750000,-112.066121
-16957.031250,-116.761518
-16945.312500,-122.651113
-16933.593750,-123.456051
-16921.875000,-114.704946
-16910.156250,-122.517775
-16898.437500,-132.496573
-16886.718750,-116.134038
-16875.000000,-109.351307
-16863.281250,-107.742176
-16851.562500,-125.419295
-16839.843750,-130.402220
-16828.125000,-113.204554
-16816.406250,-115.483969
-16804.687500,-112.295338
-16792.968750,-108.898424
-16781.250000,-115.612877
-16769.531250,-114.555608
-16757.812500,-111.723985
-16746.093750,-111.545074
-16734.375000,-117.055644
-16722.656250,-114.761126
-16710.937500,-112.063491
-16699.218750,-116.015058
-16687.500000,-111.486062
-16675.781250,-111.943245
-16664.062500,-112.358115
-16652.343750,-116.932141
-16640.625000,-115.488130
-16628.906250,-115.652740
-16617.187500,-118.188701
-16605.468750,-127.513086
-16593.750000,-123.985361
-16582.031250,-123.218976
-16570.312500,-112.487731
-16558.593750,-105.021617
-16546.875000,-109.138201
-16535.156250,-120.423220
-16523.437500,-114.437836
-16511.718750,-113.873427
-16500.000000,-109.876929
-16488.281250,-106.296671
-16476.562500,-103.273990
-16464.843750,-104.007290
-16453.125000,-113.980386
-16441.406250,-115.443429
-16429.687500,-125.452836
-16417.968750,-122.007435
-16406.250000,-111.431754
-16394.531250,-108.852475
-16382.812500,-107.611663
-16371.093750,-107.156197
-16359.375000,-113.261455
-16347.656250,-110.571478
-16335.937500,-113.100067
-16324.218750,-109.178376
-16312.500000,-109.650164
-16300.781250,-115.363730
-16289.062500,-104.712521
-16277.343750,-104.304564
-16265.625000,-107.426152
-16253.906250,-107.334977
-16242.187500,-111.960728
-16230.468750,-115.557655
-16218.750000,-112.116393
-16207.031250,-113.610142
-16195.312500,-113.258172
-16183.593750,-120.680215
-16171.875000,-114.592505
-16160.156250,-112.965323
-16148.437500,-114.266289
-16136.718750,-108.303654
-16125.000000,-104.678454
-16113.281250,-104.466044
-16101.562500,-109.872116
-16089.843750,-108.159513
-16078.125000,-107.252173
-16066.406250,-108.821095
-16054.687500,-104.881609
-16042.968750,-103.223514
-16031.250000,-104.835911
-16019.531250,-110.137447
-16007.812500,-118.329189
-15996.093750,-109.423236
-15984.375000,-109.003280
-15972.656250,-108.944052
-15960.937500,-108.894452
-15949.218750,-106.009367
-15937.500000,-107.878381
-15925.781250,-111.022374
-15914.062500,-109.625769
-15902.343750,-105.641488
-15890.625000,-106.650147
-15878.906250,-107.304689
-15867.187500,-103.183861
-15855.468750,-100.719295
-15843.750000,-101.814092
-15832.031250,-105.228817
-15820.312500,-111.182576
-15808.593750,-113.302020
-15796.875000,-103.261602
-15785.156250,-101.839896
-15773.437500,-103.643452
-15761.718750,-106.491646
-15750.000000,-115.779775
-15738.281250,-109.138962
-15726.562500,-105.846535
-15714.843750,-114.369478
-15703.125000,-108.109600
-15691.406250,-103.840601
-15679.687500,-108.316426
-15667.968750,-109.261789
-15656.250000,-101.575194
-15644.531250,-106.939724
-15632.812500,-117.055518
-15621.093750,-111.852928
-15609.375000,-103.268799
-15597.656250,-101.095844
-15585.937500,-103.333916
-15574.218750,-104.599755
-15562.500000,-104.337213
-15550.781250,-102.839953
-15539.062500,-101.733101
-15527.343750,-102.292831
-15515.625000,-101.046877
-15503.906250,-107.187888
-15492.187500,-104.977045
-15480.468750,-104.316790
-15468.750000,-106.763474
-15457.031250,-103.627913
-15445.312500,-106.483586
-15433.593750,-117.800679
-15421.875000,-101.171593
-15410.156250,-105.303920
-15398.437500,-104.245071
-15386.718750,-100.461268
-15375.000000,-106.085435
-15363.281250,-105.109539
-15351.562500,-110.522811
-15339.843750,-117.107020
-15328.125000,-104.585255
-15316.406250,-104.548431
-15304.687500,-102.642068
-15292.968750,-106.465966
-15281.250000,-115.360861
-15269.531250,-102.112527
-15257.812500,-97.390920
-15246.093750,-98.728194
-15234.375000,-103.688299
-15222.656250,-111.419635
-15210.937500,-107.456472
-15199.218750,-102.657618
-15187.500000,-100.883808
-15175.781250,-99.911647
-15164.062500,-100.207594
-15152.343750,-103.424169
-15140.625000,-122.254017
-15128.906250,-109.449288
-15117.187500,-106.315992
-15105.468750,-106.050461
-15093.750000,-104.767784
-15082.031250,-102.934911
-15070.312500,-100.050158
-15058.593750,-107.610166
-15046.875000,-105.689890
-15035.156250,-100.424093
-15023.437500,-103.908059
-15011.718750,-104.415231
-15000.000000,-101.663170
-14988.281250,-105.306890
-14976.562500,-100.827270
-14964.843750,-97.438446
-14953.125000,-98.595687
-14941.406250,-103.200594
-14929.687500,-100.740423
-14917.968750,-99.230473
-14906.250000,-107.460590
-14894.531250,-110.079462
-14882.812500,-103.239649
-14871.093750,-102.344763
-14859.375000,-111.654021
-14847.656250,-121.103035
-14835.937500,-108.018493
-14824.218750,-102.162874
-14812.500000,-105.010330
-14800.781250,-106.772040
-14789.062500,-104.890384
-14777.343750,-109.451573
-14765.625000,-105.719438
-14753.906250,-104.582095
-14742.187500,-105.119267
-14730.468750,-108.549204
-14718.750000,-104.329814
-14707.031250,-104.767380
-14695.312500,-109.371684
-14683.593750,-105.809084
-14671.875000,-100.224926
-14660.156250,-109.786668
-14648.437500,-112.884046
-14636.718750,-106.435485
-14625.000000,-102.273146
-14613.281250,-116.758528
-14601.562500,-108.571309
-14589.843750,-118.797606
-14578.125000,-103.577864
-14566.406250,-104.627245
-14554.687500,-115.586881
-14542.968750,-108.603754
-14531.250000,-105.606054
-14519.531250,-110.077559
-14507.812500,-107.234609
-14496.093750,-102.722799
-14484.375000,-104.181261
-14472.656250,-107.990781
-14460.937500,-108.334340
-14449.218750,-107.823836
-14437.500000,-102.190448
-14425.781250,-111.840857
-14414.062500,-109.916644
-14402.343750,-105.315713
-14390.625000,-99.196365
-14378.906250,-102.134134
-14367.187500,-112.490991
-14355.468750,-123.746175
-14343.750000,-109.905830
-14332.031250,-102.958063
-14320.312500,-103.190570
-14308.593750,-104.521571
-14296.875000,-101.202470
-14285.156250,-103.097953
-14273.437500,-104.370549
-14261.718750,-110.836629
-14250.000000,-105.261973
-14238.281250,-101.365475
-14226.562500,-100.139513
-14214.843750,-104.345498
-14203.125000,-105.634085
-14191.406250,-101.273611
-14179.687500,-104.646976
-14167.968750,-109.560671
-14156.250000,-102.510726
-14144.531250,-106.332555
-14132.812500,-108.837970
-14121.093750,-105.749731
-14109.375000,-118.872814
-14097.656250,-110.327483
-14085.937500,-100.708998
-14074.218750,-96.721061
-14062.500000,-101.173004
-14050.781250,-111.915417
-14039.062500,-118.225329
-14027.343750,-103.029905
-14015.625000,-101.121975
-14003.906250,-102.992334
-13992.187500,-106.713796
-13980.468750,-109.825317
-13968.750000,-121.046986
-13957.031250,-124.177763
-13945.312500,-103.147376
-13933.593750,-102.032111
-13921.875000,-103.633464
-13910.156250,-104.602285
-13898.437500,-115.155322
-13886.718750,-113.088629
-13875.000000,-107.639103
-13863.281250,-108.702257
-13851.562500,-112.902807
-13839.843750,-112.723410
-13828.125000,-109.640322
-13816.406250,-104.447061
-13804.687500,-109.813612
-13792.968750,-101.649768
-13781.250000,-99.032184
-13769.531250,-101.018670
-13757.812500,-102.812911
-13746.093750,-99.895153
-13734.375000,-99.072852
-13722.656250,-106.511165
-13710.937500,-109.968640
-13699.218750,-106.129058
-13687.500000,-114.251320
-13675.781250,-107.448656
-13664.062500,-109.185161
-13652.343750,-104.335733
-13640.625000,-107.840706
-13628.906250,-101.554847
-13617.187500,-99.781998
-13605.468750,-108.836204
-13593.750000,-98.323547
-13582.031250,-97.367057
-13570.312500,-99.063361
-13558.593750,-104.400748
-13546.875000,-111.171568
-13535.156250,-108.817816
-13523.437500,-107.460099
-13511.718750,-102.721172
-13500.000000,-106.243119
-13488.281250,-117.556602
-13476.562500,-111.195139
-13464.843750,-104.355964
-13453.125000,-104.084472
-13441.406250,-119.790769
-13429.687500,-105.741351
-13417.968750,-107.016165
-13406.250000,-101.051852
-13394.531250,-99.037781
-13382.812500,-103.345796
-13371.093750,-101.478660
-13359.375000,-99.800203
-13347.656250,-100.355412
-13335.937500,-108.346194
-13324.218750,-112.869892
-13312.500000,-109.331640
-13300.781250,-107.623845
-13289.062500,-104.033643
-13277.343750,-104.381229
-13265.625000,-105.710971
-13253.906250,-111.750464
-13242.187500,-111.468770
-13230.468750,-107.105463
-13218.750000,-105.989951
-13207.031250,-104.655312
-13195.312500,-107.204328
-13183.593750,-114.294494
-13171.875000,-106.812677
-13160.156250,-105.529380
-13148.437500,-108.548723
-13136.718750,-116.241348
-13125.000000,-120.162017
-13113.281250,-122.295740
-13101.562500,-110.194602
-13089.843750,-119.312169
-13078.125000,-111.142327
-13066.406250,-129.230578
-13054.687500,-114.606618
-13042.968750,-113.679057
-13031.250000,-110.654684
-13019.531250,-110.413796
-13007.812500,-118.520268
-12996.093750,-127.528655
-12984.375000,-112.731820
-12972.656250,-111.998199
-12960.937500,-109.524496
-12949.218750,-112.041915
-12937.500000,-119.772028
-12925.781250,-131.474502
-12914.062500,-109.351009
-12902.343750,-116.758889
-12890.625000,-110.308198
-12878.906250,-109.606995
-12867.187500,-119.612808
-12855.468750,-117.958051
-12843.750000,-111.832216
-12832.031250,-110.046486
-12820.312500,-111.323454
-12808.593750,-110.989283
-12796.875000,-110.446653
-12785.156250,-110.918833
-12773.437500,-117.361258
-12761.718750,-136.541230
-12750.000000,-115.447321
-12738.281250,-113.981258
-12726.562500,-116.735167
-12714.843750,-113.336704
-12703.125000,-109.255767
-12691.406250,-117.266348
-12679.687500,-112.738408
-12667.968750,-117.166526
-12656.250000,-113.269898
-12644.531250,-117.221516
-12632.812500,-113.740461
-12621.093750,-130.968181
-12609.375000,-113.030624
-12597.656250,-112.873717
-12585.937500,-119.096247
-12574.218750,-123.298746
-12562.500000,-113.206415
-12550.781250,-112.826087
-12539.062500,-111.538696
-12527.343750,-113.347942
-12515.625000,-114.706896
-12503.906250,-114.685991
-12492.187500,-119.475984
-12480.468750,-115.626020
-12468.750000,-117.577614
-12457.031250,-133.008470
-12445.312500,-127.092897
-12433.593750,-121.586792
-12421.875000,-122.334635
-12410.156250,-118.767675
-12398.437500,-122.553572
-12386.718750,-122.462980
-12375.000000,-117.109428
-12363.281250,-118.142932
-12351.562500,-115.109057
-12339.843750,-119.381648
-12328.125000,-128.618806
-12316.406250,-121.582594
-12304.687500,-124.878935
-12292.968750,-125.888607
-12281.250000,-119.601783
-12269.531250,-126.184045
-12257.812500,-129.495416
-12246.093750,-121.145772
-12234.375000,-120.445300
-12222.656250,-133.139282
-12210.937500,-122.147774
-12199.218750,-125.517060
-12187.500000,-125.965889
-12175.781250,-126.857298
-12164.062500,-127.386639
-12152.343750,-132.510028
-12140.625000,-134.277570
-12128.906250,-127.728264
-12117.187500,-126.625374
-12105.468750,-140.317002
-12093.750000,-135.689084
-12082.031250,-131.014801
-12070.312500,-129.982755
-12058.593750,-131.829017
-12046.875000,-140.279431
-12035.156250,-143.562493
-12023.437500,-140.764462
-12011.718750,-149.270153
-12000.000000,-201.449719
-11988.281250,-154.905092
-11976.562500,-142.709810
-11964.843750,-138.798099
-11953.125000,-140.337049
-11941.406250,-134.937052
-11929.687500,-130.259793
-11917.968750,-143.889128
-11906.250000,-130.994076
-11894.531250,-132.427669
-11882.812500,-137.763040
-11871.093750,-132.037475
-11859.375000,-124.059285
-11847.656250,-123.164309
-11835.937500,-137.965657
-11824.218750,-137.664749
-11812.500000,-145.308262
-11800.781250,-134.468078
-11789.062500,-121.129097
-11777.343750,-119.094494
-11765.625000,-132.280723
-11753.906250,-143.187837
-11742.187500,-123.256456
-11730.468750,-125.574840
-11718.750000,-123.637106
-11707.031250,-125.909443
-11695.312500,-132.716595
-11683.593750,-131.424043
-11671.875000,-127.510103
-11660.156250,-119.779876
-11648.437500,-125.384583
-11636.718750,-127.435378
-11625.000000,-120.963768
-11613.281250,-118.336925
-11601.562500,-114.612088
-11589.843750,-120.437304
-11578.125000,-119.816890
-11566.406250,-117.415963
-11554.687500,-123.447320
-11542.968750,-124.942391
-11531.250000,-120.172866
-11519.531250,-118.233609
-11507.812500,-119.197006
-11496.093750,-119.843570
-11484.375000,-120.669020
-11472.656250,-120.552877
-11460.937500,-117.580400
-11449.218750,-116.191257
-11437.500000,-121.452735
-11425.781250,-144.275949
-11414.062500,-122.948552
-11402.343750,-123.739554
-11390.625000,-111.957485
-11378.906250,-116.640469
-11367.187500,-122.946174
-11355.468750,-121.173356
-11343.750000,-114.179426
-11332.031250,-111.236803
-11320.312500,-113.814175
-11308.593750,-117.198710
-11296.875000,-111.418965
-11285.156250,-107.953449
-11273.437500,-109.521779
-11261.718750,-111.273816
-11250.000000,-116.382011
-11238.281250,-113.790663
-11226.562500,-111.280989
-11214.843750,-112.858318
-11203.125000,-125.276490
-11191.406250,-119.363900
-11179.687500,-121.483239
-11167.968750,-121.502274
-11156.250000,-121.419537
-11144.531250,-128.051425
-11132.812500,-117.864310
-11121.093750,-112.009361
-11109.375000,-110.581516
-11097.656250,-131.141405
-11085.937500,-110.075113
-11074.218750,-105.239524
-11062.500000,-105.918948
-11050.781250,-108.485291
-11039.062500,-110.293614
-11027.343750,-111.384582
-11015.625000,-126.915808
-11003.906250,-113.265065
-10992.187500,-112.346183
-10980.468750,-118.482927
-10968.750000,-112.133848
-10957.031250,-110.585766
-10945.312500,-122.997229
-10933.593750,-114.155240
-10921.875000,-119.172244
-10910.156250,-112.029395
-10898.437500,-124.249596
-10886.718750,-121.932055
-10875.000000,-113.662521
-10863.281250,-123.220497
-10851.562500,-119.694752
-10839.843750,-117.517798
-10828.125000,-117.078796
-10816.406250,-118.016099
-10804.687500,-108.710741
-10792.968750,-118.037011
-10781.250000,-112.298066
-10769.531250,-112.596677
-10757.812500,-112.339075
-10746.093750,-105.825669
-10734.375000,-102.774777
-10722.656250,-103.896053
-10710.937500,-107.986031
-10699.218750,-111.189782
-10687.500000,-105.025757
-10675.781250,-113.905951
-10664.062500,-116.346077
-10652.343750,-110.308376
-10640.625000,-110.768272
-10628.906250,-110.715944
-10617.187500,-108.104232
-10605.468750,-102.272433
-10593.750000,-100.478912
-10582.031250,-102.607062
-10570.312500,-103.182889
-10558.593750,-103.950164
-10546.875000,-107.838545
-10535.156250,-123.965353
-10523.437500,-110.307063
-10511.718750,-109.230232
-10500.000000,-120.071644
-10488.281250,-106.056582
-10476.562500,-107.455022
-10464.843750,-108.145483
-10453.125000,-106.449094
-10441.406250,-113.012085
-10429.687500,-105.205287
-10417.968750,-111.184482
-10406.250000,-107.479154
-10394.531250,-103.258063
-10382.812500,-107.857540
-10371.093750,-102.236126
-10359.375000,-99.632225
-10347.656250,-103.431036
-10335.937500,-121.502579
-10324.218750,-116.784756
-10312.500000,-113.422473
-10300.781250,-108.004348
-10289.062500,-110.196454
-10277.343750,-108.295090
-10265.625000,-103.098232
-10253.906250,-105.728041
-10242.187500,-107.592481
-10230.468750,-106.236373
-10218.750000,-105.193519
-10207.031250,-111.749174
-10195.312500,-119.567431
-10183.593750,-120.761149
-10171.875000,-116.592026
-10160.156250,-116.116261
-10148.437500,-110.033815
-10136.718750,-144.674579
-10125.000000,-125.930730
-10113.281250,-121.036908
-10101.562500,-114.947437
-10089.843750,-115.025720
-10078.125000,-123.911145
-10066.406250,-115.383366
-10054.687500,-111.179547
-10042.968750,-114.152332
-10031.250000,-125.947168
-10019.531250,-119.585573
-10007.812500,-113.241267
-9996.093750,-112.874466
-9984.375000,-111.533057
-9972.656250,-111.777359
-9960.937500,-113.010340
-9949.218750,-124.826508
-9937.500000,-111.383830
-9925.781250,-112.141894
-9914.062500,-113.362308
-9902.343750,-121.092121
-9890.625000,-111.148810
-9878.906250,-115.032742
-9867.187500,-113.894954
-9855.468750,-112.378514
-9843.750000,-114.454280
-9832.031250,-123.203089
-9820.312500,-111.156961
-9808.593750,-111.292882
-9796.875000,-116.816799
-9785.156250,-116.623755
-9773.437500,-120.001972
-9761.718750,-129.784534
-9750.000000,-121.019932
-9738.281250,-124.654539
-9726.562500,-129.026577
-9714.843750,-146.202546
-9703.125000,-126.500766
-9691.406250,-125.156454
-9679.687500,-126.608874
-9667.968750,-133.008951
-9656.250000,-136.909134
-9644.531250,-148.442070
-9632.812500,-137.803295
-9621.093750,-146.725669
-9609.375000,-144.953923
-9597.656250,-156.312727
-9585.937500,-137.017529
-9574.218750,-133.698334
-9562.500000,-131.336277
-9550.781250,-127.828023
-9539.062500,-128.137808
-9527.343750,-126.559196
-9515.625000,-122.732116
-9503.906250,-128.453049
-9492.187500,-123.838588
-9480.468750,-120.590191
-9468.750000,-122.901077
-9457.031250,-118.996311
-9445.312500,-124.485610
-9433.593750,-124.544084
-9421.875000,-129.317441
-9410.156250,-117.262081
-9398.437500,-114.787597
-9386.718750,-118.639973
-9375.000000,-121.763785
-9363.281250,-115.653194
-9351.562500,-116.190924
-9339.843750,-133.938084
-9328.125000,-118.022193
-9316.406250,-131.089943
-9304.687500,-119.166174
-9292.968750,-116.638849
-9281.250000,-115.324195
-9269.531250,-125.186052
-9257.812500,-113.086090
-9246.093750,-104.777190
-9234.375000,-110.201231
-9222.656250,-110.193317
-9210.937500,-113.057477
-9199.218750,-116.962486
-9187.500000,-115.763232
-9175.781250,-127.678254
-9164.062500,-111.379169
-9152.343750,-103.844853
-9140.625000,-102.913444
-9128.906250,-108.131858
-9117.187500,-115.743197
-9105.468750,-109.281381
-9093.750000,-105.609028
-9082.031250,-102.556353
-9070.312500,-102.763763
-9058.593750,-104.647043
-9046.875000,-108.158317
-9035.156250,-108.105197
-9023.437500,-106.236062
-9011.718750,-105.206583
-9000.000000,-114.533107
-8988.281250,-104.072435
-8976.562500,-104.261324
-8964.843750,-103.579784
-8953.125000,-105.997237
-8941.406250,-125.796079
-8929.687500,-112.665522
-8917.968750,-103.110190
-8906.250000,-101.062297
-8894.531250,-105.273426
-8882.812500,-115.876346
-8871.093750,-101.743040
-8859.375000,-101.559175
-8847.656250,-110.268935
-8835.937500,-105.972275
-8824.218750,-116.496340
-8812.500000,-111.011788
-8800.781250,-107.139094
-8789.062500,-98.047439
-8777.343750,-103.913486
-8765.625000,-98.865258
-8753.906250,-101.039912
-8742.187500,-105.031398
-8730.468750,-95.653384
-8718.750000,-95.390509
-8707.031250,-100.645325
-8695.312500,-104.572317
-8683.593750,-102.581737
-8671.875000,-103.881831
-8660.156250,-109.062864
-8648.437500,-112.766254
-8636.718750,-101.661881
-8625.000000,-108.988131
-8613.281250,-105.586769
-8601.562500,-102.787515
-8589.843750,-118.700467
-8578.125000,-106.179407
-8566.406250,-116.702000
-8554.687500,-106.721083
-8542.968750,-101.930980
-8531.250000,-104.040904
-8519.531250,-101.931160
-8507.812500,-107.951454
-8496.093750,-108.816770
-8484.375000,-106.486418
-8472.656250,-100.423920
-8460.937500,-98.415944
-8449.218750,-100.195007
-8437.500000,-98.672555
-8425.781250,-98.354392
-8414.062500,-98.120267
-8402.343750,-98.284294
-8390.625000,-105.002650
-8378.906250,-102.591135
-8367.187500,-100.465030
-8355.468750,-106.285875
-8343.750000,-107.823920
-8332.031250,-103.451037
-8320.312500,-97.012547
-8308.593750,-97.436501
-8296.875000,-100.857634
-8285.156250,-97.647660
-8273.437500,-120.492590
-8261.718750,-108.096188
-8250.000000,-100.325019
-8238.281250,-96.799756
-8226.562500,-99.334266
-8214.843750,-102.933602
-8203.125000,-99.721725
-8191.406250,-97.310800
-8179.687500,-102.279572
-8167.968750,-107.796342
-8156.250000,-96.397548
-8144.531250,-92.113526
-8132.812500,-91.435383
-8121.093750,-95.804529
-8109.375000,-100.064506
-8097.656250,-97.889963
-8085.937500,-95.066003
-8074.218750,-94.195607
-8062.500000,-93.977462
-8050.781250,-96.814211
-8039.062500,-100.285518
-8027.343750,-101.247275
-8015.625000,-95.460823
-8003.906250,-97.332348
-7992.187500,-98.988644
-7980.468750,-98.855761
-7968.750000,-94.238556
-7957.031250,-96.341065
-7945.312500,-96.148608
-7933.593750,-111.607558
-7921.875000,-93.782805
-7910.156250,-101.493041
-7898.437500,-95.576379
-7886.718750,-92.868732
-7875.000000,-92.715659
-7863.281250,-92.207991
-7851.562500,-91.116343
-7839.843750,-96.847001
-7828.125000,-95.286859
-7816.406250,-94.168464
-7804.687500,-94.615887
-7792.968750,-101.959046
-7781.250000,-92.443848
-7769.531250,-88.204015
-7757.812500,-94.959951
-7746.093750,-95.641092
-7734.375000,-91.953761
-7722.656250,-83.888384
-7710.937500,-84.802577
-7699.218750,-92.922537
-7687.500000,-104.817829
-7675.781250,-93.839730
-7664.062500,-99.757563
-7652.343750,-96.363582
-7640.625000,-90.191010
-7628.906250,-96.440146
-7617.187500,-96.684698
-7605.468750,-91.508326
-7593.750000,-89.032232
-7582.031250,-86.671620
-7570.312500,-84.643048
-7558.593750,-85.395148
-7546.875000,-87.864823
-7535.156250,-95.990030
-7523.437500,-95.804304
-7511.718750,-91.164391
-7500.000000,-90.329712
-7488.281250,-85.031481
-7476.562500,-83.362712
-7464.843750,-85.829110
-7453.125000,-89.597154
-7441.406250,-99.032760
-7429.687500,-94.120893
-7417.968750,-90.888193
-7406.250000,-90.999823
-7394.531250,-87.729872
-7382.812500,-93.432254
-7371.093750,-98.744229
-7359.375000,-91.347495
-7347.656250,-91.081405
-7335.937500,-97.841626
-7324.218750,-92.799560
-7312.500000,-101.090923
-7300.781250,-88.552894
-7289.062500,-87.710137
-7277.343750,-101.017793
-7265.625000,-93.352649
-7253.906250,-95.039260
-7242.187500,-99.430652
-7230.468750,-88.449373
-7218.750000,-84.670411
-7207.031250,-87.885604
-7195.312500,-86.309083
-7183.593750,-87.537898
-7171.875000,-93.734595
-7160.156250,-90.068990
-7148.437500,-89.924048
-7136.718750,-103.058844
-7125.000000,-92.274650
-7113.281250,-89.280855
-7101.562500,-98.049615
-7089.843750,-96.611541
-7078.125000,-90.115640
-7066.406250,-87.046008
-7054.687500,-89.615568
-7042.968750,-101.356213
-7031.250000,-90.916178
-7019.531250,-97.131625
-7007.812500,-89.748073
-6996.093750,-86.132588
-6984.375000,-91.444586
-6972.656250,-89.566307
-6960.937500,-82.310848
-6949.218750,-82.292563
-6937.500000,-84.420634
-6925.781250,-89.308353
-6914.062500,-88.310113
-6902.343750,-96.227126
-6890.625000,-89.696785
-6878.906250,-87.449466
-6867.187500,-98.405593
-6855.468750,-92.835228
-6843.750000,-83.696167
-6832.031250,-81.439510
-6820.312500,-85.843928
-6808.593750,-89.121264
-6796.875000,-93.530767
-6785.156250,-87.907490
-6773.437500,-85.668629
-6761.718750,-88.728962
-6750.000000,-93.240407
-6738.281250,-88.456075
-6726.562500,-83.343957
-6714.843750,-83.610227
-6703.125000,-87.752764
-6691.406250,-84.545112
-6679.687500,-91.815126
-6667.968750,-91.460371
-6656.250000,-89.232718
-6644.531250,-84.751723
-6632.812500,-84.076412
-6621.093750,-90.055220
-6609.375000,-86.844593
-6597.656250,-86.987326
-6585.937500,-87.884585
-6574.218750,-89.950819
-6562.500000,-88.146518
-6550.781250,-81.761299
-6539.062500,-84.245519
-6527.343750,-92.163667
-6515.625000,-91.869178
-6503.906250,-84.753026
-6492.187500,-82.811938
-6480.468750,-95.267999
-6468.750000,-90.778686
-6457.031250,-82.965169
-6445.312500,-85.193604
-6433.593750,-88.465161
-6421.875000,-90.239916
-6410.156250,-93.232053
-6398.437500,-97.853938
-6386.718750,-97.898109
-6375.000000,-83.965549
-6363.281250,-82.110722
-6351.562500,-95.815214
-6339.843750,-90.109802
-6328.125000,-97.764744
-6316.406250,-91.921927
-6304.687500,-86.422203
-6292.968750,-85.455988
-6281.250000,-92.582483
-6269.531250,-89.497658
-6257.812500,-89.182841
-6246.093750,-99.051285
-6234.375000,-94.280511
-6222.656250,-90.103272
-6210.937500,-91.183246
-6199.218750,-82.502416
-6187.500000,-86.378573
-6175.781250,-91.389505
-6164.062500,-93.426189
-6152.343750,-96.073751
-6140.625000,-93.992004
-6128.906250,-90.312013
-6117.187500,-85.625268
-6105.468750,-91.338199
-6093.750000,-90.791571
-6082.031250,-84.557279
-6070.312500,-86.308934
-6058.593750,-84.973785
-6046.875000,-90.256409
-6035.156250,-90.808841
-6023.437500,-79.922159
-6011.718750,-80.708190
-6000.000000,-86.949262
-5988.281250,-89.479906
-5976.562500,-89.694845
-5964.843750,-83.921790
-5953.125000,-87.333432
-5941.406250,-84.620750
-5929.687500,-81.529250
-5917.968750,-111.863332
-5906.250000,-83.605405
-5894.531250,-92.101573
-5882.812500,-90.659138
-5871.093750,-87.393118
-5859.375000,-82.301586
-5847.656250,-82.990833
-5835.937500,-86.901968
-5824.218750,-85.337841
-5812.500000,-82.094542
-5800.781250,-84.557504
-5789.062500,-86.610872
-5777.343750,-110.455831
-5765.625000,-84.596139
-5753.906250,-87.155088
-5742.187500,-89.509011
-5730.468750,-83.534055
-5718.750000,-82.909836
-5707.031250,-90.834459
-5695.312500,-92.855452
-5683.593750,-88.687223
-5671.875000,-85.579365
-5660.156250,-92.215880
-5648.437500,-86.764278
-5636.718750,-84.350761
-5625.000000,-82.474922
-5613.281250,-83.023592
-5601.562500,-90.635711
-5589.843750,-88.247232
-5578.125000,-98.590795
-5566.406250,-90.100374
-5554.687500,-89.211430
-5542.968750,-98.372258
-5531.250000,-84.820359
-5519.531250,-79.749764
-5507.812500,-76.710590
-5496.093750,-76.494017
-5484.375000,-78.256511
-5472.656250,-78.915581
-5460.937500,-81.297275
-5449.218750,-87.931050
-5437.500000,-81.550066
-5425.781250,-90.198720
-5414.062500,-87.256327
-5402.343750,-80.425659
-5390.625000,-85.507857
-5378.906250,-83.046046
-5367.187500,-90.178803
-5355.468750,-90.404580
-5343.750000,-82.822607
-5332.031250,-82.607983
-5320.312500,-91.095901
-5308.593750,-85.605451
-5296.875000,-81.915917
-5285.156250,-83.415361
-5273.437500,-85.821539
-5261.718750,-88.704761
-5250.000000,-87.388337
-5238.281250,-79.279862
-5226.562500,-80.542288
-5214.843750,-86.298750
-5203.125000,-90.614277
-5191.406250,-81.143804
-5179.687500,-85.385045
-5167.968750,-87.497249
-5156.250000,-90.663953
-5144.531250,-81.460354
-5132.812500,-85.143180
-5121.093750,-81.457217
-5109.375000,-79.225527
-5097.656250,-85.627965
-5085.937500,-87.615201
-5074.218750,-79.437483
-5062.500000,-79.571188
-5050.781250,-81.994731
-5039.062500,-83.304693
-5027.343750,-83.576764
-5015.625000,-81.797830
-5003.906250,-81.337477
-4992.187500,-84.970234
-4980.468750,-88.192536
-4968.750000,-81.504264
-4957.031250,-80.219720
-4945.312500,-79.383304
-4933.593750,-88.868871
-4921.875000,-85.056596
-4910.156250,-92.251392
-4898.437500,-80.660526
-4886.718750,-80.188413
-4875.000000,-82.842006
-4863.281250,-82.910891
-4851.562500,-84.371195
-4839.843750,-87.038215
-4828.125000,-84.704506
-4816.406250,-79.786980
-4804.687500,-80.470936
-4792.968750,-84.213382
-4781.250000,-82.053041
-4769.531250,-87.832062
-4757.812500,-84.439046
-4746.093750,-86.922564
-4734.375000,-86.911850
-4722.656250,-80.515135
-4710.937500,-84.083386
-4699.218750,-87.686723
-4687.500000,-81.622214
-4675.781250,-79.951454
-4664.062500,-83.339614
-4652.343750,-85.332791
-4640.625000,-80.921039
-4628.906250,-83.197955
-4617.187500,-78.857362
-4605.468750,-75.781879
-4593.750000,-82.175987
-4582.031250,-91.258632
-4570.312500,-93.719826
-4558.593750,-85.792456
-4546.875000,-84.765463
-4535.156250,-87.856236
-4523.437500,-80.587746
-4511.718750,-74.927580
-4500.000000,-72.265461
-4488.281250,-77.560999
-4476.562500,-81.076442
-4464.843750,-82.837050
-4453.125000,-84.252520
-4441.406250,-79.432047
-4429.687500,-75.775305
-4417.968750,-84.737907
-4406.250000,-81.245178
-4394.531250,-82.846930
-4382.812500,-79.379426
-4371.093750,-81.291260
-4359.375000,-82.900348
-4347.656250,-84.198498
-4335.937500,-82.882107
-4324.218750,-76.710207
-4312.500000,-79.882573
-4300.781250,-76.617371
-4289.062500,-74.898358
-4277.343750,-80.032743
-4265.625000,-79.269411
-4253.906250,-77.346851
-4242.187500,-75.696398
-4230.468750,-80.696440
-4218.750000,-89.655606
-4207.031250,-93.376851
-4195.312500,-83.478769
-4183.593750,-77.363229
-4171.875000,-79.569367
-4160.156250,-96.160352
-4148.437500,-82.683515
-4136.718750,-76.700875
-4125.000000,-77.702077
-4113.281250,-85.838180
-4101.562500,-83.842658
-4089.843750,-81.542663
-4078.125000,-81.182936
-4066.406250,-89.235364
-4054.687500,-84.979516
-4042.968750,-83.549699
-4031.250000,-80.702618
-4019.531250,-73.530070
-4007.812500,-71.626250
-3996.093750,-74.471535
-3984.375000,-75.031464
-3972.656250,-77.126525
-3960.937500,-78.335212
-3949.218750,-78.392294
-3937.500000,-80.265147
-3925.781250,-78.929470
-3914.062500,-81.212942
-3902.343750,-84.755063
-3890.625000,-74.210347
-3878.906250,-72.724099
-3867.187500,-79.928822
-3855.468750,-86.138930
-3843.750000,-78.455053
-3832.031250,-73.769371
-3820.312500,-77.196041
-3808.593750,-76.369292
-3796.875000,-84.988257
-3785.156250,-82.686981
-3773.437500,-81.282221
-3761.718750,-77.138964
-3750.000000,-77.922478
-3738.281250,-78.599295
-3726.562500,-83.436282
-3714.843750,-77.345276
-3703.125000,-73.071713
-3691.406250,-77.235099
-3679.687500,-87.079197
-3667.968750,-80.086628
-3656.250000,-88.306896
-3644.531250,-81.588887
-3632.812500,-81.583279
-3621.093750,-78.188540
-3609.375000,-81.179595
-3597.656250,-77.380607
-3585.937500,-83.542458
-3574.218750,-87.943265
-3562.500000,-77.694400
-3550.781250,-77.177410
-3539.062500,-76.047547
-3527.343750,-78.477170
-3515.625000,-85.812581
-3503.906250,-82.000383
-3492.187500,-75.913674
-3480.468750,-77.261880
-3468.750000,-76.344331
-3457.031250,-72.081252
-3445.312500,-78.285400
-3433.593750,-78.553068
-3421.875000,-76.049062
-3410.156250,-75.072821
-3398.437500,-72.195612
-3386.718750,-76.220396
-3375.000000,-88.669573
-3363.281250,-100.147506
-3351.562500,-93.905337
-3339.843750,-82.899902
-3328.125000,-77.229415
-3316.406250,-75.906211
-3304.687500,-74.925071
-3292.968750,-82.785234
-3281.250000,-82.755297
-3269.531250,-77.290676
-3257.812500,-79.095225
-3246.093750,-91.157730
-3234.375000,-82.725699
-3222.656250,-75.619148
-3210.937500,-76.100785
-3199.218750,-71.317138
-3187.500000,-74.001620
-3175.781250,-76.777865
-3164.062500,-93.035030
-3152.343750,-83.779068
-3140.625000,-78.159395
-3128.906250,-78.004981
-3117.187500,-79.840871
-3105.468750,-82.477094
-3093.750000,-80.859801
-3082.031250,-84.663182
-3070.312500,-77.208101
-3058.593750,-73.214038
-3046.875000,-74.670944
-3035.156250,-77.580729
-3023.437500,-88.697293
-3011.718750,-72.703187
-3000.000000,-68.103244
-2988.281250,-71.667633
-2976.562500,-90.064393
-2964.843750,-76.251814
-2953.125000,-77.455767
-2941.406250,-73.087528
-2929.687500,-74.314477
-2917.968750,-76.335616
-2906.250000,-71.944945
-2894.531250,-75.831430
-2882.812500,-82.404073
-2871.093750,-99.480161
-2859.375000,-78.174494
-2847.656250,-70.511244
-2835.937500,-76.693324
-2824.218750,-86.902645
-2812.500000,-77.604136
-2800.781250,-74.160351
-2789.062500,-71.240154
-2777.343750,-70.676546
-2765.625000,-75.572445
-2753.906250,-73.572136
-2742.187500,-65.229693
-2730.468750,-64.461169
-2718.750000,-65.431235
-2707.031250,-65.929784
-2695.312500,-75.439565
-2683.593750,-72.550045
-2671.875000,-72.606455
-2660.156250,-87.846183
-2648.437500,-82.359841
-2636.718750,-71.865975
-2625.000000,-66.568905
-2613.281250,-68.805768
-2601.562500,-74.113419
-2589.843750,-82.173687
-2578.125000,-74.936835
-2566.406250,-84.251353
-2554.687500,-75.119652
-2542.968750,-75.260919
-2531.250000,-76.538549
-2519.531250,-72.009018
-2507.812500,-69.713412
-2496.093750,-77.895877
-2484.375000,-71.821089
-2472.656250,-66.999185
-2460.937500,-68.266661
-2449.218750,-78.669974
-2437.500000,-80.364281
-2425.781250,-82.058757
-2414.062500,-72.114309
-2402.343750,-73.530995
-2390.625000,-73.988662
-2378.906250,-71.634252
-2367.187500,-69.833960
-2355.468750,-76.558066
-2343.750000,-74.945957
-2332.031250,-70.885029
-2320.312500,-73.263857
-2308.593750,-87.121811
-2296.875000,-74.558086
-2285.156250,-72.564578
-2273.437500,-88.240750
-2261.718750,-74.450121
-2250.000000,-83.344822
-2238.281250,-76.637291
-2226.562500,-70.023700
-2214.843750,-67.753982
-2203.125000,-77.451541
-2191.406250,-72.982110
-2179.687500,-69.492645
-2167.968750,-77.290966
-2156.250000,-83.687380
-2144.531250,-84.650566
-2132.812500,-87.313661
-2121.093750,-71.305307
-2109.375000,-70.616557
-2097.656250,-75.125902
-2085.937500,-78.604396
-2074.218750,-72.824290
-2062.500000,-69.530932
-2050.781250,-74.021879
-2039.062500,-71.284948
-2027.343750,-81.079238
-2015.625000,-67.970339
-2003.906250,-64.379772
-1992.187500,-72.641271
-1980.468750,-76.745668
-1968.750000,-64.977035
-1957.031250,-63.802212
-1945.312500,-77.965555
-1933.593750,-71.138713
-1921.875000,-75.938136
-1910.156250,-69.618760
-1898.437500,-67.323839
-1886.718750,-70.788763
-1875.000000,-72.787792
-1863.281250,-76.836181
-1851.562500,-75.705926
-1839.843750,-74.443345
-1828.125000,-81.916794
-1816.406250,-69.971495
-1804.687500,-68.740692
-1792.968750,-67.817397
-1781.250000,-68.651396
-1769.531250,-67.486940
-1757.812500,-73.212760
-1746.093750,-81.694548
-1734.375000,-76.007075
-1722.656250,-84.485559
-1710.937500,-74.906495
-1699.218750,-70.192710
-1687.500000,-67.635108
-1675.781250,-69.012520
-1664.062500,-81.007024
-1652.343750,-69.100421
-1640.625000,-66.209366
-1628.906250,-74.163480
-1617.187500,-86.746492
-1605.468750,-71.855793
-1593.750000,-66.352469
-1582.031250,-69.261417
-1570.312500,-78.014775
-1558.593750,-73.744643
-1546.875000,-72.045346
-1535.156250,-77.801680
-1523.437500,-68.798064
-1511.718750,-70.223637
-1500.000000,-66.951540
-1488.281250,-69.295170
-1476.562500,-67.337383
-1464.843750,-69.701936
-1453.125000,-74.450185
-1441.406250,-70.820191
-1429.687500,-70.855297
-1417.968750,-79.684682
-1406.250000,-73.763999
-1394.531250,-66.538571
-1382.812500,-71.300270
-1371.093750,-79.749398
-1359.375000,-72.494076
-1347.656250,-73.387020
-1335.937500,-85.098944
-1324.218750,-74.943020
-1312.500000,-73.904005
-1300.781250,-72.273796
-1289.062500,-76.535633
-1277.343750,-82.663776
-1265.625000,-78.369853
-1253.906250,-76.858732
-1242.187500,-69.632145
-1230.468750,-68.456485
-1218.750000,-68.915344
-1207.031250,-71.096063
-1195.312500,-73.337817
-1183.593750,-74.883226
-1171.875000,-75.908080
-1160.156250,-70.105026
-1148.437500,-76.026483
-1136.718750,-82.205338
-1125.000000,-72.829789
-1113.281250,-71.468308
-1101.562500,-74.872625
-1089.843750,-71.734026
-1078.125000,-77.646605
-1066.406250,-77.147271
-1054.687500,-80.371813
-1042.968750,-71.105917
-1031.250000,-79.081927
-1019.531250,-74.628772
-1007.812500,-74.243000
-996.093750,-70.278993
-984.375000,-74.019644
-972.656250,-82.655332
-960.937500,-73.521580
-949.218750,-75.706071
-937.500000,-76.211957
-925.781250,-69.808433
-914.062500,-75.473297
-902.343750,-71.294057
-890.625000,-67.374734
-878.906250,-69.776024
-867.187500,-74.159960
-855.468750,-72.060867
-843.750000,-72.954758
-832.031250,-79.981508
-820.312500,-73.837274
-808.593750,-76.823921
-796.875000,-72.638116
-785.156250,-70.269213
-773.437500,-76.791521
-761.718750,-71.679145
-750.000000,-67.740591
-738.281250,-68.227190
-726.562500,-72.050076
-714.843750,-81.751193
-703.125000,-74.816659
-691.406250,-69.065177
-679.687500,-70.514910
-667.968750,-77.338011
-656.250000,-76.440586
-644.531250,-80.224666
-632.812500,-71.172206
-621.093750,-74.233771
-609.375000,-70.828920
-597.656250,-73.669061
-585.937500,-68.183639
-574.218750,-67.600269
-562.500000,-69.016140
-550.781250,-72.296463
-539.062500,-73.507995
-527.343750,-78.050624
-515.625000,-88.841280
-503.906250,-77.064350
-492.187500,-72.204872
-480.468750,-73.934106
-468.750000,-74.699086
-457.031250,-72.803961
-445.312500,-72.236505
-433.593750,-79.887797
-421.875000,-74.334614
-410.156250,-76.006063
-398.437500,-78.205863
-386.718750,-79.599891
-375.000000,-85.656833
-363.281250,-80.312545
-351.562500,-75.342443
-339.843750,-71.013120
-328.125000,-97.127865
-316.406250,-74.334236
-304.687500,-83.947699
-292.968750,-72.435937
-281.250000,-68.287048
-269.531250,-71.345110
-257.812500,-72.580133
-246.093750,-86.039521
-234.375000,-71.925683
-222.656250,-67.209367
-210.937500,-70.212924
-199.218750,-76.878818
-187.500000,-68.587653
-175.781250,-73.631949
-164.062500,-73.211025
-152.343750,-68.328988
-140.625000,-68.565227
-128.906250,-69.811535
-117.187500,-71.075267
-105.468750,-69.890576
-93.750000,-66.003457
-82.031250,-67.979295
-70.312500,-63.444844
-58.593750,-65.711849
-46.875000,-71.657116
-35.156250,-74.758228
-23.437500,-71.198308
-11.718750,-63.406262
0.000000,-62.204510
11.718750,-68.385144
23.437500,-72.685420
35.156250,-71.511750
46.875000,-70.891388
58.593750,-76.951388
70.312500,-87.275871
82.031250,-78.716518
93.750000,-71.946880
105.468750,-66.797951
117.187500,-72.453659
128.906250,-72.175768
140.625000,-74.175035
152.343750,-79.767454
164.062500,-78.058060
175.781250,-69.380206
187.500000,-72.309172
199.218750,-75.071884
210.937500,-71.069407
222.656250,-71.944970
234.375000,-75.776471
246.093750,-98.261984
257.812500,-72.759013
269.531250,-66.858787
281.250000,-71.772092
292.968750,-81.982203
304.687500,-77.631638
316.406250,-73.149594
328.125000,-71.909506
339.843750,-75.120552
351.562500,-76.157057
363.281250,-71.044105
375.000000,-74.784269
386.718750,-70.435880
398.437500,-70.968322
410.156250,-80.974574
421.875000,-73.678786
433.593750,-70.273234
445.312500,-76.243198
457.031250,-77.207965
468.750000,-71.043876
480.468750,-76.131382
492.187500,-73.224069
503.906250,-83.039971
515.625000,-69.488814
527.343750,-65.410803
539.062500,-64.241611
550.781250,-76.629320
562.500000,-70.971944
574.218750,-74.744256
585.937500,-72.254895
597.656250,-69.764346
609.375000,-67.388669
621.093750,-72.833772
632.812500,-74.393324
644.531250,-65.425790
656.250000,-66.516943
667.968750,-66.814247
679.687500,-77.303307
691.406250,-85.872129
703.125000,-83.407412
714.843750,-76.049701
726.562500,-74.404866
738.281250,-77.036162
750.000000,-70.499130
761.718750,-63.852415
773.437500,-62.794770
785.156250,-63.910568
796.875000,-64.988398
808.593750,-68.000821
820.312500,-73.575384
832.031250,-67.142716
843.750000,-71.730685
855.468750,-74.540572
867.187500,-74.582074
878.906250,-68.362777
890.625000,-75.092731
902.343750,-85.358160
914.062500,-75.593842
925.781250,-74.084567
937.500000,-78.952091
949.218750,-77.226834
960.937500,-77.688189
972.656250,-69.964590
984.375000,-68.101825
996.093750,-59.961875
1007.812500,-61.534184
1019.531250,-69.066524
1031.250000,-69.722573
1042.968750,-66.618266
1054.687500,-70.631666
1066.406250,-72.327597
1078.125000,-79.545594
1089.843750,-81.064672
1101.562500,-75.943151
1113.281250,-71.631259
1125.000000,-69.902302
1136.718750,-71.508593
1148.437500,-68.719008
1160.156250,-64.395391
1171.875000,-65.280532
1183.593750,-70.855651
1195.312500,-71.771190
1207.031250,-70.827231
1218.750000,-73.562574
1230.468750,-69.894477
1242.187500,-67.852815
1253.906250,-64.875769
1265.625000,-68.203822
1277.343750,-67.902777
1289.062500,-75.497437
1300.781250,-70.721572
1312.500000,-68.388745
1324.218750,-77.294823
1335.937500,-80.568434
1347.656250,-82.637235
1359.375000,-84.991875
1371.093750,-68.733633
1382.812500,-72.762382
1394.531250,-71.584279
1406.250000,-72.760520
1417.968750,-69.218733
1429.687500,-70.410769
1441.406250,-69.810587
1453.125000,-66.427736
1464.843750,-63.878149
1476.562500,-67.190002
1488.281250,-82.093953
1500.000000,-73.187603
1511.718750,-75.024101
1523.437500,-71.927510
1535.156250,-79.048561
1546.875000,-76.260054
1558.593750,-67.407491
1570.312500,-68.210482
1582.031250,-72.815000
1593.750000,-78.882643
1605.468750,-74.792393
1617.187500,-69.927452
1628.906250,-70.287297
1640.625000,-78.483502
1652.343750,-67.012685
1664.062500,-65.671061
1675.781250,-72.640820
1687.500000,-81.842189
1699.218750,-72.973015
1710.937500,-66.701846
1722.656250,-68.433472
1734.375000,-75.044931
1746.093750,-73.200638
1757.812500,-67.596784
1769.531250,-62.725268
1781.250000,-62.017950
1792.968750,-67.587897
1804.687500,-84.179197
1816.406250,-72.819310
1828.125000,-84.347710
1839.843750,-73.900511
1851.562500,-71.706097
1863.281250,-76.084777
1875.000000,-83.542486
1886.718750,-68.218944
1898.437500,-63.973586
1910.156250,-67.136652
1921.875000,-62.727206
1933.593750,-61.902066
1945.312500,-65.114793
1957.031250,-71.425775
1968.750000,-73.359273
1980.468750,-71.874422
1992.187500,-70.624042
2003.906250,-66.910632
2015.625000,-77.964001
2027.343750,-67.730941
2039.062500,-63.981234
2050.781250,-71.645129
2062.500000,-66.391724
2074.218750,-67.857040
2085.937500,-67.642917
2097.656250,-65.878695
2109.375000,-66.492664
2121.093750,-66.015429
2132.812500,-75.929694
2144.531250,-68.552541
2156.250000,-71.536330
2167.968750,-61.833689
2179.687500,-59.931752
2191.406250,-65.254484
2203.125000,-68.784501
2214.843750,-67.512289
2226.562500,-65.911064
2238.281250,-93.951319
2250.000000,-65.918233
2261.718750,-71.878710
2273.437500,-69.917082
2285.156250,-71.368083
2296.875000,-62.752168
2308.593750,-63.712351
2320.312500,-70.549258
2332.031250,-71.850187
2343.750000,-71.698936
2355.468750,-74.310922
2367.187500,-69.542582
2378.906250,-85.701803
2390.625000,-65.864283
2402.343750,-62.987754
2414.062500,-61.410874
2425.781250,-62.812584
2437.500000,-68.662890
2449.218750,-85.050152
2460.937500,-64.040507
2472.656250,-62.156309
2484.375000,-73.588573
2496.093750,-69.920444
2507.812500,-64.864716
2519.531250,-61.835734
2531.250000,-66.148631
2542.968750,-65.778425
2554.687500,-70.991176
2566.406250,-67.482802
2578.125000,-69.091953
2589.843750,-66.769293
2601.562500,-64.854726
2613.281250,-62.334476
2625.000000,-61.102904
2636.718750,-61.209391
2648.437500,-69.747040
2660.156250,-61.381003
2671.875000,-69.650333
2683.593750,-67.453103
2695.312500,-67.941006
2707.031250,-63.222416
2718.750000,-67.383904
2730.468750,-62.499682
2742.187500,-62.012798
2753.906250,-67.395652
2765.625000,-67.229581
2777.343750,-65.089508
2789.062500,-62.662200
2800.781250,-63.679063
2812.500000,-67.366781
2824.218750,-72.608748
2835.937500,-71.038462
2847.656250,-79.587769
2859.375000,-74.713852
2871.093750,-63.286448
2882.812500,-60.954414
2894.531250,-67.405086
2906.250000,-65.574420
2917.968750,-67.506929
2929.687500,-64.058905
2941.406250,-62.220749
2953.125000,-62.493216
2964.843750,-65.505339
2976.562500,-73.551959
2988.281250,-58.642511
3000.000000,-58.155150
3011.718750,-59.071629
3023.437500,-58.385991
3035.156250,-60.997684
3046.875000,-60.877642
3058.593750,-58.981933
3070.312500,-60.708322
3082.031250,-67.708746
3093.750000,-69.267081
3105.468750,-62.324981
3117.187500,-62.279856
3128.906250,-65.566891
3140.625000,-75.501273
3152.343750,-62.830000
3164.062500,-58.863775
3175.781250,-58.982247
3187.500000,-62.801259
3199.218750,-64.249521
3210.937500,-62.849936
3222.656250,-67.815505
3234.375000,-67.456921
3246.093750,-66.218028
3257.812500,-62.074468
3269.531250,-60.742980
3281.250000,-63.202811
3292.968750,-75.297978
3304.687500,-66.634070
3316.406250,-65.699698
3328.125000,-69.507417
3339.843750,-84.736049
3351.562500,-66.461525
3363.281250,-63.697825
3375.000000,-61.963576
3386.718750,-63.115245
3398.437500,-65.545337
3410.156250,-74.608398
3421.875000,-73.956309
3433.593750,-65.390541
3445.312500,-61.511357
3457.031250,-61.769597
3468.750000,-75.038473
3480.468750,-71.133654
3492.187500,-62.492840
3503.906250,-69.866378
3515.625000,-65.385125
3527.343750,-70.076942
3539.062500,-70.367802
3550.781250,-59.504964
3562.500000,-58.480667
3574.218750,-63.509820
3585.937500,-63.017673
3597.656250,-72.140122
3609.375000,-66.082629
3621.093750,-73.225625
3632.812500,-62.425102
3644.531250,-59.528974
3656.250000,-59.413222
3667.968750,-62.278854
3679.687500,-67.526933
3691.406250,-62.983463
3703.125000,-58.674340
3714.843750,-58.868371
3726.562500,-65.288389
3738.281250,-56.575464
3750.000000,-60.106363
3761.718750,-59.167581
3773.437500,-53.775258
3785.156250,-54.479716
3796.875000,-61.739715
3808.593750,-75.530046
3820.312500,-71.578282
3832.031250,-67.061275
3843.750000,-66.901533
3855.468750,-59.898017
3867.187500,-67.759521
3878.906250,-60.491448
3890.625000,-57.354549
3902.343750,-73.326012
3914.062500,-59.436300
3925.781250,-54.278087
3937.500000,-57.136793
3949.218750,-73.179998
3960.937500,-60.115649
3972.656250,-60.857711
3984.375000,-68.303715
3996.093750,-52.276603
4007.812500,-52.921652
4019.531250,-65.162663
4031.250000,-58.350907
4042.968750,-60.663335
4054.687500,-66.503708
4066.406250,-56.274300
4078.125000,-61.245009
4089.843750,-80.703286
4101.562500,-71.621360
4113.281250,-64.452523
4125.000000,-70.015852
4136.718750,-53.239534
4148.437500,-51.679813
4160.156250,-57.095886
4171.875000,-50.136752
4183.593750,-52.103781
4195.312500,-60.706493
4207.031250,-70.673655
4218.750000,-62.400283
4230.468750,-64.027374
4242.187500,-61.317549
4253.906250,-56.273425
4265.625000,-74.861157
4277.343750,-56.139328
4289.062500,-56.028525
4300.781250,-60.596616
4312.500000,-71.258328
4324.218750,-64.134102
4335.937500,-62.314647
4347.656250,-64.155425
4359.375000,-59.599464
4371.093750,-66.875386
4382.812500,-55.826559
4394.531250,-53.398099
4406.250000,-54.539348
4417.968750,-57.787372
4429.687500,-58.727468
4441.406250,-55.317441
4453.125000,-61.125532
4464.843750,-55.476814
4476.562500,-56.653061
4488.281250,-56.141466
4500.000000,-54.231281
4511.718750,-61.517648
4523.437500,-59.980163
4535.156250,-63.164356
4546.875000,-66.692685
4558.593750,-60.529264
4570.312500,-55.720665
4582.031250,-55.023079
4593.750000,-61.843470
4605.468750,-61.249741
4617.187500,-57.452338
4628.906250,-55.902393
4640.625000,-54.289892
4652.343750,-64.775511
4664.062500,-54.439442
4675.781250,-58.796065
4687.500000,-56.722122
4699.218750,-64.289136
4710.937500,-53.222326
4722.656250,-56.226822
4734.375000,-55.138598
4746.093750,-58.184603
4757.812500,-60.641995
4769.531250,-63.004065
4781.250000,-56.684078
4792.968750,-51.855322
4804.687500,-56.436924
4816.406250,-61.427828
4828.125000,-61.693272
4839.843750,-61.066973
4851.562500,-56.245779
4863.281250,-60.173810
4875.000000,-51.788858
4886.718750,-55.427646
4898.437500,-62.353761
4910.156250,-59.811654
4921.875000,-60.162189
4933.593750,-52.168660
4945.312500,-58.110562
4957.031250,-58.659145
4968.750000,-55.325996
4980.468750,-72.689770
4992.187500,-49.903790
5003.906250,-48.738256
5015.625000,-49.858776
5027.343750,-53.982780
5039.062500,-56.419742
5050.781250,-55.129455
5062.500000,-52.870472
5074.218750,-54.694318
5085.937500,-57.133198
5097.656250,-54.188337
5109.375000,-56.521740
5121.093750,-56.337941
5132.812500,-53.965849
5144.531250,-59.359620
5156.250000,-54.405192
5167.968750,-50.379721
5179.687500,-50.888847
5191.406250,-53.930924
5203.125000,-59.070551
5214.843750,-61.635884
5226.562500,-60.602059
5238.281250,-53.904412
5250.000000,-62.411070
5261.718750,-53.627251
5273.437500,-51.879252
5285.156250,-64.658635
5296.875000,-57.376604
5308.593750,-51.259182
5320.312500,-53.952791
5332.031250,-59.355596
5343.750000,-51.740097
5355.468750,-54.179224
5367.187500,-54.386001
5378.906250,-52.683549
5390.625000,-54.933674
5402.343750,-55.854170
5414.062500,-66.027680
5425.781250,-76.807368
5437.500000,-76.499787
5449.218750,-57.005447
5460.937500,-57.028710
5472.656250,-61.061514
5484.375000,-52.875910
5496.093750,-50.324580
5507.812500,-61.713824
5519.531250,-82.144873
5531.250000,-65.259421
5542.968750,-55.231882
5554.687500,-55.795950
5566.406250,-56.168865
5578.125000,-58.078197
5589.843750,-65.657464
5601.562500,-49.979949
5613.281250,-51.097244
5625.000000,-60.503659
5636.718750,-54.089374
5648.437500,-54.644498
5660.156250,-56.770863
5671.875000,-54.009698
5683.593750,-52.496452
5695.312500,-50.455353
5707.031250,-51.691067
5718.750000,-64.333022
5730.468750,-56.705399
5742.187500,-62.404953
5753.906250,-57.418655
5765.625000,-48.156963
5777.343750,-47.620676
5789.062500,-51.345232
5800.781250,-53.061689
5812.500000,-53.519513
5824.218750,-57.759872
5835.937500,-56.336052
5847.656250,-54.257340
5859.375000,-53.267271
5871.093750,-53.704029
5882.812500,-51.209189
5894.531250,-52.563525
5906.250000,-58.385335
5917.968750,-55.243542
5929.687500,-63.141033
5941.406250,-60.722973
5953.125000,-61.198464
5964.843750,-63.224117
5976.562500,-59.801307
5988.281250,-51.947109
6000.000000,-47.206122
6011.718750,-51.037488
6023.437500,-55.632636
6035.156250,-51.362638
6046.875000,-52.798586
6058.593750,-56.753566
6070.312500,-50.391636
6082.031250,-53.266751
6093.750000,-56.068491
6105.468750,-52.708314
6117.187500,-55.055307
6128.906250,-49.889266
6140.625000,-48.204847
6152.343750,-55.907069
6164.062500,-54.446146
6175.781250,-54.461344
6187.500000,-61.530551
6199.218750,-59.629839
6210.937500,-59.311946
6222.656250,-56.759453
6234.375000,-62.979831
6246.093750,-61.801476
6257.812500,-65.250218
6269.531250,-60.796589
6281.250000,-59.290603
6292.968750,-59.538881
6304.687500,-58.290560
6316.406250,-54.068570
6328.125000,-56.833898
6339.843750,-64.378044
6351.562500,-58.446938
6363.281250,-62.012358
6375.000000,-56.816848
6386.718750,-55.386329
6398.437500,-56.432004
6410.156250,-55.021082
6421.875000,-51.371322
6433.593750,-55.746780
6445.312500,-60.901661
6457.031250,-60.118190
6468.750000,-58.723391
6480.468750,-60.214336
6492.187500,-60.166224
6503.906250,-60.119347
6515.625000,-62.163221
6527.343750,-63.412215
6539.062500,-64.365935
6550.781250,-56.042137
6562.500000,-61.088859
6574.218750,-66.139244
6585.937500,-62.307146
6597.656250,-59.690748
6609.375000,-57.055799
6621.093750,-59.630342
6632.812500,-67.022032
6644.531250,-61.073279
6656.250000,-59.053672
6667.968750,-61.233336
6679.687500,-55.506501
6691.406250,-58.278239
6703.125000,-54.597723
6714.843750,-51.505279
6726.562500,-53.374914
6738.281250,-60.273505
6750.000000,-62.769304
6761.718750,-65.020416
6773.437500,-58.039952
6785.156250,-58.411885
6796.875000,-63.184895
6808.593750,-58.567562
6820.312500,-52.964946
6832.031250,-58.671452
6843.750000,-57.426306
6855.468750,-67.859579
6867.187500,-64.967032
6878.906250,-60.217537
6890.625000,-62.315987
6902.343750,-68.047250
6914.062500,-62.492997
6925.781250,-53.315741
6937.500000,-55.463274
6949.218750,-64.733812
6960.937500,-56.167594
6972.656250,-57.225503
6984.375000,-53.938594
6996.093750,-48.793617
7007.812500,-51.053759
7019.531250,-58.059515
7031.250000,-55.292886
7042.968750,-55.864396
7054.687500,-58.387440
7066.406250,-67.398076
7078.125000,-54.122199
7089.843750,-52.614211
7101.562500,-54.170453
7113.281250,-57.337723
7125.000000,-64.057944
7136.718750,-56.317800
7148.437500,-56.886014
7160.156250,-66.599553
7171.875000,-59.325379
7183.593750,-55.264715
7195.312500,-58.088563
7207.031250,-52.116743
7218.750000,-48.762322
7230.468750,-52.012678
7242.187500,-55.079513
7253.906250,-51.642402
7265.625000,-55.673448
7277.343750,-54.342932
7289.062500,-60.042187
7300.781250,-66.998622
7312.500000,-63.729187
7324.218750,-75.835606
7335.937500,-66.138993
7347.656250,-69.538991
7359.375000,-70.205759
7371.093750,-68.108894
7382.812500,-67.514197
7394.531250,-64.730239
7406.250000,-60.393137
7417.968750,-64.034546
7429.687500,-58.748937
7441.406250,-64.359286
7453.125000,-62.162770
7464.843750,-59.839598
7476.562500,-61.857351
7488.281250,-84.236434
7500.000000,-64.776543
7511.718750,-65.706575
7523.437500,-71.366812
7535.156250,-76.796058
7546.875000,-72.724180
7558.593750,-70.954269
7570.312500,-73.475829
7582.031250,-67.681274
7593.750000,-81.799091
7605.468750,-72.160351
7617.187500,-78.695937
7628.906250,-71.589410
7640.625000,-72.037220
7652.343750,-72.920037
7664.062500,-74.002250
7675.781250,-72.513340
7687.500000,-68.065139
7699.218750,-68.534201
7710.937500,-69.890853
7722.656250,-85.498251
7734.375000,-77.057961
7746.093750,-78.307079
7757.812500,-87.121171
7769.531250,-70.467075
7781.250000,-75.563805
7792.968750,-71.006377
7804.687500,-68.119264
7816.406250,-69.817826
7828.125000,-74.221227
7839.843750,-77.494878
7851.562500,-82.627521
7863.281250,-83.466289
7875.000000,-79.966137
7886.718750,-77.494207
7898.437500,-89.246949
7910.156250,-78.556713
7921.875000,-71.908857
7933.593750,-73.337125
7945.312500,-81.106727
7957.031250,-89.684879
7968.750000,-86.788626
7980.468750,-81.498943
7992.187500,-81.717633
8003.906250,-96.855556
8015.625000,-80.683202
8027.343750,-89.643516
8039.062500,-79.155598
8050.781250,-75.576566
8062.500000,-82.757153
8074.218750,-83.347772
8085.937500,-79.418383
8097.656250,-79.470430
8109.375000,-91.940141
8121.093750,-84.332262
8132.812500,-89.381815
8144.531250,-83.239890
8156.250000,-118.279851
8167.968750,-81.935489
8179.687500,-89.764700
8191.406250,-91.587408
8203.125000,-93.305077
8214.843750,-91.811991
8226.562500,-86.661964
8238.281250,-84.396741
8250.000000,-84.981127
8261.718750,-83.588395
8273.437500,-83.183123
8285.156250,-90.679659
8296.875000,-91.939670
8308.593750,-81.726510
8320.312500,-80.207337
8332.031250,-86.285290
8343.750000,-83.922249
8355.468750,-100.056905
8367.187500,-90.051399
8378.906250,-88.016378
8390.625000,-97.691912
8402.343750,-85.926036
8414.062500,-87.717912
8425.781250,-80.936445
8437.500000,-80.313938
8449.218750,-89.634472
8460.937500,-91.916524
8472.656250,-87.549544
8484.375000,-83.915582
8496.093750,-82.764018
8507.812500,-86.004750
8519.531250,-87.074849
8531.250000,-83.972205
8542.968750,-86.235230
8554.687500,-86.841548
8566.406250,-88.340615
8578.125000,-88.741461
8589.843750,-82.695105
8601.562500,-84.418423
8613.281250,-91.166540
8625.000000,-102.101059
8636.718750,-88.824458
8648.437500,-88.977272
8660.156250,-103.460637
8671.875000,-89.214482
8683.593750,-88.691884
8695.312500,-90.867419
8707.031250,-84.303553
8718.750000,-84.048292
8730.468750,-86.813026
8742.187500,-86.969934
8753.906250,-87.869156
8765.625000,-96.385433
8777.343750,-95.254902
8789.062500,-103.435129
8800.781250,-95.938890
8812.500000,-91.578995
8824.218750,-99.022704
8835.937500,-101.634462
8847.656250,-111.425936
8859.375000,-99.521403
8871.093750,-97.011287
8882.812500,-101.171154
8894.531250,-96.709666
8906.250000,-95.877828
8917.968750,-116.779574
8929.687500,-96.115738
8941.406250,-99.447061
8953.125000,-102.801537
8964.843750,-100.023755
8976.562500,-103.094767
8988.281250,-110.815530
9000.000000,-111.560989
9011.718750,-114.149171
9023.437500,-107.638954
9035.156250,-102.267682
9046.875000,-101.657383
9058.593750,-100.321808
9070.312500,-105.342481
9082.031250,-117.153016
9093.750000,-111.170157
9105.468750,-103.382927
9117.187500,-107.941775
9128.906250,-110.274788
9140.625000,-109.601640
9152.343750,-112.746680
9164.062500,-105.526322
9175.781250,-104.441485
9187.500000,-104.789087
9199.218750,-113.994482
9210.937500,-107.304263
9222.656250,-113.542280
9234.375000,-117.678216
9246.093750,-122.115089
9257.812500,-114.955007
9269.531250,-119.251936
9281.250000,-109.444069
9292.968750,-113.858471
9304.687500,-117.464606
9316.406250,-106.419526
9328.125000,-107.805895
9339.843750,-120.545685
9351.562500,-123.181586
9363.281250,-118.950484
9375.000000,-116.113859
9386.718750,-112.875335
9398.437500,-116.070473
9410.156250,-113.733796
9421.875000,-117.651006
9433.593750,-120.327982
9445.312500,-115.176513
9457.031250,-117.727911
9468.750000,-121.165543
9480.468750,-119.136798
9492.187500,-122.452423
9503.906250,-121.396070
9515.625000,-120.898046
9527.343750,-124.294618
9539.062500,-127.369988
9550.781250,-131.224141
9562.500000,-144.935942
9574.218750,-138.421756
9585.937500,-148.744882
9597.656250,-154.029062
9609.375000,-150.569972
9621.093750,-160.612589
9632.812500,-135.059839
9644.531250,-131.091610
9656.250000,-126.410998
9667.968750,-124.729167
9679.687500,-128.553953
9691.406250,-127.463955
9703.125000,-125.984765
9714.843750,-131.228657
9726.562500,-127.357434
9738.281250,-119.204210
9750.000000,-121.332012
9761.718750,-122.969039
9773.437500,-127.114145
9785.156250,-123.624214
9796.875000,-127.542938
9808.593750,-118.255739
9820.312500,-124.736099
9832.031250,-126.986904
9843.750000,-114.550977
9855.468750,-115.774757
9867.187500,-118.280020
9878.906250,-113.286210
9890.625000,-113.231626
9902.343750,-121.191021
9914.062500,-116.280755
9925.781250,-118.566239
9937.500000,-121.322088
9949.218750,-113.670498
9960.937500,-109.530548
9972.656250,-108.104842
9984.375000,-114.204379
9996.093750,-119.409061
10007.812500,-111.787867
10019.531250,-112.831090
10031.250000,-129.071108
10042.968750,-110.592826
10054.687500,-109.020339
10066.406250,-107.491105
10078.125000,-106.098981
10089.843750,-106.107713
10101.562500,-109.781805
10113.281250,-108.357854
10125.000000,-105.891860
10136.718750,-110.491263
10148.437500,-119.576531
10160.156250,-110.519075
10171.875000,-107.608755
10183.593750,-113.159769
10195.312500,-102.531513
10207.031250,-103.295701
10218.750000,-111.783637
10230.468750,-115.388017
10242.187500,-111.034247
10253.906250,-111.006846
10265.625000,-114.784247
10277.343750,-116.707128
10289.062500,-109.702401
10300.781250,-105.499727
10312.500000,-102.068834
10324.218750,-105.598995
10335.937500,-124.664805
10347.656250,-115.723302
10359.375000,-115.218731
10371.093750,-111.618073
10382.812500,-123.699800
10394.531250,-108.433427
10406.250000,-114.991860
10417.968750,-107.381184
10429.687500,-110.620181
10441.406250,-111.944208
10453.125000,-112.427430
10464.843750,-107.835269
10476.562500,-105.909198
10488.281250,-114.493930
10500.000000,-111.591657
10511.718750,-109.624763
10523.437500,-106.518109
10535.156250,-106.583708
10546.875000,-104.042428
10558.593750,-103.508098
10570.312500,-105.434036
10582.031250,-113.177203
10593.750000,-118.138697
10605.468750,-112.336272
10617.187500,-112.590059
10628.906250,-115.607935
10640.625000,-113.195907
10652.343750,-109.584814
10664.062500,-119.018714
10675.781250,-108.578031
10687.500000,-112.324630
10699.218750,-110.417721
10710.937500,-105.522381
10722.656250,-103.049173
10734.375000,-107.058512
10746.093750,-111.752883
10757.812500,-111.539523
10769.531250,-122.896877
10781.250000,-109.016092
10792.968750,-104.395240
10804.687500,-104.618850
10816.406250,-109.496512
10828.125000,-118.157020
10839.843750,-108.826827
10851.562500,-112.421357
10863.281250,-111.156833
10875.000000,-108.627087
10886.718750,-122.111209
10898.437500,-113.852522
10910.156250,-115.202975
10921.875000,-120.562347
10933.593750,-129.463482
10945.312500,-113.939101
10957.031250,-112.852251
10968.750000,-115.911889
10980.468750,-111.125041
10992.187500,-112.549810
11003.906250,-122.971423
11015.625000,-109.810899
11027.343750,-117.323418
11039.062500,-108.193585
11050.781250,-107.818912
11062.500000,-114.107415
11074.218750,-113.781515
11085.937500,-113.998628
11097.656250,-115.491951
11109.375000,-112.689152
11121.093750,-113.796212
11132.812500,-120.418783
11144.531250,-110.654593
11156.250000,-109.707309
11167.968750,-108.238828
11179.687500,-106.946964
11191.406250,-114.534626
11203.125000,-113.845984
11214.843750,-112.923096
11226.562500,-113.283402
11238.281250,-118.175389
11250.000000,-118.221162
11261.718750,-110.382635
11273.437500,-103.106673
11285.156250,-105.473153
11296.875000,-114.130414
11308.593750,-112.440992
11320.312500,-118.441428
11332.031250,-110.207295
11343.750000,-107.265780
11355.468750,-111.963545
11367.187500,-128.570927
11378.906250,-116.537175
11390.625000,-115.721582
11402.343750,-111.911965
11414.062500,-106.198311
11425.781250,-106.703763
11437.500000,-115.551229
11449.218750,-111.322961
11460.937500,-105.711014
11472.656250,-114.801573
11484.375000,-134.321331
11496.093750,-114.894311
11507.812500,-112.196845
11519.531250,-113.365806
11531.250000,-112.458996
11542.968750,-125.198447
11554.687500,-113.660305
11566.406250,-119.065071
11578.125000,-124.148613
11589.843750,-124.806680
11601.562500,-120.606381
11613.281250,-115.361414
11625.000000,-115.078671
11636.718750,-117.320658
11648.437500,-115.887851
11660.156250,-121.693309
11671.875000,-111.670042
11683.593750,-110.240502
11695.312500,-115.872387
11707.031250,-123.268090
11718.750000,-118.961233
11730.468750,-118.416168
11742.187500,-132.668039
11753.906250,-119.428400
11765.625000,-119.177385
11777.343750,-119.602809
11789.062500,-143.879606
11800.781250,-117.217720
11812.500000,-119.724732
11824.218750,-124.551831
11835.937500,-124.363769
11847.656250,-125.286787
11859.375000,-124.571359
11871.093750,-123.827439
11882.812500,-120.665786
11894.531250,-123.060533
11906.250000,-128.298016
11917.968750,-127.949587
11929.687500,-122.408393
11941.406250,-132.627693
11953.125000,-137.589249
11964.843750,-145.164766
11976.562500,-143.490519
11988.281250,-144.797435
12000.000000,-193.957470
12011.718750,-151.026123
12023.437500,-135.616446
12035.156250,-131.398381
12046.875000,-135.571615
12058.593750,-141.819833
12070.312500,-133.359602
12082.031250,-130.740367
12093.750000,-122.996882
12105.468750,-121.287557
12117.187500,-122.559009
12128.906250,-121.975004
12140.625000,-123.850229
12152.343750,-126.908815
12164.062500,-122.120243
12175.781250,-119.127455
12187.500000,-135.876722
12199.218750,-120.431645
12210.937500,-120.157788
12222.656250,-121.326534
12234.375000,-118.814744
12246.093750,-116.393837
12257.812500,-120.542911
12269.531250,-114.308884
12281.250000,-113.927392
12292.968750,-120.619275
12304.687500,-109.795354
12316.406250,-106.684889
12328.125000,-110.228467
12339.843750,-122.040825
12351.562500,-120.563159
12363.281250,-111.575987
12375.000000,-109.734648
12386.718750,-117.279273
12398.437500,-124.137203
12410.156250,-109.829742
12421.875000,-110.399827
12433.593750,-115.604789
12445.312500,-113.641247
12457.031250,-119.309165
12468.750000,-110.764202
12480.468750,-111.078811
12492.187500,-119.933652
12503.906250,-106.216067
12515.625000,-107.063557
12527.343750,-128.368844
12539.062500,-110.829830
12550.781250,-108.198642
12562.500000,-114.941211
12574.218750,-108.485704
12585.937500,-107.993659
12597.656250,-106.813386
12609.375000,-105.997340
12621.093750,-109.062884
12632.812500,-110.879378
12644.531250,-106.453906
12656.250000,-111.524132
12667.968750,-104.583820
12679.687500,-108.904776
12691.406250,-111.915087
12703.125000,-112.714683
12714.843750,-112.891395
12726.562500,-112.759732
12738.281250,-108.080932
12750.000000,-115.747217
12761.718750,-108.268389
12773.437500,-109.594210
12785.156250,-112.491858
12796.875000,-111.388887
12808.593750,-108.361332
12820.312500,-111.841543
12832.031250,-106.449063
12843.750000,-110.063344
12855.468750,-110.114194
12867.187500,-116.124306
12878.906250,-104.409901
12890.625000,-112.927960
12902.343750,-109.298502
12914.062500,-102.777540
12925.781250,-105.230666
12937.500000,-110.649540
12949.218750,-104.795707
12960.937500,-100.961333
12972.656250,-105.396994
12984.375000,-119.075713
12996.093750,-122.509120
13007.812500,-119.318731
13019.531250,-111.541221
13031.250000,-107.677955
13042.968750,-114.020682
13054.687500,-109.115347
13066.406250,-111.978817
13078.125000,-107.604222
13089.843750,-110.862940
13101.562500,-105.518932
13113.281250,-101.524284
13125.000000,-105.697356
13136.718750,-111.196488
13148.437500,-115.913951
13160.156250,-106.709945
13171.875000,-103.015074
13183.593750,-108.427365
13195.312500,-122.208204
13207.031250,-112.811731
13218.750000,-124.577430
13230.468750,-104.216770
13242.187500,-105.124643
13253.906250,-110.765233
13265.625000,-104.848931
13277.343750,-101.104152
13289.062500,-103.829010
13300.781250,-106.864554
13312.500000,-111.132932
13324.218750,-108.795810
13335.937500,-114.400552
13347.656250,-102.862600
13359.375000,-101.160814
13371.093750,-107.239618
13382.812500,-102.665815
13394.531250,-105.277106
13406.250000,-114.411738
13417.968750,-106.274362
13429.687500,-106.938381
13441.406250,-100.445568
13453.125000,-101.725123
13464.843750,-108.199100
13476.562500,-109.936999
13488.281250,-108.953121
13500.000000,-109.420962
13511.718750,-100.437800
13523.437500,-97.382062
13535.156250,-97.874044
13546.875000,-111.662752
13558.593750,-103.379685
13570.312500,-101.161197
13582.031250,-100.659386
13593.750000,-101.544968
13605.468750,-97.861925
13617.187500,-102.764873
13628.906250,-107.550837
13640.625000,-110.519442
13652.343750,-107.349491
13664.062500,-110.225307
13675.781250,-103.920116
13687.500000,-104.952473
13699.218750,-103.097722
13710.937500,-104.062695
13722.656250,-112.651346
13734.375000,-113.866630
13746.093750,-103.872629
13757.812500,-101.957128
13769.531250,-100.026529
13781.250000,-116.463826
13792.968750,-104.205568
13804.687500,-103.688080
13816.406250,-109.467503
13828.125000,-108.861237
13839.843750,-110.361918
13851.562500,-107.185572
13863.281250,-104.918586
13875.000000,-100.419510
13886.718750,-99.535012
13898.437500,-116.848401
13910.156250,-102.118483
13921.875000,-99.619660
13933.593750,-104.301505
13945.312500,-109.331497
13957.031250,-106.733303
13968.750000,-112.356877
13980.468750,-104.489813
13992.187500,-106.782672
14003.906250,-104.965895
14015.625000,-113.607153
14027.343750,-100.746896
14039.062500,-100.247926
14050.781250,-102.896679
14062.500000,-101.798669
14074.218750,-101.673396
14085.937500,-100.894954
14097.656250,-99.908120
14109.375000,-107.199103
14121.093750,-105.628201
14132.812500,-102.337750
14144.531250,-112.839448
14156.250000,-98.723220
14167.968750,-99.443792
14179.687500,-101.330956
14191.406250,-99.658859
14203.125000,-97.877025
14214.843750,-98.861071
14226.562500,-100.911294
14238.281250,-102.463376
14250.000000,-105.060991
14261.718750,-113.771667
14273.437500,-98.721191
14285.156250,-99.725077
14296.875000,-106.645121
14308.593750,-98.864968
14320.312500,-107.898447
14332.031250,-115.128761
14343.750000,-99.567490
14355.468750,-98.163008
14367.187500,-107.633671
14378.906250,-114.650238
14390.625000,-106.174539
14402.343750,-101.859394
14414.062500,-100.015463
14425.781250,-102.882136
14437.500000,-101.226778
14449.218750,-98.829251
14460.937500,-103.426367
14472.656250,-105.323944
14484.375000,-102.672652
14496.093750,-96.130355
14507.812500,-93.767491
14519.531250,-98.913054
14531.250000,-112.201048
14542.968750,-111.851131
14554.687500,-103.675492
14566.406250,-103.312422
14578.125000,-97.112791
14589.843750,-98.269210
14601.562500,-94.567996
14613.281250,-95.647241
14625.000000,-108.324142
14636.718750,-102.219955
14648.437500,-99.560566
14660.156250,-114.163971
14671.875000,-102.098941
14683.593750,-105.683600
14695.312500,-104.971213
14707.031250,-105.554046
14718.750000,-97.430704
14730.468750,-105.477828
14742.187500,-104.027213
14753.906250,-105.333332
14765.625000,-104.852738
14777.343750,-104.054255
14789.062500,-102.885715
14800.781250,-100.625818
14812.500000,-97.822433
14824.218750,-97.384979
14835.937500,-101.897718
14847.656250,-108.051533
14859.375000,-105.071503
14871.093750,-102.512316
14882.812500,-101.586062
14894.531250,-117.280041
14906.250000,-107.257080
14917.968750,-103.486485
14929.687500,-101.942503
14941.406250,-104.629480
14953.125000,-105.381306
14964.843750,-122.085970
14976.562500,-103.742613
14988.281250,-116.349360
15000.000000,-100.256867
15011.718750,-104.734736
15023.437500,-101.490793
15035.156250,-97.731090
15046.875000,-106.943388
15058.593750,-99.018989
15070.312500,-108.953227
15082.031250,-105.714277
15093.750000,-105.535515
15105.468750,-106.330557
15117.187500,-117.178478
15128.906250,-109.529721
15140.625000,-111.889994
15152.343750,-101.576463
15164.062500,-103.695565
15175.781250,-111.104838
15187.500000,-102.371843
15199.218750,-98.576687
15210.937500,-102.163708
15222.656250,-103.230464
15234.375000,-102.738416
15246.093750,-108.673725
15257.812500,-101.672918
15269.531250,-98.916715
15281.250000,-102.002614
15292.968750,-106.687606
15304.687500,-101.353621
15316.406250,-98.299674
15328.125000,-94.477818
15339.843750,-98.314132
15351.562500,-101.631744
15363.281250,-96.370593
15375.000000,-98.907411
15386.718750,-111.790319
15398.437500,-103.765622
15410.156250,-103.876335
15421.875000,-99.386961
15433.593750,-98.067750
15445.312500,-97.640409
15457.031250,-97.900423
15468.750000,-96.780074
15480.468750,-97.773484
15492.187500,-100.440662
15503.906250,-98.792756
15515.625000,-100.270005
15527.343750,-106.648539
15539.062500,-107.666996
15550.781250,-98.192381
15562.500000,-104.534477
15574.218750,-103.354559
15585.937500,-97.854840
15597.656250,-96.423867
15609.375000,-96.869674
15621.093750,-101.049038
15632.812500,-100.474436
15644.531250,-94.432037
15656.250000,-99.989680
15667.968750,-103.623305
15679.687500,-102.944729
15691.406250,-102.190180
15703.125000,-113.425874
15714.843750,-120.751284
15726.562500,-99.208153
15738.281250,-100.939154
15750.000000,-98.633264
15761.718750,-97.849201
15773.437500,-101.829183
15785.156250,-101.929549
15796.875000,-101.796084
15808.593750,-103.687654
15820.312500,-100.202480
15832.031250,-98.764797
15843.750000,-101.370093
15855.468750,-98.540847
15867.187500,-98.873678
15878.906250,-108.930493
15890.625000,-101.567599
15902.343750,-95.076467
15914.062500,-93.461061
15925.781250,-97.592687
15937.500000,-93.128289
15949.218750,-96.904616
15960.937500,-104.966093
15972.656250,-101.670968
15984.375000,-101.805304
15996.093750,-99.660255
16007.812500,-101.642864
16019.531250,-101.529206
16031.250000,-107.821456
16042.968750,-105.267614
16054.687500,-104.607075
16066.406250,-104.757902
16078.125000,-104.295285
16089.843750,-101.610608
16101.562500,-100.039224
16113.281250,-109.534413
16125.000000,-101.977831
16136.718750,-97.622736
16148.437500,-94.661506
16160.156250,-95.693717
16171.875000,-98.066742
16183.593750,-105.065618
16195.312500,-104.976375
16207.031250,-97.424219
16218.750000,-97.690444
16230.468750,-100.265205
16242.187500,-116.175036
16253.906250,-97.606569
16265.625000,-102.782790
16277.343750,-109.393600
16289.062500,-102.731966
16300.781250,-105.070064
16312.500000,-100.624082
16324.218750,-99.582865
16335.937500,-97.234764
16347.656250,-101.881210
16359.375000,-109.245371
16371.093750,-121.320066
16382.812500,-122.444923
16394.531250,-106.552043
16406.250000,-115.608465
16417.968750,-103.551761
16429.687500,-98.837231
16441.406250,-112.546490
16453.125000,-96.587825
16464.843750,-97.896164
16476.562500,-106.158648
16488.281250,-112.394122
16500.000000,-101.865248
16511.718750,-101.477665
16523.437500,-106.052290
16535.156250,-109.636314
16546.875000,-117.110449
16558.593750,-106.161074
16570.312500,-100.245622
16582.031250,-102.141280
16593.750000,-99.751444
16605.468750,-97.749421
16617.187500,-102.159146
16628.906250,-108.156306
16640.625000,-100.311312
16652.343750,-100.080943
16664.062500,-99.066619
16675.781250,-98.295592
16687.500000,-99.098107
16699.218750,-97.423190
16710.937500,-96.498780
16722.656250,-96.464554
16734.375000,-98.870846
16746.093750,-109.544259
16757.812500,-99.162968
16769.531250,-98.776555
16781.250000,-96.799727
16792.968750,-101.603559
16804.687500,-98.475538
16816.406250,-102.681796
16828.125000,-103.738688
16839.843750,-103.626813
16851.562500,-101.807519
16863.281250,-105.103853
16875.000000,-114.423144
16886.718750,-103.444377
16898.437500,-94.898150
16910.156250,-95.906399
16921.875000,-98.876388
16933.593750,-93.805980
16945.312500,-96.519877
16957.031250,-102.472078
16968.750000,-104.697104
16980.468750,-96.959194
16992.187500,-97.287816
17003.906250,-96.488824
17015.625000,-95.373168
17027.343750,-95.153493
17039.062500,-98.943632
17050.781250,-107.621493
17062.500000,-99.099184
17074.218750,-100.656776
17085.937500,-106.737265
17097.656250,-103.478639
17109.375000,-108.838509
17121.093750,-100.760444
17132.812500,-103.750560
17144.531250,-111.590871
17156.250000,-104.025531
17167.968750,-97.568077
17179.687500,-97.813208
17191.406250,-98.540984
17203.125000,-105.157269
17214.843750,-110.448142
17226.562500,-103.561655
17238.281250,-104.615386
17250.000000,-107.806893
17261.718750,-106.446879
17273.437500,-108.696759
17285.156250,-104.993679
17296.875000,-108.975194
17308.593750,-115.077739
17320.312500,-115.218595
17332.031250,-108.052764
17343.750000,-102.477021
17355.468750,-101.464990
17367.187500,-103.535085
17378.906250,-114.585551
17390.625000,-112.065167
17402.343750,-109.784704
17414.062500,-106.477773
17425.781250,-105.705352
17437.500000,-110.181553
17449.218750,-107.282762
17460.937500,-106.093711
17472.656250,-103.765239
17484.375000,-104.721696
17496.093750,-107.872241
17507.812500,-106.075584
17519.531250,-108.829100
17531.250000,-114.244652
17542.968750,-123.212036
17554.687500,-105.999718
17566.406250,-103.071892
17578.125000,-101.001186
17589.843750,-101.281749
17601.562500,-105.452916
17613.281250,-114.011196
17625.000000,-114.523445
17636.718750,-113.298943
17648.437500,-125.413227
17660.156250,-114.920096
17671.875000,-116.783130
17683.593750,-107.625335
17695.312500,-111.927400
17707.031250,-108.556905
17718.750000,-105.947219
17730.468750,-113.087203
17742.187500,-112.550492
17753.906250,-105.003524
17765.625000,-106.560841
17777.343750,-106.847387
17789.062500,-108.623124
17800.781250,-109.529587
17812.500000,-115.711371
17824.218750,-108.241992
17835.937500,-114.858457
17847.656250,-111.939456
17859.375000,-105.178302
17871.093750,-107.092504
17882.812500,-111.146254
17894.531250,-111.912735
17906.250000,-108.735971
17917.968750,-109.989558
17929.687500,-104.878157
17941.406250,-107.271554
17953.125000,-114.799344
17964.843750,-120.173737
17976.562500,-112.665047
17988.281250,-110.742460
18000.000000,-108.079333
18011.718750,-111.493453
18023.437500,-121.046854
18035.156250,-108.331751
18046.875000,-109.299135
18058.593750,-112.017281
18070.312500,-109.927250
18082.031250,-112.060728
18093.750000,-112.000634
18105.468750,-112.030856
18117.187500,-111.468286
18128.906250,-120.437830
18140.625000,-112.974308
18152.343750,-107.909442
18164.062500,-109.955243
18175.781250,-109.172590
18187.500000,-110.270971
18199.218750,-108.556369
18210.937500,-105.253193
18222.656250,-109.308904
18234.375000,-118.181965
18246.093750,-114.308632
18257.812500,-109.129425
18269.531250,-103.783288
18281.250000,-114.239521
18292.968750,-113.115586
18304.687500,-110.952884
18316.406250,-109.385712
18328.125000,-110.101167
18339.843750,-115.587766
18351.562500,-118.156563
18363.281250,-115.699759
18375.000000,-113.214850
18386.718750,-114.548510
18398.437500,-114.177273
18410.156250,-109.428266
18421.875000,-110.180705
18433.593750,-107.398312
18445.312500,-106.315008
18457.031250,-104.760976
18468.750000,-107.888908
18480.468750,-109.625566
18492.187500,-110.467348
18503.906250,-116.499320
18515.625000,-125.938064
18527.343750,-116.412888
18539.062500,-113.370223
18550.781250,-115.944601
18562.500000,-120.668382
18574.218750,-118.596246
18585.937500,-112.331183
18597.656250,-111.639372
18609.375000,-118.111520
18621.093750,-111.527072
18632.812500,-112.040267
18644.531250,-119.494334
18656.250000,-117.954857
18667.968750,-115.717341
18679.687500,-113.567371
18691.406250,-115.132336
18703.125000,-122.734729
18714.843750,-114.024619
18726.562500,-111.790526
18738.281250,-119.330980
18750.000000,-117.336389
18761.718750,-126.102960
18773.437500,-120.025286
18785.156250,-127.007706
18796.875000,-123.379642
18808.593750,-127.433778
18820.312500,-117.622846
18832.031250,-112.705447
18843.750000,-116.976903
18855.468750,-118.545505
18867.187500,-116.118533
18878.906250,-129.302994
18890.625000,-117.754082
18902.343750,-119.392591
18914.062500,-120.643140
18925.781250,-124.232068
18937.500000,-125.378256
18949.218750,-121.260185
18960.937500,-121.892652
18972.656250,-136.594656
18984.375000,-137.340474
18996.093750,-130.620603
19007.812500,-126.408294
19019.531250,-127.633518
19031.250000,-129.633675
19042.968750,-132.944815
19054.687500,-125.907132
19066.406250,-124.885807
19078.125000,-132.305000
19089.843750,-128.048125
19101.562500,-127.357489
19113.281250,-136.267610
19125.000000,-134.943856
19136.718750,-132.760674
19148.437500,-135.067606
19160.156250,-134.582766
19171.875000,-140.070751
19183.593750,-150.032723
19195.312500,-156.228095
19207.031250,-149.986772
19218.750000,-148.335872
19230.468750,-143.147536
19242.187500,-147.023187
19253.906250,-147.032273
19265.625000,-131.622931
19277.343750,-130.873711
19289.062500,-148.718232
19300.781250,-130.285478
19312.500000,-125.015202
19324.218750,-126.704251
19335.937500,-131.525875
19347.656250,-125.342366
19359.375000,-134.344335
19371.093750,-128.473686
19382.812500,-119.193693
19394.531250,-126.222512
19406.250000,-124.423661
19417.968750,-122.252443
19429.687500,-126.941264
19441.406250,-120.208773
19453.125000,-115.415427
19464.843750,-118.994047
19476.562500,-119.359138
19488.281250,-119.653138
19500.000000,-119.757684
19511.718750,-119.393856
19523.437500,-113.647002
19535.156250,-114.611060
19546.875000,-119.573275
19558.593750,-124.641132
19570.312500,-121.242388
19582.031250,-119.385315
19593.750000,-115.493136
19605.468750,-113.854965
19617.187500,-113.997424
19628.906250,-114.719021
19640.625000,-114.034750
19652.343750,-119.659574
19664.062500,-121.946183
19675.781250,-130.596523
19687.500000,-115.099317
19699.218750,-108.363176
19710.937500,-110.209638
19722.656250,-111.278209
19734.375000,-112.845101
19746.093750,-116.905523
19757.812500,-115.278855
19769.531250,-113.668098
19781.250000,-118.368527
19792.968750,-118.362464
19804.687500,-119.354009
19816.406250,-130.189921
19828.125000,-119.312011
19839.843750,-114.311418
19851.562500,-113.402461
19863.281250,-109.800874
19875.000000,-112.710803
19886.718750,-120.707482
19898.437500,-116.322132
19910.156250,-111.206554
19921.875000,-117.128039
19933.593750,-124.577260
19945.312500,-118.169462
19957.031250,-117.120788
19968.750000,-115.111720
19980.468750,-123.922559
19992.187500,-119.515505
20003.906250,-113.503570
20015.625000,-112.520839
20027.343750,-114.670933
20039.062500,-119.157028
20050.781250,-123.881610
20062.500000,-123.248504
20074.218750,-123.413729
20085.937500,-117.604546
20097.656250,-113.104500
20109.375000,-116.619011
20121.093750,-113.777679
20132.812500,-112.003088
20144.531250,-113.160132
20156.250000,-110.322130
20167.968750,-110.557797
20179.687500,-115.465694
20191.406250,-122.977100
20203.125000,-114.461067
20214.843750,-118.864667
20226.562500,-111.723144
20238.281250,-129.936016
20250.000000,-110.417216
20261.718750,-115.471842
20273.437500,-108.203274
20285.156250,-103.138292
20296.875000,-103.688409
20308.593750,-107.969157
20320.312500,-104.386762
20332.031250,-105.887372
20343.750000,-106.662291
20355.468750,-105.114214
20367.187500,-108.167925
20378.906250,-108.823471
20390.625000,-111.413144
20402.343750,-117.372996
20414.062500,-114.189411
20425.781250,-106.841388
20437.500000,-104.411043
20449.218750,-112.744135
20460.937500,-112.851376
20472.656250,-109.488194
20484.375000,-119.224137
20496.093750,-118.919151
20507.812500,-109.676492
20519.531250,-110.762393
20531.250000,-128.031591
20542.968750,-114.072396
20554.687500,-117.072255
20566.406250,-117.817758
20578.125000,-120.454316
20589.843750,-122.046676
20601.562500,-116.379278
20613.281250,-119.184204
20625.000000,-121.534324
20636.718750,-121.499320
20648.437500,-114.793489
20660.156250,-111.498234
20671.875000,-106.264500
20683.593750,-110.112690
20695.312500,-106.143395
20707.031250,-105.434741
20718.750000,-107.262269
20730.468750,-106.756548
20742.187500,-105.056122
20753.906250,-107.034968
20765.625000,-107.819059
20777.343750,-110.707512
20789.062500,-105.991774
20800.781250,-107.917679
20812.500000,-107.356091
20824.218750,-107.696248
20835.937500,-111.756392
20847.656250,-107.660942
20859.375000,-116.743656
20871.093750,-107.458104
20882.812500,-112.734870
20894.531250,-117.739988
20906.250000,-116.843359
20917.968750,-108.980657
20929.687500,-108.620475
20941.406250,-109.258772
20953.125000,-113.430503
20964.843750,-105.911664
20976.562500,-116.557487
20988.281250,-109.712582
21000.000000,-119.708960
21011.718750,-106.891491
21023.437500,-101.622060
21035.156250,-103.176016
21046.875000,-109.369237
21058.593750,-106.641622
21070.312500,-104.139344
21082.031250,-109.458528
21093.750000,-109.377396
21105.468750,-107.087587
21117.187500,-107.784625
21128.906250,-109.276744
21140.625000,-111.008809
21152.343750,-104.119949
21164.062500,-104.768651
21175.781250,-113.037263
21187.500000,-113.967106
21199.218750,-109.865238
21210.937500,-110.084788
21222.656250,-113.848038
21234.375000,-106.226264
21246.093750,-107.092331
21257.812500,-122.213027
21269.531250,-103.746096
21281.250000,-104.061663
21292.968750,-106.917385
21304.687500,-115.502024
21316.406250,-108.479138
21328.125000,-106.746831
21339.843750,-106.459262
21351.562500,-112.083615
21363.281250,-118.984978
21375.000000,-108.532351
21386.718750,-109.704362
21398.437500,-109.156337
21410.156250,-112.660021
21421.875000,-108.354935
21433.593750,-111.808379
21445.312500,-108.490635
21457.031250,-113.315199
21468.750000,-112.566915
21480.468750,-120.777358
21492.187500,-112.618116
21503.906250,-120.740910
21515.625000,-112.147303
21527.343750,-105.349258
21539.062500,-106.092997
21550.781250,-125.586487
21562.500000,-105.566537
21574.218750,-103.593820
21585.937500,-108.302536
21597.656250,-108.310013
21609.375000,-105.372385
21621.093750,-111.061242
21632.812500,-112.498154
21644.531250,-105.775344
21656.250000,-102.822029
21667.968750,-103.620477
21679.687500,-101.943022
21691.406250,-102.131283
21703.125000,-108.320278
21714.843750,-112.828656
21726.562500,-121.797184
21738.281250,-113.653965
21750.000000,-107.185134
21761.718750,-106.672135
21773.437500,-108.711781
21785.156250,-116.040022
21796.875000,-112.762574
21808.593750,-104.581754
21820.312500,-103.587761
21832.031250,-105.909335
21843.750000,-115.159134
21855.468750,-107.277336
21867.187500,-112.319087
21878.906250,-107.309762
21890.625000,-115.788747
21902.343750,-110.241763
21914.062500,-104.681578
21925.781250,-106.409736
21937.500000,-119.878764
21949.218750,-110.752695
21960.937500,-118.938483
21972.656250,-114.829222
21984.375000,-105.512609
21996.093750,-106.890032
22007.812500,-113.098071
22019.531250,-106.409950
22031.250000,-109.420248
22042.968750,-113.174968
22054.687500,-106.741437
22066.406250,-104.514188
22078.125000,-110.763525
22089.843750,-116.752317
22101.562500,-113.570890
22113.281250,-111.576898
22125.000000,-113.968268
22136.718750,-117.655613
22148.437500,-111.218378
22160.156250,-107.601371
22171.875000,-111.156834
22183.593750,-106.044411
22195.312500,-110.169289
22207.031250,-113.130670
22218.750000,-112.274886
22230.468750,-111.939647
22242.187500,-118.576808
22253.906250,-116.229151
22265.625000,-120.153551
22277.343750,-108.176784
22289.062500,-100.553926
22300.781250,-101.944965
22312.500000,-108.466979
22324.218750,-107.464405
22335.937500,-106.193066
22347.656250,-108.982377
22359.375000,-107.367078
22371.093750,-105.527773
22382.812500,-106.405718
22394.531250,-108.974714
22406.250000,-109.032408
22417.968750,-118.014922
22429.687500,-122.514366
22441.406250,-115.092184
22453.125000,-104.702134
22464.843750,-104.729822
22476.562500,-115.483915
22488.281250,-110.663327
22500.000000,-109.937310
22511.718750,-113.853458
22523.437500,-109.036059
22535.156250,-110.480808
22546.875000,-109.313810
22558.593750,-110.358219
22570.312500,-126.832708
22582.031250,-110.432650
22593.750000,-109.003138
22605.468750,-111.513857
22617.187500,-106.797452
22628.906250,-108.916325
22640.625000,-113.945785
22652.343750,-114.796198
22664.062500,-120.252184
22675.781250,-112.064865
22687.500000,-109.795415
22699.218750,-114.794139
22710.937500,-112.521874
22722.656250,-116.019071
22734.375000,-117.917975
22746.093750,-134.832334
22757.812500,-111.269078
22769.531250,-110.772479
22781.250000,-118.539398
22792.968750,-113.755979
22804.687500,-111.682912
22816.406250,-106.930951
22828.125000,-107.264112
22839.843750,-119.418290
22851.562500,-109.368835
22863.281250,-107.683841
22875.000000,-105.014847
22886.718750,-112.793353
22898.437500,-118.125675
22910.156250,-122.457959
22921.875000,-114.544570
22933.593750,-116.589866
22945.312500,-114.072059
22957.031250,-107.850897
22968.750000,-111.013583
22980.468750,-118.994643
22992.187500,-117.168247
23003.906250,-122.427958
23015.625000,-114.191912
23027.343750,-113.412426
23039.062500,-116.174500
23050.781250,-117.296532
23062.500000,-111.645191
23074.218750,-110.706784
23085.937500,-118.799350
23097.656250,-109.792596
23109.375000,-107.975426
23121.093750,-110.818625
23132.812500,-111.433042
23144.531250,-117.155547
23156.250000,-113.763881
23167.968750,-109.598293
23179.687500,-111.040677
23191.406250,-111.720532
23203.125000,-110.515004
23214.843750,-115.621980
23226.562500,-142.351615
23238.281250,-117.408907
23250.000000,-110.637010
23261.718750,-109.485946
23273.437500,-114.379689
23285.156250,-130.509693
23296.875000,-121.925542
23308.593750,-115.626825
23320.312500,-115.079388
23332.031250,-115.006674
23343.750000,-118.267982
23355.468750,-115.368454
23367.187500,-117.225328
23378.906250,-119.325051
23390.625000,-127.050262
23402.343750,-117.658100
23414.062500,-112.669250
23425.781250,-111.280560
23437.500000,-116.522853
23449.218750,-120.583452
23460.937500,-119.784696
23472.656250,-126.478865
23484.375000,-117.570183
23496.093750,-116.541886
23507.812500,-125.209543
23519.531250,-122.930248
23531.250000,-123.778982
23542.968750,-122.962104
23554.687500,-122.040274
23566.406250,-122.511109
23578.125000,-121.622408
23589.843750,-118.964061
23601.562500,-121.554449
23613.281250,-129.444427
23625.000000,-120.267586
23636.718750,-125.184685
23648.437500,-133.419287
23660.156250,-127.809318
23671.875000,-122.271314
23683.593750,-119.094441
23695.312500,-116.456100
23707.031250,-120.955071
23718.750000,-123.699001
23730.468750,-122.995931
23742.187500,-121.868234
23753.906250,-122.165640
23765.625000,-126.524848
23777.343750,-124.970200
23789.062500,-117.120635
23800.781250,-119.878511
23812.500000,-130.991319
23824.218750,-127.733268
23835.937500,-137.925143
23847.656250,-129.180496
23859.375000,-133.127045
23871.093750,-134.121324
23882.812500,-133.502701
23894.531250,-152.225467
23906.250000,-133.057175
23917.968750,-131.757819
23929.687500,-148.641053
23941.406250,-136.652194
23953.125000,-139.433165
23964.843750,-144.086495
23976.562500,-151.462567
23988.281250,-158.851663
