-24000.000000,-201.261535
-23988.281250,-158.925895
-23976.562500,-151.413286
-23964.843750,-144.096885
-23953.125000,-139.412217
-23941.406250,-136.671275
-23929.687500,-148.466814
-23917.968750,-131.746820
-23906.250000,-133.087057
-23894.531250,-151.980585
-23882.812500,-133.492720
-23871.093750,-134.135015
-23859.375000,-133.107227
-23847.656250,-129.184876
-23835.937500,-137.990741
-23824.218750,-127.709342
-23812.500000,-131.061143
-23800.781250,-119.844784
-23789.062500,-117.133123
-23777.343750,-125.015982
-23765.625000,-126.502715
-23753.906250,-122.158874
-23742.187500,-121.874544
-23730.468750,-122.998846
-23718.750000,-123.702541
-23707.031250,-120.934285
-23695.312500,-116.452306
-23683.593750,-119.117318
-23671.875000,-122.274972
-23660.156250,-127.858863
-23648.437500,-133.363329
-23636.718750,-125.159611
-23625.000000,-120.267591
-23613.281250,-129.530094
-23601.562500,-121.530617
-23589.843750,-118.963762
-23578.125000,-121.660491
-23566.406250,-122.450318
-23554.687500,-122.096569
-23542.968750,-122.935667
-23531.250000,-123.774506
-23519.531250,-122.949268
-23507.812500,-125.160788
-23496.093750,-116.531215
-23484.375000,-117.587603
-23472.656250,-126.538293
-23460.937500,-119.754220
-23449.218750,-120.629232
-23437.500000,-116.479299
-23425.781250,-111.277063
-23414.062500,-112.683168
-23402.343750,-117.687234
-23390.625000,-127.084803
-23378.906250,-119.269968
-23367.187500,-117.250982
-23355.468750,-115.361995
-23343.750000,-118.262129
-23332.031250,-115.005611
-23320.312500,-115.079684
-23308.593750,-115.634132
-23296.875000,-121.977530
-23285.156250,-130.431525
-23273.437500,-114.342763
-23261.718750,-109.483336
-23250.000000,-110.648504
-23238.281250,-117.454098
-23226.562500,-142.731099
-23214.843750,-115.584106
-23203.125000,-110.509360
-23191.406250,-111.734330
-23179.687500,-111.025912
-23167.968750,-109.604664
-23156.250000,-113.789059
-23144.531250,-117.121809
-23132.812500,-111.429441
-23121.093750,-110.810428
-23109.375000,-107.969672
-23097.656250,-109.817751
-23085.937500,-118.745163
-23074.218750,-110.702970
-23062.500000,-111.652216
-23050.781250,-117.352179
-23039.062500,-116.132945
-23027.343750,-113.412989
-23015.625000,-114.208013
-23003.906250,-122.481935
-22992.187500,-117.127060
-22980.468750,-119.067011
-22968.750000,-110.976080
-22957.031250,-107.858771
-22945.312500,-114.108172
-22933.593750,-116.581673
-22921.875000,-114.538256
-22910.156250,-122.572252
-22898.437500,-118.138192
-22886.718750,-112.723021
-22875.000000,-105.011817
-22863.281250,-107.701709
-22851.562500,-109.370471
-22839.843750,-119.530918
-22828.125000,-107.237676
-22816.406250,-106.952022
-22804.687500,-111.679575
-22792.968750,-113.780070
-22781.250000,-118.526607
-22769.531250,-110.751786
-22757.812500,-111.297670
-22746.093750,-134.894279
-22734.375000,-117.890403
-22722.656250,-116.014167
-22710.937500,-112.522375
-22699.218750,-114.779460
-22687.500000,-109.789461
-22675.781250,-112.090248
-22664.062500,-120.224166
-22652.343750,-114.797169
-22640.625000,-113.928861
-22628.906250,-108.901231
-22617.187500,-106.799906
-22605.468750,-111.540707
-22593.750000,-108.989738
-22582.031250,-110.455747
-22570.312500,-126.868334
-22558.593750,-110.335923
-22546.875000,-109.320452
-22535.156250,-110.491820
-22523.437500,-109.018466
-22511.718750,-113.933748
-22500.000000,-109.906188
-22488.281250,-110.697430
-22476.562500,-115.400988
-22464.843750,-104.714372
-22453.125000,-104.718537
-22441.406250,-115.160277
-22429.687500,-122.511514
-22417.968750,-117.936599
-22406.250000,-109.025573
-22394.531250,-108.972034
-22382.812500,-106.396863
-22371.093750,-105.529875
-22359.375000,-107.379618
-22347.656250,-108.969852
-22335.937500,-106.193256
-22324.218750,-107.466685
-22312.500000,-108.469059
-22300.781250,-101.921615
-22289.062500,-100.566612
-22277.343750,-108.217620
-22265.625000,-120.200316
-22253.906250,-116.203997
-22242.187500,-118.621685
-22230.468750,-111.916043
-22218.750000,-112.288791
-22207.031250,-113.131470
-22195.312500,-110.147734
-22183.593750,-106.040070
-22171.875000,-111.208297
-22160.156250,-107.579682
-22148.437500,-111.270639
-22136.718750,-117.628042
-22125.000000,-113.945426
-22113.281250,-111.588517
-22101.562500,-113.564881
-22089.843750,-116.763532
-22078.125000,-110.734533
-22066.406250,-104.504112
-22054.687500,-106.769227
-22042.968750,-113.176184
-22031.250000,-109.389059
-22019.531250,-106.422168
-22007.812500,-113.109619
-21996.093750,-106.865632
-21984.375000,-105.528528
-21972.656250,-114.863042
-21960.937500,-118.908402
-21949.218750,-110.755047
-21937.500000,-119.816717
-21925.781250,-106.390259
-21914.062500,-104.687704
-21902.343750,-110.275989
-21890.625000,-115.779672
-21878.906250,-107.290503
-21867.187500,-112.401707
-21855.468750,-107.255810
-21843.750000,-115.253490
-21832.031250,-105.887242
-21820.312500,-103.586374
-21808.593750,-104.593601
-21796.875000,-112.812651
-21785.156250,-116.020293
-21773.437500,-108.693389
-21761.718750,-106.671240
-21750.000000,-107.192558
-21738.281250,-113.703642
-21726.562500,-121.720310
-21714.843750,-112.812957
-21703.125000,-108.295878
-21691.406250,-102.118271
-21679.687500,-101.952052
-21667.968750,-103.618957
-21656.250000,-102.823260
-21644.531250,-105.795238
-21632.812500,-112.525979
-21621.093750,-111.029673
-21609.375000,-105.364074
-21597.656250,-108.349099
-21585.937500,-108.254284
-21574.218750,-103.595376
-21562.500000,-105.583845
-21550.781250,-125.476039
-21539.062500,-106.076586
-21527.343750,-105.359698
-21515.625000,-112.187445
-21503.906250,-120.692811
-21492.187500,-112.613611
-21480.468750,-120.857124
-21468.750000,-112.548395
-21457.031250,-113.308788
-21445.312500,-108.494159
-21433.593750,-111.764586
-21421.875000,-108.386866
-21410.156250,-112.594404
-21398.437500,-109.169384
-21386.718750,-109.691120
-21375.000000,-108.543113
-21363.281250,-119.076679
-21351.562500,-112.041718
-21339.843750,-106.453848
-21328.125000,-106.749565
-21316.406250,-108.496365
-21304.687500,-115.474303
-21292.968750,-106.902423
-21281.250000,-104.052541
-21269.531250,-103.759178
-21257.812500,-122.509590
-21246.093750,-107.074766
-21234.375000,-106.234015
-21222.656250,-113.919394
-21210.937500,-110.047828
-21199.218750,-109.889894
-21187.500000,-113.972519
-21175.781250,-113.004878
-21164.062500,-104.751150
-21152.343750,-104.132285
-21140.625000,-111.033256
-21128.906250,-109.267458
-21117.187500,-107.779710
-21105.468750,-107.087314
-21093.750000,-109.401483
-21082.031250,-109.419229
-21070.312500,-104.136336
-21058.593750,-106.663900
-21046.875000,-109.342436
-21035.156250,-103.161981
-21023.437500,-101.625991
-21011.718750,-106.930328
-21000.000000,-119.650142
-20988.281250,-109.710795
-20976.562500,-116.524099
-20964.843750,-105.903611
-20953.125000,-113.517942
-20941.406250,-109.235210
-20929.687500,-108.624889
-20917.968750,-108.986968
-20906.250000,-116.896668
-20894.531250,-117.741790
-20882.812500,-112.691531
-20871.093750,-107.464439
-20859.375000,-116.720308
-20847.656250,-107.660688
-20835.937500,-111.767782
-20824.218750,-107.674938
-20812.500000,-107.377382
-20800.781250,-107.893341
-20789.062500,-105.999236
-20777.343750,-110.729332
-20765.625000,-107.802420
-20753.906250,-107.034137
-20742.187500,-105.053210
-20730.468750,-106.763630
-20718.750000,-107.264069
-20707.031250,-105.423116
-20695.312500,-106.162300
-20683.593750,-110.099618
-20671.875000,-106.260843
-20660.156250,-111.553076
-20648.437500,-114.757709
-20636.718750,-121.612018
-20625.000000,-121.553774
-20613.281250,-119.139192
-20601.562500,-116.386378
-20589.843750,-122.092597
-20578.125000,-120.420400
-20566.406250,-117.827552
-20554.687500,-117.044504
-20542.968750,-114.084444
-20531.250000,-127.965459
-20519.531250,-110.738796
-20507.812500,-109.691355
-20496.093750,-118.972344
-20484.375000,-119.143291
-20472.656250,-109.479141
-20460.937500,-112.895052
-20449.218750,-112.671757
-20437.500000,-104.404596
-20425.781250,-106.863411
-20414.062500,-114.214234
-20402.343750,-117.363615
-20390.625000,-111.390943
-20378.906250,-108.826222
-20367.187500,-108.151964
-20355.468750,-105.112327
-20343.750000,-106.669345
-20332.031250,-105.877972
-20320.312500,-104.387980
-20308.593750,-107.982723
-20296.875000,-103.671985
-20285.156250,-103.147695
-20273.437500,-108.231558
-20261.718750,-115.453656
-20250.000000,-110.420890
-20238.281250,-130.147757
-20226.562500,-111.720721
-20214.843750,-118.893709
-20203.125000,-114.455302
-20191.406250,-123.073878
-20179.687500,-115.432061
-20167.968750,-110.548721
-20156.250000,-110.329610
-20144.531250,-113.164683
-20132.812500,-111.998005
-20121.093750,-113.794346
-20109.375000,-116.613817
-20097.656250,-113.097181
-20085.937500,-117.655078
-20074.218750,-123.358807
-20062.500000,-123.287887
-20050.781250,-123.843579
-20039.062500,-119.143612
-20027.343750,-114.657121
-20015.625000,-112.517388
-20003.906250,-113.515973
-19992.187500,-119.541717
-19980.468750,-123.879625
-19968.750000,-115.102669
-19957.031250,-117.134181
-19945.312500,-118.175041
-19933.593750,-124.633876
-19921.875000,-117.074347
-19910.156250,-111.207705
-19898.437500,-116.351932
-19886.718750,-120.705465
-19875.000000,-112.683441
-19863.281250,-109.804081
-19851.562500,-113.416782
-19839.843750,-114.314900
-19828.125000,-119.341957
-19816.406250,-130.242614
-19804.687500,-119.322511
-19792.968750,-118.386718
-19781.250000,-118.327709
-19769.531250,-113.666987
-19757.812500,-115.287808
-19746.093750,-116.899690
-19734.375000,-112.830229
-19722.656250,-111.279940
-19710.937500,-110.193985
-19699.218750,-108.369855
-19687.500000,-115.140834
-19675.781250,-130.651457
-19664.062500,-121.936339
-19652.343750,-119.624593
-19640.625000,-114.029738
-19628.906250,-114.721260
-19617.187500,-113.991304
-19605.468750,-113.858102
-19593.750000,-115.502221
-19582.031250,-119.397101
-19570.312500,-121.247368
-19558.593750,-124.653849
-19546.875000,-119.543782
-19535.156250,-114.599462
-19523.437500,-113.652858
-19511.718750,-119.417219
-19500.000000,-119.758745
-19488.281250,-119.640257
-19476.562500,-119.371029
-19464.843750,-118.968414
-19453.125000,-115.416221
-19441.406250,-120.238619
-19429.687500,-126.937554
-19417.968750,-122.238131
-19406.250000,-124.458787
-19394.531250,-126.149079
-19382.812500,-119.196850
-19371.093750,-128.537474
-19359.375000,-134.287479
-19347.656250,-125.338255
-19335.937500,-131.546367
-19324.218750,-126.684337
-19312.500000,-125.017746
-19300.781250,-130.311637
-19289.062500,-149.006011
-19277.343750,-130.846335
-19265.625000,-131.643982
-19253.906250,-147.081153
-19242.187500,-146.972886
-19230.468750,-143.160960
-19218.750000,-148.283191
-19207.031250,-149.983012
-19195.312500,-156.250132
-19183.593750,-150.028213
-19171.875000,-140.051546
-19160.156250,-134.584784
-19148.437500,-135.076609
-19136.718750,-132.760884
-19125.000000,-134.968409
-19113.281250,-136.241280
-19101.562500,-127.342769
-19089.843750,-128.075727
-19078.125000,-132.278943
-19066.406250,-124.875743
-19054.687500,-125.929074
-19042.968750,-132.959120
-19031.250000,-129.623917
-19019.531250,-127.628820
-19007.812500,-126.413205
-18996.093750,-130.642883
-18984.375000,-137.391486
-18972.656250,-136.518770
-18960.937500,-121.872502
-18949.218750,-121.273560
-18937.500000,-125.385059
-18925.781250,-124.230296
-18914.062500,-120.630363
-18902.343750,-119.391436
-18890.625000,-117.757632
-18878.906250,-129.379433
-18867.187500,-116.102724
-18855.468750,-118.586223
-18843.750000,-116.932272
-18832.031250,-112.712608
-18820.312500,-117.652237
-18808.593750,-127.442076
-18796.875000,-123.365543
-18785.156250,-127.051010
-18773.437500,-120.025256
-18761.718750,-125.979125
-18750.000000,-117.360017
-18738.281250,-119.253761
-18726.562500,-111.791446
-18714.843750,-114.035525
-18703.125000,-122.831167
-18691.406250,-115.100071
-18679.687500,-113.581421
-18667.968750,-115.714778
-18656.250000,-117.977398
-18644.531250,-119.468871
-18632.812500,-112.024340
-18621.093750,-111.540897
-18609.375000,-118.120109
-18597.656250,-111.623304
-18585.937500,-112.354110
-18574.218750,-118.597820
-18562.500000,-120.683793
-18550.781250,-115.918120
-18539.062500,-113.378212
-18527.343750,-116.424447
-18515.625000,-125.967720
-18503.906250,-116.479832
-18492.187500,-110.448601
-18480.468750,-109.639574
-18468.750000,-107.863217
-18457.031250,-104.763859
-18445.312500,-106.319221
-18433.593750,-107.407042
-18421.875000,-110.185614
-18410.156250,-109.427652
-18398.437500,-114.224176
-18386.718750,-114.518898
-18375.000000,-113.222904
-18363.281250,-115.713251
-18351.562500,-118.166626
-18339.843750,-115.554742
-18328.125000,-110.093302
-18316.406250,-109.387027
-18304.687500,-110.962941
-18292.968750,-113.138376
-18281.250000,-114.144059
-18269.531250,-103.776891
-18257.812500,-109.186997
-18246.093750,-114.263731
-18234.375000,-118.266201
-18222.656250,-109.272327
-18210.937500,-105.254577
-18199.218750,-108.577746
-18187.500000,-110.258789
-18175.781250,-109.179734
-18164.062500,-109.946555
-18152.343750,-107.911810
-18140.625000,-113.013349
-18128.906250,-120.396459
-18117.187500,-111.451323
-18105.468750,-112.045441
-18093.750000,-111.999469
-18082.031250,-112.051234
-18070.312500,-109.927088
-18058.593750,-112.030445
-18046.875000,-109.280504
-18035.156250,-108.345759
-18023.437500,-121.175175
-18011.718750,-111.457832
-18000.000000,-108.081895
-17988.281250,-110.756254
-17976.562500,-112.687267
-17964.843750,-120.075911
-17953.125000,-114.796652
-17941.406250,-107.248937
-17929.687500,-104.884052
-17917.968750,-110.007915
-17906.250000,-108.736244
-17894.531250,-111.922132
-17882.812500,-111.137671
-17871.093750,-107.075240
-17859.375000,-105.186176
-17847.656250,-111.983989
-17835.937500,-114.788310
-17824.218750,-108.253571
-17812.500000,-115.670308
-17800.781250,-109.533399
-17789.062500,-108.608116
-17777.343750,-106.851475
-17765.625000,-106.549565
-17753.906250,-105.009981
-17742.187500,-112.611926
-17730.468750,-113.035224
-17718.750000,-105.941065
-17707.031250,-108.581691
-17695.312500,-111.897841
-17683.593750,-107.630095
-17671.875000,-116.876532
-17660.156250,-114.907742
-17648.437500,-125.305147
-17636.718750,-113.296274
-17625.000000,-114.531702
-17613.281250,-113.984845
-17601.562500,-105.428650
-17589.843750,-101.274061
-17578.125000,-101.008558
-17566.406250,-103.073369
-17554.687500,-106.032323
-17542.968750,-123.102952
-17531.250000,-114.233128
-17519.531250,-108.803350
-17507.812500,-106.085727
-17496.093750,-107.862174
-17484.375000,-104.708745
-17472.656250,-103.774382
-17460.937500,-106.094839
-17449.218750,-107.295971
-17437.500000,-110.176265
-17425.781250,-105.693324
-17414.062500,-106.491999
-17402.343750,-109.793133
-17390.625000,-112.089767
-17378.906250,-114.495872
-17367.187500,-103.518392
-17355.468750,-101.464752
-17343.750000,-102.485082
-17332.031250,-108.096171
-17320.312500,-115.160071
-17308.593750,-115.127273
-17296.875000,-108.938118
-17285.156250,-104.995863
-17273.437500,-108.718657
-17261.718750,-106.423261
-17250.000000,-107.856540
-17238.281250,-104.573459
-17226.562500,-103.588897
-17214.843750,-110.459915
-17203.125000,-105.106232
-17191.406250,-98.534588
-17179.687500,-97.810818
-17167.968750,-97.574524
-17156.250000,-104.067117
-17144.531250,-111.624687
-17132.812500,-103.710196
-17121.093750,-100.774655
-17109.375000,-108.854351
-17097.656250,-103.463366
-17085.937500,-106.779063
-17074.218750,-100.630836
-17062.500000,-99.108527
-17050.781250,-107.691920
-17039.062500,-98.910017
-17027.343750,-95.152663
-17015.625000,-95.373412
-17003.906250,-96.498235
-16992.187500,-97.280981
-16980.468750,-96.970501
-16968.750000,-104.729269
-16957.031250,-102.455185
-16945.312500,-96.498754
-16933.593750,-93.809319
-16921.875000,-98.905706
-16910.156250,-95.884375
-16898.437500,-94.912485
-16886.718750,-103.488938
-16875.000000,-114.472085
-16863.281250,-105.073145
-16851.562500,-101.809349
-16839.843750,-103.630394
-16828.125000,-103.744489
-16816.406250,-102.658653
-16804.687500,-98.475164
-16792.968750,-101.604787
-16781.250000,-96.791457
-16769.531250,-98.788598
-16757.812500,-99.176321
-16746.093750,-109.402978
-16734.375000,-98.869533
-16722.656250,-96.455918
-16710.937500,-96.501516
-16699.218750,-97.430501
-16687.500000,-99.098250
-16675.781250,-98.295309
-16664.062500,-99.071161
-16652.343750,-100.081517
-16640.625000,-100.317912
-16628.906250,-108.227142
-16617.187500,-102.122763
-16605.468750,-97.747168
-16593.750000,-99.766974
-16582.031250,-102.134480
-16570.312500,-100.248893
-16558.593750,-106.203737
-16546.875000,-117.064629
-16535.156250,-109.626514
-16523.437500,-106.034841
-16511.718750,-101.465792
-16500.000000,-101.884232
-16488.281250,-112.418121
-16476.562500,-106.125320
-16464.843750,-97.876393
-16453.125000,-96.600039
-16441.406250,-112.759200
-16429.687500,-98.823331
-16417.968750,-103.601050
-16406.250000,-115.570373
-16394.531250,-106.553487
-16382.812500,-122.541182
-16371.093750,-121.131307
-16359.375000,-109.272560
-16347.656250,-101.835139
-16335.937500,-97.239851
-16324.218750,-99.580164
-16312.500000,-100.648990
-16300.781250,-105.038880
-16289.062500,-102.742357
-16277.343750,-109.440284
-16265.625000,-102.735604
-16253.906250,-97.614696
-16242.187500,-116.477270
-16230.468750,-100.244573
-16218.750000,-97.686194
-16207.031250,-97.431122
-16195.312500,-105.035139
-16183.593750,-105.028069
-16171.875000,-98.050459
-16160.156250,-95.689055
-16148.437500,-94.663145
-16136.718750,-97.637189
-16125.000000,-102.010743
-16113.281250,-109.431574
-16101.562500,-100.035114
-16089.843750,-101.623135
-16078.125000,-104.280791
-16066.406250,-104.799158
-16054.687500,-104.572381
-16042.968750,-105.292613
-16031.250000,-107.806374
-16019.531250,-101.518884
-16007.812500,-101.636998
-15996.093750,-99.665822
-15984.375000,-101.798236
-15972.656250,-101.685430
-15960.937500,-104.955082
-15949.218750,-96.875729
-15937.500000,-93.131771
-15925.781250,-97.596957
-15914.062500,-93.454602
-15902.343750,-95.091866
-15890.625000,-101.598158
-15878.906250,-108.925720
-15867.187500,-98.852792
-15855.468750,-98.556191
-15843.750000,-101.360655
-15832.031250,-98.762363
-15820.312500,-100.214544
-15808.593750,-103.691846
-15796.875000,-101.789582
-15785.156250,-101.934427
-15773.437500,-101.817348
-15761.718750,-97.840433
-15750.000000,-98.647818
-15738.281250,-100.926296
-15726.562500,-99.221410
-15714.843750,-121.119093
-15703.125000,-113.427804
-15691.406250,-102.180283
-15679.687500,-102.940827
-15667.968750,-103.633938
-15656.250000,-99.960075
-15644.531250,-94.427711
-15632.812500,-100.534887
-15621.093750,-101.013287
-15609.375000,-96.864088
-15597.656250,-96.425887
-15585.937500,-97.863737
-15574.218750,-103.398654
-15562.500000,-104.466839
-15550.781250,-98.198205
-15539.062500,-107.741805
-15527.343750,-106.623058
-15515.625000,-100.249392
-15503.906250,-98.801668
-15492.187500,-100.434630
-15480.468750,-97.765520
-15468.750000,-96.780344
-15457.031250,-97.905514
-15445.312500,-97.637910
-15433.593750,-98.071229
-15421.875000,-99.394894
-15410.156250,-103.899788
-15398.437500,-103.764356
-15386.718750,-111.750707
-15375.000000,-98.888587
-15363.281250,-96.368289
-15351.562500,-101.694231
-15339.843750,-98.274152
-15328.125000,-94.478941
-15316.406250,-98.326654
-15304.687500,-101.356522
-15292.968750,-106.703168
-15281.250000,-101.974304
-15269.531250,-98.923172
-15257.812500,-101.682504
-15246.093750,-108.698514
-15234.375000,-102.725023
-15222.656250,-103.240758
-15210.937500,-102.144361
-15199.218750,-98.575474
-15187.500000,-102.398511
-15175.781250,-111.160394
-15164.062500,-103.658998
-15152.343750,-101.592352
-15140.625000,-111.933165
-15128.906250,-109.530902
-15117.187500,-117.191566
-15105.468750,-106.306429
-15093.750000,-105.546208
-15082.031250,-105.722184
-15070.312500,-108.856345
-15058.593750,-99.021837
-15046.875000,-106.928871
-15035.156250,-97.722754
-15023.437500,-101.528749
-15011.718750,-104.693321
-15000.000000,-100.263433
-14988.281250,-116.602876
-14976.562500,-103.740952
-14964.843750,-122.206587
-14953.125000,-105.367600
-14941.406250,-104.627688
-14929.687500,-101.936712
-14917.968750,-103.499673
-14906.250000,-107.273785
-14894.531250,-117.238498
-14882.812500,-101.565526
-14871.093750,-102.533816
-14859.375000,-105.077710
-14847.656250,-108.026022
-14835.937500,-101.882254
-14824.218750,-97.374183
-14812.500000,-97.833727
-14800.781250,-100.633516
-14789.062500,-102.894247
-14777.343750,-104.052550
-14765.625000,-104.862303
-14753.906250,-105.325094
-14742.187500,-104.027328
-14730.468750,-105.448968
-14718.750000,-97.427172
-14707.031250,-105.610593
-14695.312500,-104.980704
-14683.593750,-105.657268
-14671.875000,-102.104943
-14660.156250,-114.114506
-14648.437500,-99.551227
-14636.718750,-102.240956
-14625.000000,-108.293081
-14613.281250,-95.623359
-14601.562500,-94.582903
-14589.843750,-98.256521
-14578.125000,-97.128206
-14566.406250,-103.316001
-14554.687500,-103.689254
-14542.968750,-111.856334
-14531.250000,-112.271237
-14519.531250,-98.871127
-14507.812500,-93.765059
-14496.093750,-96.148601
-14484.375000,-102.699611
-14472.656250,-105.310077
-14460.937500,-103.415930
-14449.218750,-98.822087
-14437.500000,-101.246866
-14425.781250,-102.868101
-14414.062500,-100.013972
-14402.343750,-101.871496
-14390.625000,-106.196360
-14378.906250,-114.678574
-14367.187500,-107.579549
-14355.468750,-98.148030
-14343.750000,-99.596710
-14332.031250,-115.002596
-14320.312500,-107.863530
-14308.593750,-98.860959
-14296.875000,-106.701028
-14285.156250,-99.699075
-14273.437500,-98.739482
-14261.718750,-113.879305
-14250.000000,-105.042424
-14238.281250,-102.456259
-14226.562500,-100.905734
-14214.843750,-98.853058
-14203.125000,-97.878477
-14191.406250,-99.669276
-14179.687500,-101.330018
-14167.968750,-99.430518
-14156.250000,-98.740185
-14144.531250,-112.790958
-14132.812500,-102.337010
-14121.093750,-105.646432
-14109.375000,-107.170924
-14097.656250,-99.897741
-14085.937500,-100.905600
-14074.218750,-101.668168
-14062.500000,-101.807231
-14050.781250,-102.888382
-14039.062500,-100.241634
-14027.343750,-100.759878
-14015.625000,-113.745033
-14003.906250,-104.946454
-13992.187500,-106.795718
-13980.468750,-104.488912
-13968.750000,-112.408575
-13957.031250,-106.716533
-13945.312500,-109.373606
-13933.593750,-104.258316
-13921.875000,-99.620572
-13910.156250,-102.134585
-13898.437500,-116.967884
-13886.718750,-99.513127
-13875.000000,-100.441226
-13863.281250,-104.928949
-13851.562500,-107.191483
-13839.843750,-110.354944
-13828.125000,-108.870614
-13816.406250,-109.449127
-13804.687500,-103.675565
-13792.968750,-104.223085
-13781.250000,-116.311535
-13769.531250,-100.012288
-13757.812500,-101.982191
-13746.093750,-103.865763
-13734.375000,-113.993532
-13722.656250,-112.689624
-13710.937500,-104.032417
-13699.218750,-103.102026
-13687.500000,-104.976505
-13675.781250,-103.901287
-13664.062500,-110.316009
-13652.343750,-107.336276
-13640.625000,-110.509299
-13628.906250,-107.564163
-13617.187500,-102.724487
-13605.468750,-97.862629
-13593.750000,-101.563432
-13582.031250,-100.648920
-13570.312500,-101.170716
-13558.593750,-103.390518
-13546.875000,-111.605682
-13535.156250,-97.856823
-13523.437500,-97.389274
-13511.718750,-100.454692
-13500.000000,-109.478842
-13488.281250,-108.927894
-13476.562500,-109.955411
-13464.843750,-108.180393
-13453.125000,-101.704560
-13441.406250,-100.457092
-13429.687500,-106.958822
-13417.968750,-106.276297
-13406.250000,-114.450304
-13394.531250,-105.252133
-13382.812500,-102.669378
-13371.093750,-107.251876
-13359.375000,-101.144584
-13347.656250,-102.891226
-13335.937500,-114.391474
-13324.218750,-108.802133
-13312.500000,-111.099658
-13300.781250,-106.859629
-13289.062500,-103.817815
-13277.343750,-101.098918
-13265.625000,-104.886204
-13253.906250,-110.738545
-13242.187500,-105.106485
-13230.468750,-104.234854
-13218.750000,-124.475962
-13207.031250,-112.840342
-13195.312500,-122.163716
-13183.593750,-108.389339
-13171.875000,-103.010329
-13160.156250,-106.746482
-13148.437500,-115.875099
-13136.718750,-111.186726
-13125.000000,-105.672205
-13113.281250,-101.521705
-13101.562500,-105.551438
-13089.843750,-110.841169
-13078.125000,-107.609993
-13066.406250,-111.962451
-13054.687500,-109.135279
-13042.968750,-113.976896
-13031.250000,-107.671172
-13019.531250,-111.580149
-13007.812500,-119.311314
-12996.093750,-122.521126
-12984.375000,-119.036716
-12972.656250,-105.362436
-12960.937500,-100.961098
-12949.218750,-104.820804
-12937.500000,-110.651631
-12925.781250,-105.207109
-12914.062500,-102.784166
-12902.343750,-109.341584
-12890.625000,-112.833919
-12878.906250,-104.417331
-12867.187500,-116.100592
-12855.468750,-110.141029
-12843.750000,-110.026162
-12832.031250,-106.449828
-12820.312500,-111.889525
-12808.593750,-108.336082
-12796.875000,-111.445721
-12785.156250,-112.447645
-12773.437500,-109.592062
-12761.718750,-108.273033
-12750.000000,-115.750778
-12738.281250,-108.075903
-12726.562500,-112.782337
-12714.843750,-112.889934
-12703.125000,-112.707865
-12691.406250,-111.932568
-12679.687500,-108.851496
-12667.968750,-104.600644
-12656.250000,-111.476576
-12644.531250,-106.463570
-12632.812500,-110.881306
-12621.093750,-109.051807
-12609.375000,-105.990226
-12597.656250,-106.822642
-12585.937500,-107.991177
-12574.218750,-108.494845
-12562.500000,-114.945539
-12550.781250,-108.189700
-12539.062500,-110.851635
-12527.343750,-128.347834
-12515.625000,-107.039338
-12503.906250,-106.231400
-12492.187500,-120.035142
-12480.468750,-111.058440
-12468.750000,-110.779632
-12457.031250,-119.306902
-12445.312500,-113.638473
-12433.593750,-115.602438
-12421.875000,-110.380247
-12410.156250,-109.847804
-12398.437500,-124.149545
-12386.718750,-117.256505
-12375.000000,-109.720806
-12363.281250,-111.600245
-12351.562500,-120.591436
-12339.843750,-121.975760
-12328.125000,-110.202160
-12316.406250,-106.682615
-12304.687500,-109.818791
-12292.968750,-120.650966
-12281.250000,-113.906130
-12269.531250,-114.332697
-12257.812500,-120.504008
-12246.093750,-116.397553
-12234.375000,-118.821910
-12222.656250,-121.331200
-12210.937500,-120.146607
-12199.218750,-120.446459
-12187.500000,-135.737784
-12175.781250,-119.115838
-12164.062500,-122.144292
-12152.343750,-126.903749
-12140.625000,-123.833457
-12128.906250,-121.973184
-12117.187500,-122.554257
-12105.468750,-121.280688
-12093.750000,-123.011676
-12082.031250,-130.756075
-12070.312500,-133.375991
-12058.593750,-141.832682
-12046.875000,-135.527872
-12035.156250,-131.390068
-12023.437500,-135.629770
-12011.718750,-151.084684
-12000.000000,-193.957538
-11988.281250,-144.807257
-11976.562500,-143.516412
-11964.843750,-145.155036
-11953.125000,-137.587223
-11941.406250,-132.565143
-11929.687500,-122.405020
-11917.968750,-128.011473
-11906.250000,-128.269607
-11894.531250,-123.049411
-11882.812500,-120.669042
-11871.093750,-123.849873
-11859.375000,-124.565787
-11847.656250,-125.297204
-11835.937500,-124.351923
-11824.218750,-124.582792
-11812.500000,-119.688285
-11800.781250,-117.236480
-11789.062500,-144.519604
-11777.343750,-119.589719
-11765.625000,-119.179216
-11753.906250,-119.444179
-11742.187500,-132.505446
-11730.468750,-118.413335
-11718.750000,-118.963896
-11707.031250,-123.287640
-11695.312500,-115.843968
-11683.593750,-110.230750
-11671.875000,-111.696994
-11660.156250,-121.661542
-11648.437500,-115.886418
-11636.718750,-117.330852
-11625.000000,-115.065906
-11613.281250,-115.375893
-11601.562500,-120.638858
-11589.843750,-124.756391
-11578.125000,-124.204849
-11566.406250,-119.014377
-11554.687500,-113.665519
-11542.968750,-125.263598
-11531.250000,-112.442772
-11519.531250,-113.379504
-11507.812500,-112.188441
-11496.093750,-114.930723
-11484.375000,-134.181940
-11472.656250,-114.730733
-11460.937500,-105.706645
-11449.218750,-111.376315
-11437.500000,-115.488147
-11425.781250,-106.690147
-11414.062500,-106.209169
-11402.343750,-111.939681
-11390.625000,-115.719180
-11378.906250,-116.558369
-11367.187500,-128.399167
-11355.468750,-111.935667
-11343.750000,-107.261813
-11332.031250,-110.234970
-11320.312500,-118.434386
-11308.593750,-112.426922
-11296.875000,-114.161028
-11285.156250,-105.438187
-11273.437500,-103.122569
-11261.718750,-110.397889
-11250.000000,-118.301818
-11238.281250,-118.145603
-11226.562500,-113.277292
-11214.843750,-112.917436
-11203.125000,-113.879687
-11191.406250,-114.463905
-11179.687500,-106.941491
-11167.968750,-108.250237
-11156.250000,-109.708669
-11144.531250,-110.664101
-11132.812500,-120.511694
-11121.093750,-113.768467
-11109.375000,-112.700007
-11097.656250,-115.506348
-11085.937500,-113.970218
-11074.218750,-113.817103
-11062.500000,-114.058347
-11050.781250,-107.811012
-11039.062500,-108.209301
-11027.343750,-117.275712
-11015.625000,-109.825283
-11003.906250,-122.857408
-10992.187500,-112.544808
-10980.468750,-111.128845
-10968.750000,-115.922075
-10957.031250,-112.841624
-10945.312500,-113.963741
-10933.593750,-129.535297
-10921.875000,-120.517081
-10910.156250,-115.198469
-10898.437500,-113.857373
-10886.718750,-122.022622
-10875.000000,-108.617497
-10863.281250,-111.177319
-10851.562500,-112.403526
-10839.843750,-108.830922
-10828.125000,-118.208606
-10816.406250,-109.468682
-10804.687500,-104.609479
-10792.968750,-104.402996
-10781.250000,-109.046518
-10769.531250,-122.802495
-10757.812500,-111.533365
-10746.093750,-111.749662
-10734.375000,-107.035569
-10722.656250,-103.045754
-10710.937500,-105.542352
-10699.218750,-110.426010
-10687.500000,-112.319935
-10675.781250,-108.584954
-10664.062500,-118.927437
-10652.343750,-109.590387
-10640.625000,-113.204921
-10628.906250,-115.626003
-10617.187500,-112.565300
-10605.468750,-112.360333
-10593.750000,-118.123564
-10582.031250,-113.136383
-10570.312500,-105.421934
-10558.593750,-103.502224
-10546.875000,-104.054781
-10535.156250,-106.581168
-10523.437500,-106.523648
-10511.718750,-109.640899
-10500.000000,-111.591504
-10488.281250,-114.483296
-10476.562500,-105.894386
-10464.843750,-107.862896
-10453.125000,-112.412864
-10441.406250,-111.961093
-10429.687500,-110.584446
-10417.968750,-107.396280
-10406.250000,-114.946095
-10394.531250,-108.442234
-10382.812500,-123.740143
-10371.093750,-111.613800
-10359.375000,-115.241241
-10347.656250,-115.712242
-10335.937500,-124.765173
-10324.218750,-105.564549
-10312.500000,-102.072754
-10300.781250,-105.514111
-10289.062500,-109.724502
-10277.343750,-116.708517
-10265.625000,-114.784769
-10253.906250,-110.990520
-10242.187500,-111.044627
-10230.468750,-115.417507
-10218.750000,-111.734132
-10207.031250,-103.280015
-10195.312500,-102.541377
-10183.593750,-113.263097
-10171.875000,-107.585912
-10160.156250,-110.561923
-10148.437500,-119.560423
-10136.718750,-110.454796
-10125.000000,-105.889588
-10113.281250,-108.375461
-10101.562500,-109.768126
-10089.843750,-106.098309
-10078.125000,-106.105993
-10066.406250,-107.491979
-10054.687500,-109.027211
-10042.968750,-110.608089
-10031.250000,-128.965109
-10019.531250,-112.817108
-10007.812500,-111.799047
-9996.093750,-119.420369
-9984.375000,-114.168704
-9972.656250,-108.098230
-9960.937500,-109.541542
-9949.218750,-113.691411
-9937.500000,-121.338491
-9925.781250,-118.544582
-9914.062500,-116.291310
-9902.343750,-121.154734
-9890.625000,-113.218874
-9878.906250,-113.296268
-9867.187500,-118.297021
-9855.468750,-115.750678
-9843.750000,-114.570353
-9832.031250,-126.923901
-9820.312500,-124.746586
-9808.593750,-118.257060
-9796.875000,-127.552578
-9785.156250,-123.624351
-9773.437500,-127.122749
-9761.718750,-122.955724
-9750.000000,-121.320114
-9738.281250,-119.204852
-9726.562500,-127.415908
-9714.843750,-131.271071
-9703.125000,-125.943106
-9691.406250,-127.504614
-9679.687500,-128.520663
-9667.968750,-124.718800
-9656.250000,-126.423568
-9644.531250,-131.086311
-9632.812500,-135.089534
-9621.093750,-160.402429
-9609.375000,-150.482952
-9597.656250,-154.034965
-9585.937500,-148.720664
-9574.218750,-138.449536
-9562.500000,-144.826422
-9550.781250,-131.207061
-9539.062500,-127.367932
-9527.343750,-124.289452
-9515.625000,-120.887858
-9503.906250,-121.425861
-9492.187500,-122.423553
-9480.468750,-119.144486
-9468.750000,-121.169005
-9457.031250,-117.712018
-9445.312500,-115.182012
-9433.593750,-120.371486
-9421.875000,-117.613700
-9410.156250,-113.740719
-9398.437500,-116.070433
-9386.718750,-112.869366
-9375.000000,-116.157738
-9363.281250,-118.915041
-9351.562500,-123.238763
-9339.843750,-120.540242
-9328.125000,-107.776079
-9316.406250,-106.441906
-9304.687500,-117.478713
-9292.968750,-113.825858
-9281.250000,-109.457140
-9269.531250,-119.241407
-9257.812500,-114.972585
-9246.093750,-122.096406
-9234.375000,-117.672190
-9222.656250,-113.520892
-9210.937500,-107.294246
-9199.218750,-114.049301
-9187.500000,-104.776885
-9175.781250,-104.439570
-9164.062500,-105.552832
-9152.343750,-112.655710
-9140.625000,-109.639970
-9128.906250,-110.290183
-9117.187500,-107.884462
-9105.468750,-103.394856
-9093.750000,-111.215725
-9082.031250,-117.127593
-9070.312500,-105.306636
-9058.593750,-100.320340
-9046.875000,-101.663630
-9035.156250,-102.274321
-9023.437500,-107.671297
-9011.718750,-114.140708
-9000.000000,-111.587227
-8988.281250,-110.756145
-8976.562500,-103.081829
-8964.843750,-100.021222
-8953.125000,-102.810878
-8941.406250,-99.428608
-8929.687500,-96.121612
-8917.968750,-117.195744
-8906.250000,-95.861974
-8894.531250,-96.728429
-8882.812500,-101.166096
-8871.093750,-97.007163
-8859.375000,-99.537911
-8847.656250,-111.560475
-8835.937500,-101.638894
-8824.218750,-98.960411
-8812.500000,-91.577057
-8800.781250,-95.978387
-8789.062500,-103.355428
-8777.343750,-95.255880
-8765.625000,-96.353774
-8753.906250,-87.854568
-8742.187500,-86.974174
-8730.468750,-86.805943
-8718.750000,-84.041070
-8707.031250,-84.315771
-8695.312500,-90.895731
-8683.593750,-88.676641
-8671.875000,-89.239312
-8660.156250,-103.276773
-8648.437500,-88.965026
-8636.718750,-88.837831
-8625.000000,-102.247616
-8613.281250,-91.128925
-8601.562500,-84.403223
-8589.843750,-82.701084
-8578.125000,-88.781505
-8566.406250,-88.318262
-8554.687500,-86.846663
-8542.968750,-86.224441
-8531.250000,-83.973883
-8519.531250,-87.089491
-8507.812500,-85.987111
-8496.093750,-82.762292
-8484.375000,-83.923675
-8472.656250,-87.575318
-8460.937500,-91.878846
-8449.218750,-89.650379
-8437.500000,-80.286942
-8425.781250,-80.974212
-8414.062500,-87.646796
-8402.343750,-85.963218
-8390.625000,-97.632634
-8378.906250,-88.000762
-8367.187500,-90.083494
-8355.468750,-99.920892
-8343.750000,-83.908395
-8332.031250,-86.292818
-8320.312500,-80.193015
-8308.593750,-81.755255
-8296.875000,-91.916123
-8285.156250,-90.677830
-8273.437500,-83.167101
-8261.718750,-83.605308
-8250.000000,-84.969335
-8238.281250,-84.405821
-8226.562500,-86.669703
-8214.843750,-91.844878
-8203.125000,-93.278689
-8191.406250,-91.618194
-8179.687500,-89.690716
-8167.968750,-81.939366
-8156.250000,-118.911308
-8144.531250,-83.246750
-8132.812500,-89.351715
-8121.093750,-84.339944
-8109.375000,-91.886849
-8097.656250,-79.454931
-8085.937500,-79.430579
-8074.218750,-83.360690
-8062.500000,-82.724190
-8050.781250,-75.567931
-8039.062500,-79.196963
-8027.343750,-89.537588
-8015.625000,-80.685166
-8003.906250,-97.139310
-7992.187500,-81.701309
-7980.468750,-81.508728
-7968.750000,-86.822052
-7957.031250,-89.633178
-7945.312500,-81.082441
-7933.593750,-73.316126
-7921.875000,-71.920675
-7910.156250,-78.586395
-7898.437500,-89.284012
-7886.718750,-77.476256
-7875.000000,-80.004002
-7863.281250,-83.441647
-7851.562500,-82.631443
-7839.843750,-77.472842
-7828.125000,-74.211021
-7816.406250,-69.804700
-7804.687500,-68.119273
-7792.968750,-71.035751
-7781.250000,-75.513277
-7769.531250,-70.477509
-7757.812500,-87.332070
-7746.093750,-78.313376
-7734.375000,-77.049457
-7722.656250,-85.272994
-7710.937500,-69.885339
-7699.218750,-68.522290
-7687.500000,-68.077939
-7675.781250,-72.519625
-7664.062500,-74.024404
-7652.343750,-72.881528
-7640.625000,-72.071686
-7628.906250,-71.569472
-7617.187500,-78.763903
-7605.468750,-72.162822
-7593.750000,-81.609835
-7582.031250,-67.679576
-7570.312500,-73.499604
-7558.593750,-70.953326
-7546.875000,-72.721826
-7535.156250,-76.865233
-7523.437500,-71.323112
-7511.718750,-65.695949
-7500.000000,-64.786287
-7488.281250,-84.667226
-7476.562500,-61.831725
-7464.843750,-59.844011
-7453.125000,-62.179002
-7441.406250,-64.330057
-7429.687500,-58.749012
-7417.968750,-64.050514
-7406.250000,-60.390637
-7394.531250,-64.757841
-7382.812500,-67.505197
-7371.093750,-68.138610
-7359.375000,-70.157116
-7347.656250,-69.572182
-7335.937500,-66.123840
-7324.218750,-75.979643
-7312.500000,-63.708359
-7300.781250,-67.058265
-7289.062500,-59.992850
-7277.343750,-54.344031
-7265.625000,-55.661119
-7253.906250,-51.640193
-7242.187500,-55.099095
-7230.468750,-51.989817
-7218.750000,-48.762069
-7207.031250,-52.143621
-7195.312500,-58.079043
-7183.593750,-55.264214
-7171.875000,-59.359115
-7160.156250,-66.571245
-7148.437500,-56.866212
-7136.718750,-56.332937
-7125.000000,-64.075921
-7113.281250,-57.314636
-7101.562500,-54.166770
-7089.843750,-52.608387
-7078.125000,-54.145430
-7066.406250,-67.405854
-7054.687500,-58.370636
-7042.968750,-55.857971
-7031.250000,-55.301375
-7019.531250,-58.052226
-7007.812500,-51.029938
-6996.093750,-48.801734
-6984.375000,-53.961125
-6972.656250,-57.225007
-6960.937500,-56.172365
-6949.218750,-64.805857
-6937.500000,-55.432165
-6925.781250,-53.328425
-6914.062500,-62.550640
-6902.343750,-68.021885
-6890.625000,-62.299410
-6878.906250,-60.220556
-6867.187500,-65.007113
-6855.468750,-67.773494
-6843.750000,-57.421786
-6832.031250,-58.640727
-6820.312500,-52.968115
-6808.593750,-58.597715
-6796.875000,-63.169721
-6785.156250,-58.402706
-6773.437500,-58.050727
-6761.718750,-65.036894
-6750.000000,-62.764957
-6738.281250,-60.258904
-6726.562500,-53.353316
-6714.843750,-51.511534
-6703.125000,-54.611173
-6691.406250,-58.287917
-6679.687500,-55.496163
-6667.968750,-61.310884
-6656.250000,-59.023670
-6644.531250,-61.115478
-6632.812500,-66.967454
-6621.093750,-59.613900
-6609.375000,-57.055924
-6597.656250,-59.708530
-6585.937500,-62.308635
-6574.218750,-66.164138
-6562.500000,-61.048411
-6550.781250,-56.047930
-6539.062500,-64.414065
-6527.343750,-63.376665
-6515.625000,-62.199108
-6503.906250,-60.089109
-6492.187500,-60.185937
-6480.468750,-60.201474
-6468.750000,-58.723543
-6457.031250,-60.128647
-6445.312500,-60.892452
-6433.593750,-55.723551
-6421.875000,-51.366999
-6410.156250,-55.056143
-6398.437500,-56.406144
-6386.718750,-55.395560
-6375.000000,-56.830540
-6363.281250,-61.988520
-6351.562500,-58.456194
-6339.843750,-64.387617
-6328.125000,-56.809243
-6316.406250,-54.072642
-6304.687500,-58.311698
-6292.968750,-59.534050
-6281.250000,-59.294573
-6269.531250,-60.797665
-6257.812500,-65.314859
-6246.093750,-61.768322
-6234.375000,-62.988020
-6222.656250,-56.747797
-6210.937500,-59.341141
-6199.218750,-59.604625
-6187.500000,-61.581151
-6175.781250,-54.430260
-6164.062500,-54.480118
-6152.343750,-55.844349
-6140.625000,-48.197573
-6128.906250,-49.909301
-6117.187500,-55.049692
-6105.468750,-52.711912
-6093.750000,-56.078589
-6082.031250,-53.246031
-6070.312500,-50.395619
-6058.593750,-56.795687
-6046.875000,-52.771356
-6035.156250,-51.376895
-6023.437500,-55.636823
-6011.718750,-51.010336
-6000.000000,-47.206447
-5988.281250,-51.988991
-5976.562500,-59.758649
-5964.843750,-63.298967
-5953.125000,-61.181344
-5941.406250,-60.711888
-5929.687500,-63.192576
-5917.968750,-55.216397
-5906.250000,-58.441776
-5894.531250,-52.535014
-5882.812500,-51.220343
-5871.093750,-53.704635
-5859.375000,-53.268067
-5847.656250,-54.261977
-5835.937500,-56.352334
-5824.218750,-57.736424
-5812.500000,-53.515515
-5800.781250,-53.058633
-5789.062500,-51.334362
-5777.343750,-47.610748
-5765.625000,-48.173267
-5753.906250,-57.471897
-5742.187500,-62.361586
-5730.468750,-56.715635
-5718.750000,-64.204438
-5707.031250,-51.679521
-5695.312500,-50.455419
-5683.593750,-52.511199
-5671.875000,-54.003417
-5660.156250,-56.819214
-5648.437500,-54.598941
-5636.718750,-54.126117
-5625.000000,-60.454143
-5613.281250,-51.074506
-5601.562500,-49.996606
-5589.843750,-65.827988
-5578.125000,-58.059010
-5566.406250,-56.169648
-5554.687500,-55.786153
-5542.968750,-55.246608
-5531.250000,-65.307053
-5519.531250,-82.188303
-5507.812500,-61.649570
-5496.093750,-50.308967
-5484.375000,-52.914207
-5472.656250,-61.026027
-5460.937500,-57.018416
-5449.218750,-57.025723
-5437.500000,-76.639323
-5425.781250,-76.915921
-5414.062500,-65.969708
-5402.343750,-55.838892
-5390.625000,-54.930825
-5378.906250,-52.679910
-5367.187500,-54.398989
-5355.468750,-54.163823
-5343.750000,-51.743050
-5332.031250,-59.431710
-5320.312500,-53.916844
-5308.593750,-51.268342
-5296.875000,-57.415084
-5285.156250,-64.535843
-5273.437500,-51.866052
-5261.718750,-53.656572
-5250.000000,-62.336234
-5238.281250,-53.903648
-5226.562500,-60.662923
-5214.843750,-61.607772
-5203.125000,-59.057516
-5191.406250,-53.915139
-5179.687500,-50.881938
-5167.968750,-50.384476
-5156.250000,-54.434334
-5144.531250,-59.320386
-5132.812500,-53.967312
-5121.093750,-56.344342
-5109.375000,-56.516664
-5097.656250,-54.186035
-5085.937500,-57.147965
-5074.218750,-54.677916
-5062.500000,-52.874162
-5050.781250,-55.137798
-5039.062500,-56.420477
-5027.343750,-53.965997
-5015.625000,-49.849159
-5003.906250,-48.736815
-4992.187500,-49.922267
-4980.468750,-72.949261
-4968.750000,-55.321084
-4957.031250,-58.685301
-4945.312500,-58.070238
-4933.593750,-52.167986
-4921.875000,-60.244451
-4910.156250,-59.784366
-4898.437500,-62.394204
-4886.718750,-55.389807
-4875.000000,-51.797743
-4863.281250,-60.208969
-4851.562500,-56.238411
-4839.843750,-61.114387
-4828.125000,-61.662308
-4816.406250,-61.451689
-4804.687500,-56.399616
-4792.968750,-51.856905
-4781.250000,-56.719902
-4769.531250,-62.970468
-4757.812500,-60.658304
-4746.093750,-58.155479
-4734.375000,-55.145889
-4722.656250,-56.206607
-4710.937500,-53.232965
-4699.218750,-64.293576
-4687.500000,-56.724554
-4675.781250,-58.778475
-4664.062500,-54.441938
-4652.343750,-64.829003
-4640.625000,-54.277142
-4628.906250,-55.916496
-4617.187500,-57.456239
-4605.468750,-61.275681
-4593.750000,-61.807516
-4582.031250,-55.013060
-4570.312500,-55.733314
-4558.593750,-60.555258
-4546.875000,-66.654711
-4535.156250,-63.188962
-4523.437500,-59.946548
-4511.718750,-61.564568
-4500.000000,-54.204561
-4488.281250,-56.191104
-4476.562500,-56.604029
-4464.843750,-55.512200
-4453.125000,-61.045776
-4441.406250,-55.325310
-4429.687500,-58.736225
-4417.968750,-57.773171
-4406.250000,-54.532037
-4394.531250,-53.396921
-4382.812500,-55.852682
-4371.093750,-66.840706
-4359.375000,-59.597466
-4347.656250,-64.188462
-4335.937500,-62.295068
-4324.218750,-64.172520
-4312.500000,-71.170257
-4300.781250,-60.574909
-4289.062500,-56.017989
-4277.343750,-56.155743
-4265.625000,-74.790740
-4253.906250,-56.263020
-4242.187500,-61.376571
-4230.468750,-63.981703
-4218.750000,-62.418507
-4207.031250,-70.691502
-4195.312500,-60.663885
-4183.593750,-52.084002
-4171.875000,-50.144179
-4160.156250,-57.122029
-4148.437500,-51.666114
-4136.718750,-53.264158
-4125.000000,-70.178946
-4113.281250,-64.443533
-4101.562500,-71.691941
-4089.843750,-80.612211
-4078.125000,-61.205180
-4066.406250,-56.277268
-4054.687500,-66.615272
-4042.968750,-60.633118
-4031.250000,-58.360378
-4019.531250,-65.127265
-4007.812500,-52.901502
-3996.093750,-52.292854
-3984.375000,-68.449757
-3972.656250,-60.857628
-3960.937500,-60.112847
-3949.218750,-73.390295
-3937.500000,-57.107812
-3925.781250,-54.282697
-3914.062500,-59.471866
-3902.343750,-73.134247
-3890.625000,-57.342211
-3878.906250,-60.531768
-3867.187500,-67.673547
-3855.468750,-59.898445
-3843.750000,-66.967079
-3832.031250,-67.035976
-3820.312500,-71.618527
-3808.593750,-75.618754
-3796.875000,-61.692196
-3785.156250,-54.466930
-3773.437500,-53.783736
-3761.718750,-59.195090
-3750.000000,-60.086907
-3738.281250,-56.575660
-3726.562500,-65.388531
-3714.843750,-58.841786
-3703.125000,-58.690167
-3691.406250,-62.996797
-3679.687500,-67.541987
-3667.968750,-62.249930
-3656.250000,-59.419988
-3644.531250,-59.520092
-3632.812500,-62.465001
-3621.093750,-73.136424
-3609.375000,-66.089477
-3597.656250,-72.111202
-3585.937500,-63.006008
-3574.218750,-63.511694
-3562.500000,-58.464573
-3550.781250,-59.529858
-3539.062500,-70.415914
-3527.343750,-70.020927
-3515.625000,-65.396269
-3503.906250,-69.820310
-3492.187500,-62.496165
-3480.468750,-71.194029
-3468.750000,-74.943833
-3457.031250,-61.751602
-3445.312500,-61.523492
-3433.593750,-65.408596
-3421.875000,-73.964823
-3410.156250,-74.609692
-3398.437500,-65.528836
-3386.718750,-63.105416
-3375.000000,-61.967633
-3363.281250,-63.703802
-3351.562500,-66.481940
-3339.843750,-84.967913
-3328.125000,-69.479852
-3316.406250,-65.696691
-3304.687500,-66.642400
-3292.968750,-75.395248
-3281.250000,-63.168006
-3269.531250,-60.751285
-3257.812500,-62.077393
-3246.093750,-66.239217
-3234.375000,-67.459693
-3222.656250,-67.797321
-3210.937500,-62.842489
-3199.218750,-64.263923
-3187.500000,-62.778734
-3175.781250,-58.977231
-3164.062500,-58.867869
-3152.343750,-62.862160
-3140.625000,-75.370288
-3128.906250,-65.563293
-3117.187500,-62.266048
-3105.468750,-62.340398
-3093.750000,-69.295329
-3082.031250,-67.674792
-3070.312500,-60.692762
-3058.593750,-58.984101
-3046.875000,-60.886628
-3035.156250,-60.985983
-3023.437500,-58.384257
-3011.718750,-59.074087
-3000.000000,-58.147662
-2988.281250,-58.659713
-2976.562500,-73.706908
-2964.843750,-65.479124
-2953.125000,-62.490737
-2941.406250,-62.220060
-2929.687500,-64.080264
-2917.968750,-67.476879
-2906.250000,-65.598479
-2894.531250,-67.355624
-2882.812500,-60.950370
-2871.093750,-63.307876
-2859.375000,-74.788809
-2847.656250,-79.535200
-2835.937500,-71.025863
-2824.218750,-72.619062
-2812.500000,-67.347985
-2800.781250,-63.667595
-2789.062500,-62.667330
-2777.343750,-65.099096
-2765.625000,-67.235808
-2753.906250,-67.386837
-2742.187500,-61.994893
-2730.468750,-62.528138
-2718.750000,-67.326881
-2707.031250,-63.238629
-2695.312500,-67.929578
-2683.593750,-67.477266
-2671.875000,-69.569253
-2660.156250,-61.385402
-2648.437500,-69.740941
-2636.718750,-61.200118
-2625.000000,-61.105321
-2613.281250,-62.342262
-2601.562500,-64.864642
-2589.843750,-66.774813
-2578.125000,-69.096300
-2566.406250,-67.482185
-2554.687500,-70.986197
-2542.968750,-65.775391
-2531.250000,-66.133688
-2519.531250,-61.830276
-2507.812500,-64.896201
-2496.093750,-69.903437
-2484.375000,-73.576615
-2472.656250,-62.140266
-2460.937500,-64.071609
-2449.218750,-84.848129
-2437.500000,-68.640440
-2425.781250,-62.797226
-2414.062500,-61.414356
-2402.343750,-62.994561
-2390.625000,-65.883951
-2378.906250,-85.810588
-2367.187500,-69.538671
-2355.468750,-74.335173
-2343.750000,-71.683303
-2332.031250,-71.867669
-2320.312500,-70.512325
-2308.593750,-63.699157
-2296.875000,-62.760080
-2285.156250,-71.440289
-2273.437500,-69.900336
-2261.718750,-71.858325
-2250.000000,-65.923606
-2238.281250,-93.157197
-2226.562500,-65.902545
-2214.843750,-67.525143
-2203.125000,-68.776408
-2191.406250,-65.235940
-2179.687500,-59.920521
-2167.968750,-61.863523
-2156.250000,-71.488818
-2144.531250,-68.581547
-2132.812500,-75.838788
-2121.093750,-66.006636
-2109.375000,-66.495698
-2097.656250,-65.879201
-2085.937500,-67.651543
-2074.218750,-67.845331
-2062.500000,-66.404558
-2050.781250,-71.603506
-2039.062500,-63.976221
-2027.343750,-67.766869
-2015.625000,-77.857054
-2003.906250,-66.901830
-1992.187500,-70.668316
-1980.468750,-71.836053
-1968.750000,-73.416666
-1957.031250,-71.376400
-1945.312500,-65.102250
-1933.593750,-61.893904
-1921.875000,-62.743895
-1910.156250,-67.127908
-1898.437500,-63.973067
-1886.718750,-68.253329
-1875.000000,-83.564133
-1863.281250,-76.057917
-1851.562500,-71.701139
-1839.843750,-73.928094
-1828.125000,-84.195454
-1816.406250,-72.822690
-1804.687500,-84.118347
-1792.968750,-67.558811
-1781.250000,-62.007385
-1769.531250,-62.740803
-1757.812500,-67.610600
-1746.093750,-73.229775
-1734.375000,-75.032894
-1722.656250,-68.410963
-1710.937500,-66.711875
-1699.218750,-73.006039
-1687.500000,-81.850497
-1675.781250,-72.601001
-1664.062500,-65.659059
-1652.343750,-67.039998
-1640.625000,-78.429489
-1628.906250,-70.275828
-1617.187500,-69.937641
-1605.468750,-74.816295
-1593.750000,-78.864710
-1582.031250,-72.797387
-1570.312500,-68.196077
-1558.593750,-67.420702
-1546.875000,-76.281304
-1535.156250,-79.122963
-1523.437500,-71.893897
-1511.718750,-75.092750
-1500.000000,-73.161987
-1488.281250,-82.227070
-1476.562500,-67.158945
-1464.843750,-63.879598
-1453.125000,-66.443441
-1441.406250,-69.813748
-1429.687500,-70.414007
-1417.968750,-69.215514
-1406.250000,-72.772245
-1394.531250,-71.602320
-1382.812500,-72.706421
-1371.093750,-68.752336
-1359.375000,-85.082750
-1347.656250,-82.603555
-1335.937500,-80.611672
-1324.218750,-77.233682
-1312.500000,-68.376445
-1300.781250,-70.755852
-1289.062500,-75.422067
-1277.343750,-67.906957
-1265.625000,-68.179750
-1253.906250,-64.880818
-1242.187500,-67.858679
-1230.468750,-69.911691
-1218.750000,-73.560069
-1207.031250,-70.817135
-1195.312500,-71.791387
-1183.593750,-70.823078
-1171.875000,-65.270848
-1160.156250,-64.398937
-1148.437500,-68.751192
-1136.718750,-71.485507
-1125.000000,-69.910113
-1113.281250,-71.636254
-1101.562500,-75.966344
-1089.843750,-81.094508
-1078.125000,-79.503844
-1066.406250,-72.316377
-1054.687500,-70.618687
-1042.968750,-66.613605
-1031.250000,-69.743768
-1019.531250,-69.040010
-1007.812500,-61.514490
-996.093750,-59.971701
-984.375000,-68.150617
-972.656250,-69.959699
-960.937500,-77.766001
-949.218750,-77.214294
-937.500000,-78.944291
-925.781250,-74.074070
-914.062500,-75.616503
-902.343750,-85.408619
-890.625000,-75.037761
-878.906250,-68.363982
-867.187500,-74.605113
-855.468750,-74.565818
-843.750000,-71.684211
-832.031250,-67.148454
-820.312500,-73.599034
-808.593750,-67.980654
-796.875000,-64.982780
-785.156250,-63.907005
-773.437500,-62.792119
-761.718750,-63.864582
-750.000000,-70.541365
-738.281250,-76.984440
-726.562500,-74.426532
-714.843750,-76.043376
-703.125000,-83.477959
-691.406250,-85.893827
-679.687500,-77.227191
-667.968750,-66.801430
-656.250000,-66.514917
-644.531250,-65.434742
-632.812500,-74.426486
-621.093750,-72.816599
-609.375000,-67.382094
-597.656250,-69.783273
-585.937500,-72.253593
-574.218750,-74.754595
-562.500000,-70.974226
-550.781250,-76.485429
-539.062500,-64.236693
-527.343750,-65.417000
-515.625000,-69.517293
-503.906250,-83.112894
-492.187500,-73.213016
-480.468750,-76.122274
-468.750000,-71.043134
-457.031250,-77.256761
-445.312500,-76.203703
-433.593750,-70.266889
-421.875000,-73.716061
-410.156250,-80.915736
-398.437500,-70.946833
-386.718750,-70.456302
-375.000000,-74.758257
-363.281250,-71.048333
-351.562500,-76.185093
-339.843750,-75.097944
-328.125000,-71.907767
-316.406250,-73.160064
-304.687500,-77.651416
-292.968750,-81.978301
-281.250000,-71.736684
-269.531250,-66.858667
-257.812500,-72.807580
-246.093750,-98.515714
-234.375000,-75.743017
-222.656250,-71.938343
-210.937500,-71.074255
-199.218750,-75.090993
-187.500000,-72.281226
-175.781250,-69.389176
-164.062500,-78.116827
-152.343750,-79.736515
-140.625000,-74.160534
-128.906250,-72.177576
-117.187500,-72.426877
-105.468750,-66.797112
-93.750000,-71.980389
-82.031250,-78.736304
-70.312500,-87.302254
-58.593750,-76.910982
-46.875000,-70.885231
-35.156250,-71.518060
-23.437500,-72.683591
-11.718750,-68.355522
0.000000,-62.194611
11.718750,-63.424559
23.437500,-71.231922
35.156250,-74.740953
46.875000,-71.653806
58.593750,-65.685962
70.312500,-63.454865
82.031250,-67.979006
93.750000,-66.007344
105.468750,-69.903182
117.187500,-71.080197
128.906250,-69.800596
140.625000,-68.563596
152.343750,-68.333105
164.062500,-73.251554
175.781250,-73.578581
187.500000,-68.596218
199.218750,-76.900403
210.937500,-70.190902
222.656250,-67.212237
234.375000,-71.951196
246.093750,-86.201892
257.812500,-72.562597
269.531250,-71.333253
281.250000,-68.287348
292.968750,-72.465250
304.687500,-83.932448
316.406250,-74.331898
328.125000,-97.148083
339.843750,-71.000674
351.562500,-75.385056
363.281250,-80.329933
375.000000,-85.565154
386.718750,-79.603000
398.437500,-78.196470
410.156250,-75.994989
421.875000,-74.341803
433.593750,-79.883419
445.312500,-72.222041
457.031250,-72.817230
468.750000,-74.698413
480.468750,-73.929670
492.187500,-72.201466
503.906250,-77.113950
515.625000,-88.859306
527.343750,-78.000152
539.062500,-73.515611
550.781250,-72.271409
562.500000,-69.016580
574.218750,-67.589288
585.937500,-68.204327
597.656250,-73.649903
609.375000,-70.837208
621.093750,-74.228176
632.812500,-71.173203
644.531250,-80.321623
656.250000,-76.419303
667.968750,-77.335250
679.687500,-70.495408
691.406250,-69.073262
703.125000,-74.851473
714.843750,-81.714267
726.562500,-72.026829
738.281250,-68.220596
750.000000,-67.744124
761.718750,-71.709722
773.437500,-76.746544
785.156250,-70.265313
796.875000,-72.656920
808.593750,-76.822188
820.312500,-73.831969
832.031250,-80.050020
843.750000,-72.926095
855.468750,-72.075221
867.187500,-74.151127
878.906250,-69.758579
890.625000,-67.377142
902.343750,-71.320161
914.062500,-75.443705
925.781250,-69.806824
937.500000,-76.273549
949.218750,-75.666178
960.937500,-73.537193
972.656250,-82.674696
984.375000,-73.993184
996.093750,-70.277524
1007.812500,-74.275301
1019.531250,-74.611872
1031.250000,-79.109849
1042.968750,-71.098389
1054.687500,-80.442466
1066.406250,-77.169362
1078.125000,-77.584928
1089.843750,-71.736947
1101.562500,-74.872595
1113.281250,-71.462168
1125.000000,-72.846841
1136.718750,-82.243606
1148.437500,-75.978766
1160.156250,-70.108679
1171.875000,-75.930455
1183.593750,-74.871035
1195.312500,-73.337816
1207.031250,-71.081442
1218.750000,-68.914216
1230.468750,-68.453182
1242.187500,-69.648078
1253.906250,-76.884151
1265.625000,-78.372906
1277.343750,-82.681391
1289.062500,-76.507118
1300.781250,-72.270398
1312.500000,-73.913766
1324.218750,-74.947382
1335.937500,-85.222695
1347.656250,-73.359286
1359.375000,-72.510616
1371.093750,-79.761902
1382.812500,-71.263186
1394.531250,-66.541553
1406.250000,-73.818110
1417.968750,-79.646409
1429.687500,-70.837053
1441.406250,-70.838329
1453.125000,-74.437019
1464.843750,-69.681214
1476.562500,-67.346692
1488.281250,-69.277378
1500.000000,-66.960172
1511.718750,-70.219429
1523.437500,-68.805950
1535.156250,-77.852918
1546.875000,-72.029658
1558.593750,-73.771273
1570.312500,-77.981012
1582.031250,-69.237836
1593.750000,-66.356262
1605.468750,-71.893601
1617.187500,-86.802872
1628.906250,-74.108168
1640.625000,-66.201268
1652.343750,-69.133449
1664.062500,-80.881275
1675.781250,-68.999259
1687.500000,-67.637245
1699.218750,-70.207944
1710.937500,-74.927956
1722.656250,-84.478686
1734.375000,-75.998607
1746.093750,-81.764322
1757.812500,-73.168657
1769.531250,-67.482662
1781.250000,-68.656367
1792.968750,-67.814365
1804.687500,-68.746540
1816.406250,-69.980464
1828.125000,-82.057024
1839.843750,-74.425751
1851.562500,-75.720625
1863.281250,-76.824333
1875.000000,-72.777732
1886.718750,-70.777254
1898.437500,-67.317884
1910.156250,-69.642812
1921.875000,-75.927664
1933.593750,-71.134372
1945.312500,-77.942983
1957.031250,-63.783163
1968.750000,-65.003412
1980.468750,-76.796035
1992.187500,-72.577687
2003.906250,-64.373303
2015.625000,-68.007164
2027.343750,-80.947197
2039.062500,-71.286207
2050.781250,-74.017590
2062.500000,-69.524661
2074.218750,-72.853586
2085.937500,-78.582493
2097.656250,-75.130232
2109.375000,-70.595413
2121.093750,-71.333938
2132.812500,-87.314453
2144.531250,-84.656983
2156.250000,-83.702880
2167.968750,-77.233731
2179.687500,-69.486745
2191.406250,-73.016123
2203.125000,-77.374086
2214.843750,-67.745975
2226.562500,-70.044959
2238.281250,-76.661028
2250.000000,-83.309937
2261.718750,-74.448551
2273.437500,-88.297233
2285.156250,-72.550094
2296.875000,-74.586789
2308.593750,-87.025297
2320.312500,-73.243292
2332.031250,-70.887529
2343.750000,-74.970951
2355.468750,-76.532437
2367.187500,-69.822064
2378.906250,-71.656801
2390.625000,-73.985961
2402.343750,-73.517576
2414.062500,-72.127376
2425.781250,-82.088902
2437.500000,-80.388628
2449.218750,-78.588718
2460.937500,-68.251287
2472.656250,-67.004144
2484.375000,-71.855660
2496.093750,-77.840590
2507.812500,-69.706506
2519.531250,-72.028015
2531.250000,-76.549868
2542.968750,-75.246398
2554.687500,-75.139851
2566.406250,-84.163400
2578.125000,-74.941913
2589.843750,-82.178617
2601.562500,-74.088614
2613.281250,-68.790602
2625.000000,-66.570424
2636.718750,-71.912002
2648.437500,-82.309424
2660.156250,-87.683444
2671.875000,-72.593540
2683.593750,-72.566369
2695.312500,-75.374867
2707.031250,-65.918424
2718.750000,-65.432829
2730.468750,-64.455098
2742.187500,-65.245103
2753.906250,-73.611361
2765.625000,-75.552125
2777.343750,-70.669432
2789.062500,-71.245740
2800.781250,-74.181118
2812.500000,-77.607934
2824.218750,-86.960378
2835.937500,-76.645583
2847.656250,-70.513456
2859.375000,-78.229785
2871.093750,-99.586972
2882.812500,-82.394608
2894.531250,-75.797967
2906.250000,-71.949012
2917.968750,-76.353920
2929.687500,-74.294488
2941.406250,-73.102390
2953.125000,-77.443866
2964.843750,-76.265687
2976.562500,-90.133869
2988.281250,-71.635502
3000.000000,-68.105608
3011.718750,-72.735927
3023.437500,-88.794512
3035.156250,-77.556186
3046.875000,-74.664669
3058.593750,-73.213744
3070.312500,-77.240282
3082.031250,-84.652143
3093.750000,-80.859343
3105.468750,-82.474552
3117.187500,-79.833085
3128.906250,-77.996736
3140.625000,-78.174192
3152.343750,-83.789483
3164.062500,-93.113547
3175.781250,-76.749228
3187.500000,-73.993464
3199.218750,-71.319317
3210.937500,-76.114443
3222.656250,-75.626623
3234.375000,-82.768005
3246.093750,-91.082390
3257.812500,-79.064324
3269.531250,-77.314877
3281.250000,-82.738602
3292.968750,-82.735315
3304.687500,-74.920252
3316.406250,-75.911517
3328.125000,-77.238481
3339.843750,-82.933071
3351.562500,-93.945327
3363.281250,-100.052133
3375.000000,-88.632271
3386.718750,-76.189054
3398.437500,-72.195139
3410.156250,-75.090639
3421.875000,-76.040328
3433.593750,-78.595653
3445.312500,-78.221302
3457.031250,-72.083423
3468.750000,-76.367053
3480.468750,-77.249095
3492.187500,-75.919499
3503.906250,-82.042469
3515.625000,-85.815645
3527.343750,-78.436613
3539.062500,-76.066730
3550.781250,-77.158526
3562.500000,-77.718214
3574.218750,-87.952376
3585.937500,-83.515780
3597.656250,-77.379009
3609.375000,-81.167131
3621.093750,-78.204338
3632.812500,-81.558631
3644.531250,-81.623172
3656.250000,-88.212390
3667.968750,-80.088098
3679.687500,-87.106114
3691.406250,-77.206244
3703.125000,-73.068695
3714.843750,-77.389579
3726.562500,-83.368582
3738.281250,-78.601298
3750.000000,-77.915861
3761.718750,-77.144711
3773.437500,-81.295042
3785.156250,-82.703749
3796.875000,-84.927045
3808.593750,-76.364335
3820.312500,-77.184312
3832.031250,-73.770835
3843.750000,-78.482735
3855.468750,-86.173870
3867.187500,-79.880085
3878.906250,-72.715649
3890.625000,-74.229176
3902.343750,-84.821549
3914.062500,-81.188661
3925.781250,-78.927958
3937.500000,-80.274741
3949.218750,-78.379868
3960.937500,-78.341623
3972.656250,-77.114858
3984.375000,-75.028249
3996.093750,-74.466149
4007.812500,-71.618007
4019.531250,-73.555620
4031.250000,-80.699100
4042.968750,-83.584619
4054.687500,-84.970915
4066.406250,-89.251148
4078.125000,-81.161250
4089.843750,-81.564382
4101.562500,-83.838439
4113.281250,-85.817264
4125.000000,-77.684090
4136.718750,-76.712120
4148.437500,-82.709784
4160.156250,-96.198700
4171.875000,-79.538922
4183.593750,-77.375519
4195.312500,-83.503827
4207.031250,-93.306156
4218.750000,-89.720351
4230.468750,-80.654530
4242.187500,-75.693468
4253.906250,-77.358755
4265.625000,-79.270553
4277.343750,-80.028667
4289.062500,-74.883087
4300.781250,-76.651403
4312.500000,-79.835841
4324.218750,-76.726516
4335.937500,-82.874765
4347.656250,-84.241595
4359.375000,-82.862588
4371.093750,-81.299017
4382.812500,-79.374055
4394.531250,-82.865106
4406.250000,-81.243561
4417.968750,-84.709482
4429.687500,-75.767223
4441.406250,-79.456635
4453.125000,-84.293326
4464.843750,-82.777713
4476.562500,-81.124498
4488.281250,-77.506605
4500.000000,-72.266938
4511.718750,-74.942269
4523.437500,-80.616159
4535.156250,-87.849587
4546.875000,-84.769254
4558.593750,-85.793314
4570.312500,-93.767768
4582.031250,-91.304560
4593.750000,-82.120630
4605.468750,-75.779728
4617.187500,-78.878541
4628.906250,-83.200701
4640.625000,-80.912610
4652.343750,-85.388866
4664.062500,-83.303852
4675.781250,-79.950675
4687.500000,-81.636366
4699.218750,-87.716344
4710.937500,-84.047860
4722.656250,-80.523389
4734.375000,-86.936492
4746.093750,-86.910585
4757.812500,-84.438220
4769.531250,-87.828679
4781.250000,-82.050039
4792.968750,-84.205886
4804.687500,-80.462995
4816.406250,-79.791138
4828.125000,-84.731609
4839.843750,-87.049527
4851.562500,-84.349376
4863.281250,-82.913282
4875.000000,-82.838171
4886.718750,-80.176206
4898.437500,-80.684286
4910.156250,-92.157602
4921.875000,-85.077751
4933.593750,-88.790614
4945.312500,-79.373929
4957.031250,-80.229503
4968.750000,-81.509173
4980.468750,-88.240254
4992.187500,-84.941819
5003.906250,-81.333520
5015.625000,-81.805676
5027.343750,-83.574617
5039.062500,-83.306616
5050.781250,-81.985212
5062.500000,-79.563097
5074.218750,-79.448240
5085.937500,-87.672442
5097.656250,-85.579342
5109.375000,-79.220685
5121.093750,-81.477675
5132.812500,-85.120980
5144.531250,-81.466161
5156.250000,-90.734180
5167.968750,-87.497616
5179.687500,-85.334769
5191.406250,-81.158554
5203.125000,-90.624348
5214.843750,-86.292827
5226.562500,-80.518216
5238.281250,-79.295133
5250.000000,-87.418644
5261.718750,-88.691910
5273.437500,-85.814375
5285.156250,-83.405913
5296.875000,-81.915629
5308.593750,-85.640364
5320.312500,-91.038598
5332.031250,-82.595836
5343.750000,-82.834928
5355.468750,-90.447556
5367.187500,-90.129191
5378.906250,-83.050925
5390.625000,-85.464642
5402.343750,-80.434546
5414.062500,-87.293169
5425.781250,-90.115274
5437.500000,-81.549440
5449.218750,-87.970183
5460.937500,-81.271788
5472.656250,-78.917341
5484.375000,-78.247645
5496.093750,-76.491055
5507.812500,-76.715895
5519.531250,-79.765284
5531.250000,-84.844641
5542.968750,-98.424256
5554.687500,-89.200881
5566.406250,-90.111036
5578.125000,-98.605935
5589.843750,-88.236913
5601.562500,-90.626556
5613.281250,-83.006563
5625.000000,-82.486027
5636.718750,-84.343972
5648.437500,-86.804568
5660.156250,-92.144400
5671.875000,-85.573994
5683.593750,-88.729344
5695.312500,-92.798011
5707.031250,-90.816593
5718.750000,-82.896785
5730.468750,-83.549913
5742.187500,-89.523542
5753.906250,-87.135117
5765.625000,-84.604536
5777.343750,-110.374524
5789.062500,-86.610989
5800.781250,-84.535856
5812.500000,-82.098243
5824.218750,-85.353900
5835.937500,-86.892520
5847.656250,-82.977600
5859.375000,-82.311777
5871.093750,-87.409721
5882.812500,-90.685022
5894.531250,-92.012166
5906.250000,-83.611108
5917.968750,-110.710254
5929.687500,-81.515939
5941.406250,-84.658377
5953.125000,-87.295965
5964.843750,-83.930329
5976.562500,-89.711518
5988.281250,-89.477250
6000.000000,-86.928132
6011.718750,-80.690876
6023.437500,-79.936157
6035.156250,-90.880354
6046.875000,-90.225669
6058.593750,-84.970015
6070.312500,-86.306037
6082.031250,-84.560387
6093.750000,-90.844813
6105.468750,-91.283548
6117.187500,-85.624561
6128.906250,-90.352500
6140.625000,-93.961487
6152.343750,-96.123830
6164.062500,-93.403226
6175.781250,-91.372027
6187.500000,-86.360037
6199.218750,-82.502101
6210.937500,-91.272649
6222.656250,-90.084362
6234.375000,-94.318550
6246.093750,-99.025741
6257.812500,-89.163676
6269.531250,-89.518584
6281.250000,-92.544617
6292.968750,-85.445257
6304.687500,-86.440416
6316.406250,-91.935658
6328.125000,-97.705940
6339.843750,-90.122799
6351.562500,-95.684173
6363.281250,-82.096642
6375.000000,-83.993075
6386.718750,-97.961264
6398.437500,-97.835833
6410.156250,-93.211511
6421.875000,-90.241698
6433.593750,-88.446897
6445.312500,-85.181560
6457.031250,-82.970900
6468.750000,-90.825719
6480.468750,-95.165087
6492.187500,-82.801022
6503.906250,-84.773246
6515.625000,-91.901645
6527.343750,-92.128905
6539.062500,-84.222709
6550.781250,-81.768137
6562.500000,-88.180181
6574.218750,-89.933643
6585.937500,-87.889072
6597.656250,-86.975002
6609.375000,-86.857664
6621.093750,-90.038653
6632.812500,-84.064631
6644.531250,-84.768186
6656.250000,-89.237362
6667.968750,-91.459366
6679.687500,-91.816959
6691.406250,-84.532713
6703.125000,-87.768793
6714.843750,-83.596574
6726.562500,-83.353236
6738.281250,-88.482372
6750.000000,-93.233353
6761.718750,-88.713956
6773.437500,-85.663432
6785.156250,-87.930716
6796.875000,-93.514830
6808.593750,-89.115536
6820.312500,-85.820826
6832.031250,-81.434495
6843.750000,-83.717160
6855.468750,-92.884991
6867.187500,-98.311967
6878.906250,-87.436507
6890.625000,-89.731874
6902.343750,-96.128127
6914.062500,-88.317807
6925.781250,-89.278139
6937.500000,-84.415407
6949.218750,-82.282390
6960.937500,-82.323604
6972.656250,-89.604407
6984.375000,-91.409838
6996.093750,-86.129553
7007.812500,-89.778885
7019.531250,-97.109648
7031.250000,-90.911623
7042.968750,-101.457278
7054.687500,-89.590829
7066.406250,-87.047695
7078.125000,-90.135476
7089.843750,-96.634185
7101.562500,-98.011523
7113.281250,-89.268690
7125.000000,-92.306435
7136.718750,-103.161828
7148.437500,-89.887608
7160.156250,-90.103900
7171.875000,-93.717838
7183.593750,-87.513051
7195.312500,-86.320913
7207.031250,-87.874527
7218.750000,-84.667626
7230.468750,-88.480127
7242.187500,-99.475907
7253.906250,-94.997815
7265.625000,-93.380211
7277.343750,-100.903161
7289.062500,-87.692041
7300.781250,-88.578482
7312.500000,-101.075221
7324.218750,-92.788620
7335.937500,-97.918756
7347.656250,-91.047424
7359.375000,-91.377751
7371.093750,-98.744275
7382.812500,-93.383522
7394.531250,-87.734965
7406.250000,-90.994095
7417.968750,-90.905792
7429.687500,-94.112654
7441.406250,-99.059906
7453.125000,-89.576166
7464.843750,-85.815200
7476.562500,-83.360597
7488.281250,-85.044069
7500.000000,-90.356321
7511.718750,-91.155956
7523.437500,-95.848684
7535.156250,-95.938864
7546.875000,-87.849824
7558.593750,-85.388865
7570.312500,-84.645127
7582.031250,-86.681327
7593.750000,-89.039597
7605.468750,-91.518954
7617.187500,-96.727440
7628.906250,-96.372397
7640.625000,-90.194963
7652.343750,-96.405326
7664.062500,-99.703717
7675.781250,-93.848892
7687.500000,-104.778156
7699.218750,-92.889477
7710.937500,-84.783810
7722.656250,-83.900400
7734.375000,-91.996607
7746.093750,-95.644788
7757.812500,-94.921593
7769.531250,-88.198685
7781.250000,-92.481449
7792.968750,-101.954636
7804.687500,-94.584217
7816.406250,-94.207959
7828.125000,-95.231544
7839.843750,-96.916626
7851.562500,-91.090606
7863.281250,-92.231085
7875.000000,-92.702210
7886.718750,-92.881740
7898.437500,-95.583222
7910.156250,-101.464762
7921.875000,-93.786637
7933.593750,-111.755548
7945.312500,-96.141310
7957.031250,-96.332916
7968.750000,-94.240161
7980.468750,-98.885873
7992.187500,-98.966985
8003.906250,-97.335549
8015.625000,-95.453547
8027.343750,-101.313322
8039.062500,-100.261266
8050.781250,-96.795399
8062.500000,-93.977283
8074.218750,-94.193364
8085.937500,-95.077566
8097.656250,-97.888011
8109.375000,-100.091539
8121.093750,-95.770203
8132.812500,-91.431725
8144.531250,-92.120763
8156.250000,-96.422499
8167.968750,-107.878289
8179.687500,-102.241401
8191.406250,-97.304913
8203.125000,-99.743438
8214.843750,-102.928752
8226.562500,-99.316976
8238.281250,-96.799892
8250.000000,-100.350281
8261.718750,-108.119087
8273.437500,-120.257949
8285.156250,-97.623958
8296.875000,-100.918594
8308.593750,-97.403278
8320.312500,-97.032486
8332.031250,-103.470277
8343.750000,-107.826919
8355.468750,-106.272460
8367.187500,-100.448839
8378.906250,-102.633199
8390.625000,-104.935370
8402.343750,-98.279907
8414.062500,-98.119157
8425.781250,-98.355376
8437.500000,-98.675579
8449.218750,-100.198724
8460.937500,-98.405613
8472.656250,-100.453632
8484.375000,-106.463389
8496.093750,-108.870336
8507.812500,-107.900837
8519.531250,-101.927276
8531.250000,-104.046321
8542.968750,-101.928053
8554.687500,-106.761332
8566.406250,-116.602920
8578.125000,-106.176585
8589.843750,-118.770209
8601.562500,-102.771389
8613.281250,-105.617480
8625.000000,-108.952453
8636.718750,-101.659711
8648.437500,-112.888436
8660.156250,-109.034647
8671.875000,-103.871904
8683.593750,-102.580539
8695.312500,-104.579224
8707.031250,-100.621884
8718.750000,-95.377494
8730.468750,-95.669183
8742.187500,-105.080633
8753.906250,-101.004743
8765.625000,-98.887703
8777.343750,-103.839790
8789.062500,-98.058529
8800.781250,-107.197549
8812.500000,-110.959262
8824.218750,-116.619749
8835.937500,-105.962256
8847.656250,-110.240198
8859.375000,-101.546607
8871.093750,-101.756828
8882.812500,-115.969748
8894.531250,-105.253554
8906.250000,-101.053660
8917.968750,-103.132247
8929.687500,-112.709053
8941.406250,-125.734413
8953.125000,-105.969506
8964.843750,-103.581076
8976.562500,-104.262339
8988.281250,-104.073586
9000.000000,-114.672915
9011.718750,-105.186251
9023.437500,-106.245873
9035.156250,-108.119740
9046.875000,-108.136761
9058.593750,-104.638545
9070.312500,-102.757950
9082.031250,-102.559876
9093.750000,-105.624952
9105.468750,-109.291673
9117.187500,-115.763433
9128.906250,-108.100339
9140.625000,-102.904461
9152.343750,-103.859241
9164.062500,-111.415733
9175.781250,-127.829513
9187.500000,-115.739960
9199.218750,-117.001793
9210.937500,-113.002714
9222.656250,-110.222686
9234.375000,-110.141828
9246.093750,-104.782893
9257.812500,-113.142854
9269.531250,-125.139445
9281.250000,-115.310283
9292.968750,-116.654853
9304.687500,-119.164728
9316.406250,-131.159157
9328.125000,-118.017408
9339.843750,-134.183309
9351.562500,-116.169864
9363.281250,-115.659610
9375.000000,-121.805876
9386.718750,-118.607038
9398.437500,-114.784028
9410.156250,-117.281022
9421.875000,-129.385544
9433.593750,-124.535018
9445.312500,-124.449724
9457.031250,-118.995038
9468.750000,-122.907349
9480.468750,-120.581944
9492.187500,-123.864872
9503.906250,-128.415777
9515.625000,-122.725409
9527.343750,-126.578616
9539.062500,-128.122643
9550.781250,-127.827169
9562.500000,-131.341685
9574.218750,-133.687852
9585.937500,-137.017715
9597.656250,-156.337339
9609.375000,-144.946461
9621.093750,-146.847675
9632.812500,-137.797929
9644.531250,-148.263190
9656.250000,-136.953848
9667.968750,-132.959002
9679.687500,-126.605344
9691.406250,-125.157385
9703.125000,-126.522344
9714.843750,-146.338235
9726.562500,-129.017647
9738.281250,-124.631781
9750.000000,-121.023954
9761.718750,-129.893920
9773.437500,-119.966448
9785.156250,-116.629144
9796.875000,-116.806161
9808.593750,-111.278766
9820.312500,-111.175141
9832.031250,-123.267386
9843.750000,-114.433056
9855.468750,-112.382411
9867.187500,-113.903964
9878.906250,-115.019505
9890.625000,-111.151200
9902.343750,-121.180737
9914.062500,-113.345748
9925.781250,-112.137970
9937.500000,-111.395323
9949.218750,-124.849807
9960.937500,-113.003483
9972.656250,-111.769362
9984.375000,-111.540617
9996.093750,-112.877463
10007.812500,-113.247088
10019.531250,-119.631828
10031.250000,-125.902864
10042.968750,-114.126643
10054.687500,-111.183313
10066.406250,-115.412127
10078.125000,-123.858227
10089.843750,-115.022001
10101.562500,-114.948534
10113.281250,-121.084200
10125.000000,-125.905220
10136.718750,-146.150492
10148.437500,-110.017681
10160.156250,-116.165884
10171.875000,-116.626934
10183.593750,-120.712590
10195.312500,-119.589894
10207.031250,-111.693248
10218.750000,-105.191938
10230.468750,-106.241046
10242.187500,-107.596339
10253.906250,-105.712738
10265.625000,-103.100281
10277.343750,-108.332791
10289.062500,-110.174801
10300.781250,-108.008753
10312.500000,-113.469515
10324.218750,-116.731300
10335.937500,-121.591846
10347.656250,-103.397805
10359.375000,-99.633024
10371.093750,-102.254140
10382.812500,-107.856517
10394.531250,-103.253351
10406.250000,-107.515828
10417.968750,-111.138120
10429.687500,-105.208218
10441.406250,-113.047964
10453.125000,-106.437539
10464.843750,-108.158226
10476.562500,-107.442533
10488.281250,-106.066019
10500.000000,-120.244454
10511.718750,-109.211709
10523.437500,-110.327982
10535.156250,-123.992666
10546.875000,-107.811577
10558.593750,-103.943873
10570.312500,-103.182706
10582.031250,-102.600270
10593.750000,-100.475298
10605.468750,-102.291036
10617.187500,-108.107157
10628.906250,-110.763094
10640.625000,-110.722778
10652.343750,-110.337895
10664.062500,-116.351003
10675.781250,-113.845715
10687.500000,-105.020573
10699.218750,-111.241117
10710.937500,-107.960040
10722.656250,-103.887073
10734.375000,-102.776698
10746.093750,-105.847414
10757.812500,-112.350444
10769.531250,-112.595379
10781.250000,-112.304977
10792.968750,-117.997742
10804.687500,-108.707256
10816.406250,-118.113650
10828.125000,-117.066625
10839.843750,-117.537892
10851.562500,-119.649379
10863.281250,-123.253054
10875.000000,-113.659032
10886.718750,-121.987707
10898.437500,-124.183724
10910.156250,-112.017827
10921.875000,-119.259027
10933.593750,-114.138419
10945.312500,-123.101415
10957.031250,-110.562002
10968.750000,-112.170908
10980.468750,-118.441271
10992.187500,-112.332395
11003.906250,-113.291374
11015.625000,-126.732861
11027.343750,-111.369378
11039.062500,-110.294159
11050.781250,-108.471382
11062.500000,-105.913869
11074.218750,-105.242638
11085.937500,-110.111255
11097.656250,-130.820253
11109.375000,-110.560402
11121.093750,-112.048358
11132.812500,-117.821729
11144.531250,-128.237165
11156.250000,-121.436832
11167.968750,-121.487341
11179.687500,-121.481410
11191.406250,-119.365250
11203.125000,-125.227311
11214.843750,-112.839006
11226.562500,-111.283999
11238.281250,-113.807955
11250.000000,-116.356582
11261.718750,-111.267299
11273.437500,-109.510910
11285.156250,-107.955899
11296.875000,-111.440155
11308.593750,-117.207449
11320.312500,-113.794061
11332.031250,-111.238249
11343.750000,-114.197179
11355.468750,-121.205178
11367.187500,-122.951954
11378.906250,-116.589958
11390.625000,-111.969261
11402.343750,-123.793703
11414.062500,-122.961692
11425.781250,-144.636978
11437.500000,-121.420284
11449.218750,-116.180167
11460.937500,-117.609172
11472.656250,-120.506281
11484.375000,-120.724662
11496.093750,-119.809595
11507.812500,-119.196501
11519.531250,-118.238133
11531.250000,-120.180933
11542.968750,-124.964201
11554.687500,-123.414520
11566.406250,-117.405913
11578.125000,-119.850583
11589.843750,-120.383791
11601.562500,-114.612341
11613.281250,-118.356345
11625.000000,-120.964582
11636.718750,-127.505210
11648.437500,-125.340238
11660.156250,-119.776351
11671.875000,-127.589753
11683.593750,-131.404834
11695.312500,-132.759989
11707.031250,-125.857578
11718.750000,-123.662524
11730.468750,-125.537879
11742.187500,-123.273089
11753.906250,-143.408901
11765.625000,-132.187658
11777.343750,-119.078148
11789.062500,-121.156054
11800.781250,-134.531091
11812.500000,-145.282032
11824.218750,-137.659948
11835.937500,-137.825584
11847.656250,-123.145854
11859.375000,-124.077232
11871.093750,-132.059106
11882.812500,-137.788973
11894.531250,-132.397651
11906.250000,-131.008517
11917.968750,-143.737721
11929.687500,-130.248793
11941.406250,-134.974896
11953.125000,-140.292371
11964.843750,-138.801555
11976.562500,-142.710804
11988.281250,-154.969802
12000.000000,-201.449866
12011.718750,-149.257015
12023.437500,-140.765500
12035.156250,-143.610382
12046.875000,-140.249909
12058.593750,-131.816077
12070.312500,-129.990008
12082.031250,-131.025978
12093.750000,-135.728645
12105.468750,-140.206419
12117.187500,-126.610836
12128.906250,-127.757206
12140.625000,-134.277711
12152.343750,-132.497101
12164.062500,-127.374387
12175.781250,-126.870062
12187.500000,-125.952444
12199.218750,-125.522187
12210.937500,-122.142909
12222.656250,-133.320090
12234.375000,-120.424155
12246.093750,-121.169982
12257.812500,-129.526367
12269.531250,-126.140092
12281.250000,-119.600459
12292.968750,-125.950232
12304.687500,-124.841432
12316.406250,-121.589186
12328.125000,-128.701871
12339.843750,-119.337648
12351.562500,-115.115001
12363.281250,-118.152577
12375.000000,-117.105500
12386.718750,-122.522120
12398.437500,-122.514142
12410.156250,-118.774699
12421.875000,-122.335461
12433.593750,-121.597611
12445.312500,-127.115586
12457.031250,-132.945065
12468.750000,-117.553121
12480.468750,-115.633708
12492.187500,-119.488515
12503.906250,-114.667558
12515.625000,-114.723852
12527.343750,-113.326916
12539.062500,-111.547455
12550.781250,-112.820509
12562.500000,-113.223427
12574.218750,-123.346649
12585.937500,-119.065951
12597.656250,-112.861938
12609.375000,-113.047771
12621.093750,-131.030871
12632.812500,-113.729186
12644.531250,-117.243094
12656.250000,-113.265567
12667.968750,-117.147387
12679.687500,-112.759700
12691.406250,-117.170085
12703.125000,-109.259083
12714.843750,-113.358295
12726.562500,-116.732889
12738.281250,-113.973930
12750.000000,-115.470620
12761.718750,-136.726890
12773.437500,-117.327846
12785.156250,-110.908208
12796.875000,-110.446963
12808.593750,-111.001839
12820.312500,-111.308041
12832.031250,-110.051949
12843.750000,-111.843295
12855.468750,-117.990280
12867.187500,-119.584891
12878.906250,-109.586319
12890.625000,-110.339674
12902.343750,-116.657036
12914.062500,-109.367320
12925.781250,-131.057765
12937.500000,-119.824599
12949.218750,-112.009838
12960.937500,-109.532522
12972.656250,-111.998897
12984.375000,-112.748737
12996.093750,-127.608740
13007.812500,-118.490931
13019.531250,-110.398560
13031.250000,-110.668362
13042.968750,-113.683278
13054.687500,-114.618092
13066.406250,-129.033790
13078.125000,-111.141864
13089.843750,-119.257409
13101.562500,-110.199003
13113.281250,-122.432350
13125.000000,-120.186170
13136.718750,-116.189339
13148.437500,-108.527800
13160.156250,-105.528716
13171.875000,-106.827209
13183.593750,-114.303543
13195.312500,-107.181450
13207.031250,-104.659487
13218.750000,-105.990494
13230.468750,-107.115016
13242.187500,-111.498699
13253.906250,-111.722261
13265.625000,-105.695393
13277.343750,-104.382247
13289.062500,-104.037860
13300.781250,-107.639244
13312.500000,-109.335970
13324.218750,-112.890550
13335.937500,-108.297092
13347.656250,-100.344150
13359.375000,-99.804217
13371.093750,-101.488668
13382.812500,-103.335437
13394.531250,-99.030562
13406.250000,-101.075381
13417.968750,-107.009590
13429.687500,-105.750173
13441.406250,-120.013229
13453.125000,-104.060356
13464.843750,-104.377913
13476.562500,-111.212429
13488.281250,-117.525597
13500.000000,-106.220623
13511.718750,-102.718736
13523.437500,-107.504717
13535.156250,-108.800590
13546.875000,-111.182182
13558.593750,-104.371746
13570.312500,-99.052499
13582.031250,-97.364804
13593.750000,-98.337633
13605.468750,-108.872296
13617.187500,-99.767692
13628.906250,-101.582949
13640.625000,-107.798680
13652.343750,-104.361046
13664.062500,-109.123233
13675.781250,-107.486031
13687.500000,-114.204564
13699.218750,-106.121182
13710.937500,-109.995328
13722.656250,-106.473507
13734.375000,-99.061172
13746.093750,-99.910119
13757.812500,-102.812702
13769.531250,-101.009048
13781.250000,-99.031335
13792.968750,-101.671001
13804.687500,-109.829586
13816.406250,-104.437451
13828.125000,-109.696536
13839.843750,-112.699329
13851.562500,-112.910205
13863.281250,-108.680782
13875.000000,-107.654718
13886.718750,-113.094833
13898.437500,-115.136830
13910.156250,-104.579956
13921.875000,-103.642922
13933.593750,-102.018435
13945.312500,-103.175249
13957.031250,-124.006810
13968.750000,-121.183417
13980.468750,-109.800723
13992.187500,-106.701863
14003.906250,-102.981198
14015.625000,-101.120271
14027.343750,-103.050780
14039.062500,-118.300009
14050.781250,-111.887911
14062.500000,-101.142877
14074.218750,-96.719342
14085.937500,-100.741360
14097.656250,-110.349834
14109.375000,-118.774659
14121.093750,-105.737161
14132.812500,-108.882374
14144.531250,-106.287716
14156.250000,-102.521080
14167.968750,-109.582420
14179.687500,-104.622135
14191.406250,-101.274546
14203.125000,-105.667224
14214.843750,-104.312102
14226.562500,-100.138782
14238.281250,-101.371672
14250.000000,-105.295149
14261.718750,-110.766122
14273.437500,-104.375390
14285.156250,-103.078439
14296.875000,-101.209901
14308.593750,-104.529793
14320.312500,-103.180669
14332.031250,-102.969697
14343.750000,-109.939877
14355.468750,-123.875285
14367.187500,-112.461663
14378.906250,-102.103785
14390.625000,-99.204628
14402.343750,-105.345696
14414.062500,-109.927792
14425.781250,-111.765295
14437.500000,-102.187772
14449.218750,-107.866572
14460.937500,-108.309482
14472.656250,-108.008142
14484.375000,-104.157140
14496.093750,-102.733927
14507.812500,-107.250157
14519.531250,-110.070847
14531.250000,-105.597741
14542.968750,-108.640381
14554.687500,-115.498278
14566.406250,-104.609409
14578.125000,-103.592568
14589.843750,-118.796645
14601.562500,-108.576619
14613.281250,-116.714483
14625.000000,-102.259989
14636.718750,-106.479225
14648.437500,-112.877441
14660.156250,-109.704346
14671.875000,-100.223003
14683.593750,-105.847941
14695.312500,-109.353726
14707.031250,-104.755829
14718.750000,-104.341187
14730.468750,-108.543334
14742.187500,-105.114378
14753.906250,-104.581164
14765.625000,-105.732932
14777.343750,-109.439336
14789.062500,-104.881521
14800.781250,-106.807626
14812.500000,-104.966737
14824.218750,-102.175191
14835.937500,-108.050319
14847.656250,-121.149188
14859.375000,-111.604199
14871.093750,-102.327853
14882.812500,-103.262209
14894.531250,-110.113429
14906.250000,-107.391867
14917.968750,-99.223406
14929.687500,-100.756254
14941.406250,-103.189569
14953.125000,-98.582605
14964.843750,-97.443149
14976.562500,-100.847388
14988.281250,-105.301345
15000.000000,-101.656773
15011.718750,-104.443656
15023.437500,-103.878663
15035.156250,-100.426479
15046.875000,-105.736188
15058.593750,-107.538169
15070.312500,-100.048438
15082.031250,-102.948976
15093.750000,-104.772949
15105.468750,-106.051800
15117.187500,-106.321315
15128.906250,-109.466604
15140.625000,-122.225546
15152.343750,-103.395309
15164.062500,-100.207069
15175.781250,-99.909912
15187.500000,-100.891006
15199.218750,-102.667136
15210.937500,-107.485068
15222.656250,-111.371914
15234.375000,-103.670120
15246.093750,-98.714152
15257.812500,-97.396430
15269.531250,-102.142042
15281.250000,-115.443630
15292.968750,-106.427755
15304.687500,-102.648213
15316.406250,-104.542444
15328.125000,-104.600695
15339.843750,-117.219580
15351.562500,-110.484165
15363.281250,-105.105329
15375.000000,-106.074591
15386.718750,-100.452655
15398.437500,-104.287699
15410.156250,-105.256426
15421.875000,-101.183478
15433.593750,-117.910806
15445.312500,-106.481057
15457.031250,-103.613122
15468.750000,-106.806947
15480.468750,-104.295324
15492.187500,-104.997120
15503.906250,-107.150394
15515.625000,-101.044539
15527.343750,-102.295063
15539.062500,-101.731544
15550.781250,-102.848187
15562.500000,-104.339765
15574.218750,-104.597916
15585.937500,-103.325681
15597.656250,-101.092557
15609.375000,-103.290242
15621.093750,-111.877469
15632.812500,-117.112011
15644.531250,-106.886032
15656.250000,-101.582450
15667.968750,-109.302340
15679.687500,-108.283306
15691.406250,-103.841685
15703.125000,-108.139733
15714.843750,-114.337530
15726.562500,-105.834733
15738.281250,-109.178838
15750.000000,-115.714357
15761.718750,-106.475368
15773.437500,-103.634275
15785.156250,-101.839158
15796.875000,-103.273941
15808.593750,-113.387192
15820.312500,-111.152629
15832.031250,-105.210007
15843.750000,-101.806304
15855.468750,-100.721253
15867.187500,-103.195671
15878.906250,-107.335694
15890.625000,-106.616137
15902.343750,-105.664002
15914.062500,-109.616340
15925.781250,-111.035346
15937.500000,-107.859656
15949.218750,-106.016597
15960.937500,-108.888612
15972.656250,-108.965439
15984.375000,-108.980573
15996.093750,-109.446065
16007.812500,-118.369359
16019.531250,-110.100051
16031.250000,-104.827316
16042.968750,-103.221778
16054.687500,-104.893852
16066.406250,-108.836031
16078.125000,-107.234265
16089.843750,-108.191523
16101.562500,-109.832070
16113.281250,-104.457921
16125.000000,-104.688377
16136.718750,-108.317255
16148.437500,-114.301840
16160.156250,-112.947383
16171.875000,-114.617406
16183.593750,-120.675083
16195.312500,-113.238180
16207.031250,-113.623240
16218.750000,-112.113595
16230.468750,-115.570499
16242.187500,-111.935740
16253.906250,-107.329084
16265.625000,-107.423006
16277.343750,-104.292466
16289.062500,-104.733113
16300.781250,-115.390190
16312.500000,-109.622685
16324.218750,-109.203206
16335.937500,-113.075376
16347.656250,-110.579562
16359.375000,-113.253732
16371.093750,-107.140740
16382.812500,-107.626334
16394.531250,-108.848247
16406.250000,-111.458543
16417.968750,-122.043336
16429.687500,-125.342396
16441.406250,-115.447186
16453.125000,-113.930646
16464.843750,-103.989133
16476.562500,-103.283388
16488.281250,-106.305323
16500.000000,-109.904865
16511.718750,-113.844867
16523.437500,-114.463847
16535.156250,-120.425565
16546.875000,-109.105604
16558.593750,-105.023750
16570.312500,-112.553370
16582.031250,-123.209612
16593.750000,-123.945061
16605.468750,-127.467148
16617.187500,-118.182208
16628.906250,-115.627099
16640.625000,-115.526074
16652.343750,-116.906946
16664.062500,-112.342951
16675.781250,-111.939290
16687.500000,-111.503482
16699.218750,-115.998402
16710.937500,-112.055532
16722.656250,-114.798236
16734.375000,-117.016536
16746.093750,-111.535268
16757.812500,-111.730654
16769.531250,-114.584049
16781.250000,-115.556134
16792.968750,-108.895536
16804.687500,-112.323223
16816.406250,-115.456915
16828.125000,-113.224209
16839.843750,-130.191636
16851.562500,-125.214165
16863.281250,-107.728802
16875.000000,-109.369640
16886.718750,-116.171703
16898.437500,-132.490564
16910.156250,-122.429679
16921.875000,-114.722095
16933.593750,-123.356465
16945.312500,-122.710125
16957.031250,-116.738973
16968.750000,-112.051075
16980.468750,-109.962175
16992.187500,-113.063745
17003.906250,-120.954208
17015.625000,-122.548411
17027.343750,-113.608349
17039.062500,-127.970464
17050.781250,-111.797837
17062.500000,-113.088410
17074.218750,-109.884251
17085.937500,-110.068718
17097.656250,-119.379180
17109.375000,-116.880566
17121.093750,-112.901526
17132.812500,-114.515602
17144.531250,-114.018047
17156.250000,-121.161258
17167.968750,-118.447186
17179.687500,-121.810494
17191.406250,-113.931029
17203.125000,-116.152028
17214.843750,-122.391106
17226.562500,-121.725435
17238.281250,-112.541944
17250.000000,-114.825042
17261.718750,-117.868023
17273.437500,-128.723265
17285.156250,-120.435425
17296.875000,-111.152549
17308.593750,-110.467291
17320.312500,-111.818471
17332.031250,-114.684952
17343.750000,-116.451236
17355.468750,-113.372828
17367.187500,-116.338921
17378.906250,-114.846209
17390.625000,-111.278791
17402.343750,-112.535718
17414.062500,-116.404532
17425.781250,-117.049998
17437.500000,-116.242584
17449.218750,-111.617545
17460.937500,-113.151447
17472.656250,-116.072293
17484.375000,-125.811576
17496.093750,-116.427901
17507.812500,-110.659686
17519.531250,-111.050513
17531.250000,-115.959835
17542.968750,-118.109687
17554.687500,-110.971291
17566.406250,-108.168666
17578.125000,-109.300384
17589.843750,-114.837061
17601.562500,-114.879936
17613.281250,-122.147526
17625.000000,-114.517777
17636.718750,-111.319965
17648.437500,-119.274374
17660.156250,-112.239260
17671.875000,-109.640128
17683.593750,-112.954931
17695.312500,-114.729642
17707.031250,-114.832594
17718.750000,-111.097860
17730.468750,-109.036106
17742.187500,-112.547358
17753.906250,-116.960655
17765.625000,-119.629567
17777.343750,-126.096184
17789.062500,-124.365278
17800.781250,-114.003281
17812.500000,-110.742057
17824.218750,-115.032036
17835.937500,-119.714332
17847.656250,-114.494710
17859.375000,-123.706949
17871.093750,-126.304836
17882.812500,-113.822105
17894.531250,-111.994215
17906.250000,-121.356350
17917.968750,-115.890653
17929.687500,-114.967484
17941.406250,-118.682297
17953.125000,-117.376656
17964.843750,-115.349752
17976.562500,-113.211915
17988.281250,-118.536930
18000.000000,-122.323476
18011.718750,-119.797196
18023.437500,-114.670308
18035.156250,-111.466030
18046.875000,-112.900061
18058.593750,-112.590823
18070.312500,-115.980439
18082.031250,-131.992260
18093.750000,-119.532928
18105.468750,-117.960274
18117.187500,-121.333649
18128.906250,-116.608296
18140.625000,-114.967395
18152.343750,-116.470022
18164.062500,-113.110948
18175.781250,-120.150979
18187.500000,-119.648273
18199.218750,-118.804880
18210.937500,-117.987370
18222.656250,-119.223650
18234.375000,-120.088964
18246.093750,-125.907760
18257.812500,-122.059975
18269.531250,-115.262056
18281.250000,-113.149103
18292.968750,-115.814435
18304.687500,-126.022549
18316.406250,-131.962766
18328.125000,-123.965586
18339.843750,-145.256738
18351.562500,-124.690883
18363.281250,-120.625363
18375.000000,-116.838687
18386.718750,-119.913946
18398.437500,-125.545429
18410.156250,-118.766209
18421.875000,-120.965291
18433.593750,-124.577846
18445.312500,-117.860925
18457.031250,-117.209137
18468.750000,-115.860431
18480.468750,-117.846927
18492.187500,-119.678484
18503.906250,-123.951487
18515.625000,-120.958256
18527.343750,-126.437048
18539.062500,-123.786027
18550.781250,-126.756344
18562.500000,-121.126783
18574.218750,-119.466576
18585.937500,-119.780930
18597.656250,-116.621583
18609.375000,-115.968519
18621.093750,-117.464198
18632.812500,-122.073148
18644.531250,-125.261715
18656.250000,-120.451786
18667.968750,-121.988167
18679.687500,-122.655363
18691.406250,-129.790801
18703.125000,-130.827085
18714.843750,-123.654901
18726.562500,-121.690023
18738.281250,-123.557845
18750.000000,-128.096984
18761.718750,-126.237486
18773.437500,-125.341840
18785.156250,-126.672939
18796.875000,-123.746635
18808.593750,-126.727258
18820.312500,-128.247216
18832.031250,-136.501625
18843.750000,-133.927259
18855.468750,-128.125206
18867.187500,-131.035726
18878.906250,-135.065464
18890.625000,-126.011248
18902.343750,-125.582734
18914.062500,-130.636159
18925.781250,-127.314788
18937.500000,-131.842698
18949.218750,-145.668510
18960.937500,-128.434830
18972.656250,-127.714333
18984.375000,-127.126729
18996.093750,-131.577483
19007.812500,-133.742163
19019.531250,-135.842711
19031.250000,-148.557180
19042.968750,-139.037242
19054.687500,-142.173330
19066.406250,-149.968447
19078.125000,-159.991223
19089.843750,-144.541164
19101.562500,-140.300422
19113.281250,-153.529991
19125.000000,-143.540320
19136.718750,-148.348693
19148.437500,-143.808181
19160.156250,-149.420269
19171.875000,-157.468931
19183.593750,-153.002015
19195.312500,-169.239916
19207.031250,-159.217427
19218.750000,-153.500209
19230.468750,-152.119106
19242.187500,-149.386420
19253.906250,-148.102184
19265.625000,-141.932255
19277.343750,-143.833574
19289.062500,-149.262420
19300.781250,-139.329944
19312.500000,-147.706171
19324.218750,-142.933234
19335.937500,-141.691997
19347.656250,-143.939596
19359.375000,-129.553186
19371.093750,-126.409013
19382.812500,-126.951881
19394.531250,-127.276990
19406.250000,-131.746402
19417.968750,-134.226660
19429.687500,-128.625659
19441.406250,-129.013717
19453.125000,-128.281592
19464.843750,-129.876758
19476.562500,-135.857351
19488.281250,-130.511467
19500.000000,-129.351887
19511.718750,-129.354076
19523.437500,-135.528116
19535.156250,-124.758284
19546.875000,-128.264034
19558.593750,-138.983227
19570.312500,-132.200569
19582.031250,-124.733315
19593.750000,-126.009870
19605.468750,-119.991941
19617.187500,-123.291529
19628.906250,-136.475909
19640.625000,-125.554205
19652.343750,-121.655436
19664.062500,-120.132836
19675.781250,-118.710027
19687.500000,-126.831098
19699.218750,-117.996137
19710.937500,-117.301821
19722.656250,-120.974897
19734.375000,-126.951215
19746.093750,-124.580325
19757.812500,-126.263578
19769.531250,-129.561139
19781.250000,-124.285570
19792.968750,-115.041997
19804.687500,-119.485636
19816.406250,-119.152542
19828.125000,-114.486310
19839.843750,-117.367326
19851.562500,-124.150440
19863.281250,-128.471768
19875.000000,-131.844863
19886.718750,-129.116559
19898.437500,-124.770161
19910.156250,-116.429802
19921.875000,-130.512755
19933.593750,-114.663557
19945.312500,-111.887007
19957.031250,-112.078114
19968.750000,-114.042626
19980.468750,-110.494017
19992.187500,-108.730635
20003.906250,-114.032742
20015.625000,-130.259871
20027.343750,-120.937651
20039.062500,-116.807215
20050.781250,-121.137660
20062.500000,-113.061756
20074.218750,-106.696439
20085.937500,-110.357566
20097.656250,-119.532629
20109.375000,-111.287186
20121.093750,-114.134762
20132.812500,-114.155074
20144.531250,-116.234431
20156.250000,-111.302485
20167.968750,-108.135108
20179.687500,-110.008833
20191.406250,-113.639709
20203.125000,-131.526819
20214.843750,-123.946203
20226.562500,-107.396373
20238.281250,-106.773786
20250.000000,-110.434739
20261.718750,-110.544727
20273.437500,-113.749697
20285.156250,-114.165966
20296.875000,-109.895720
20308.593750,-108.674015
20320.312500,-108.671464
20332.031250,-114.266025
20343.750000,-117.165174
20355.468750,-110.643906
20367.187500,-115.549084
20378.906250,-128.631857
20390.625000,-112.050735
20402.343750,-107.334084
20414.062500,-110.436159
20425.781250,-114.233510
20437.500000,-111.665748
20449.218750,-110.408085
20460.937500,-106.666321
20472.656250,-106.124583
20484.375000,-116.033762
20496.093750,-122.831238
20507.812500,-116.397130
20519.531250,-113.165496
20531.250000,-117.876748
20542.968750,-111.169752
20554.687500,-111.208330
20566.406250,-113.378277
20578.125000,-116.784171
20589.843750,-115.141913
20601.562500,-113.742749
20613.281250,-111.787554
20625.000000,-112.147290
20636.718750,-116.348986
20648.437500,-122.427185
20660.156250,-110.914059
20671.875000,-110.975570
20683.593750,-111.187053
20695.312500,-109.404660
20707.031250,-114.649574
20718.750000,-141.506020
20730.468750,-114.529913
20742.187500,-113.389381
20753.906250,-112.721948
20765.625000,-118.171783
20777.343750,-133.483957
20789.062500,-119.940308
20800.781250,-108.234426
20812.500000,-106.127338
20824.218750,-110.948046
20835.937500,-111.684367
20847.656250,-108.324861
20859.375000,-113.736568
20871.093750,-121.549359
20882.812500,-112.708077
20894.531250,-135.275715
20906.250000,-109.844172
20917.968750,-109.134331
20929.687500,-113.592592
20941.406250,-117.194877
20953.125000,-115.166730
20964.843750,-111.015254
20976.562500,-112.981127
20988.281250,-111.629288
21000.000000,-105.403194
21011.718750,-109.309024
21023.437500,-109.471764
21035.156250,-111.764090
21046.875000,-123.630003
21058.593750,-122.555304
21070.312500,-114.739602
21082.031250,-109.085363
21093.750000,-108.462936
21105.468750,-109.467895
21117.187500,-111.178124
21128.906250,-115.582357
21140.625000,-109.109111
21152.343750,-107.784951
21164.062500,-111.287937
21175.781250,-124.529448
21187.500000,-111.916834
21199.218750,-114.869840
21210.937500,-115.850392
21222.656250,-119.007127
21234.375000,-118.375422
21246.093750,-118.987727
21257.812500,-114.593752
21269.531250,-109.544124
21281.250000,-104.975200
21292.968750,-107.103524
21304.687500,-128.233974
21316.406250,-109.022645
21328.125000,-103.952389
21339.843750,-108.275119
21351.562500,-113.509699
21363.281250,-111.708501
21375.000000,-122.142867
21386.718750,-116.780829
21398.437500,-110.303210
21410.156250,-108.923285
21421.875000,-124.280773
21433.593750,-117.341746
21445.312500,-123.472600
21457.031250,-112.689921
21468.750000,-109.186125
21480.468750,-111.363978
21492.187500,-116.423788
21503.906250,-122.194109
21515.625000,-124.600827
21527.343750,-111.931514
21539.062500,-112.126687
21550.781250,-108.844147
21562.500000,-110.914203
21574.218750,-113.801129
21585.937500,-114.527216
21597.656250,-114.043228
21609.375000,-107.613286
21621.093750,-106.983035
21632.812500,-109.786345
21644.531250,-109.731106
21656.250000,-109.340899
21667.968750,-110.378322
21679.687500,-109.349538
21691.406250,-109.005692
21703.125000,-110.159354
21714.843750,-120.277998
21726.562500,-108.878141
21738.281250,-108.242984
21750.000000,-116.980465
21761.718750,-127.132141
21773.437500,-114.174861
21785.156250,-107.640791
21796.875000,-109.104154
21808.593750,-113.025318
21820.312500,-105.865778
21832.031250,-104.805040
21843.750000,-108.179307
21855.468750,-123.143968
21867.187500,-111.087613
21878.906250,-109.381497
21890.625000,-114.814612
21902.343750,-118.395750
21914.062500,-114.225185
21925.781250,-106.138370
21937.500000,-105.601087
21949.218750,-114.355240
21960.937500,-116.073042
21972.656250,-113.020066
21984.375000,-114.157081
21996.093750,-115.468064
22007.812500,-110.204989
22019.531250,-109.044583
22031.250000,-113.647948
22042.968750,-119.469009
22054.687500,-119.330260
22066.406250,-107.551025
22078.125000,-108.772842
22089.843750,-129.882778
22101.562500,-113.962850
22113.281250,-115.527276
22125.000000,-111.501521
22136.718750,-116.037342
22148.437500,-110.024335
22160.156250,-119.373326
22171.875000,-112.656054
22183.593750,-114.906284
22195.312500,-110.424152
22207.031250,-107.209914
22218.750000,-110.313507
22230.468750,-112.450546
22242.187500,-110.105230
22253.906250,-112.990622
22265.625000,-115.774222
22277.343750,-108.069243
22289.062500,-105.023374
22300.781250,-108.320874
22312.500000,-111.935770
22324.218750,-134.983929
22335.937500,-110.629385
22347.656250,-110.847966
22359.375000,-114.144478
22371.093750,-112.531074
22382.812500,-110.797827
22394.531250,-108.469471
22406.250000,-108.159894
22417.968750,-111.810694
22429.687500,-111.288953
22441.406250,-112.663371
22453.125000,-111.646321
22464.843750,-107.304199
22476.562500,-108.455670
22488.281250,-123.378823
22500.000000,-115.645672
22511.718750,-114.054972
22523.437500,-114.867082
22535.156250,-116.843553
22546.875000,-115.770739
22558.593750,-119.083271
22570.312500,-114.671981
22582.031250,-113.334985
22593.750000,-120.029258
22605.468750,-119.879366
22617.187500,-118.271145
22628.906250,-121.643376
22640.625000,-114.839194
22652.343750,-113.355849
22664.062500,-115.752937
22675.781250,-122.662569
22687.500000,-114.659510
22699.218750,-111.806082
22710.937500,-112.309718
22722.656250,-119.165836
22734.375000,-123.907862
22746.093750,-114.607287
22757.812500,-112.584500
22769.531250,-111.891255
22781.250000,-115.757582
22792.968750,-108.634958
22804.687500,-109.402397
22816.406250,-113.968952
22828.125000,-118.087085
22839.843750,-121.022915
22851.562500,-123.136101
22863.281250,-111.149476
22875.000000,-108.208831
22886.718750,-110.776919
22898.437500,-114.776335
22910.156250,-110.069028
22921.875000,-110.560925
22933.593750,-105.808975
22945.312500,-107.726180
22957.031250,-111.912380
22968.750000,-113.080494
22980.468750,-113.142432
22992.187500,-123.426157
23003.906250,-113.734262
23015.625000,-107.561184
23027.343750,-109.369000
23039.062500,-120.940339
23050.781250,-115.182784
23062.500000,-113.528496
23074.218750,-105.952919
23085.937500,-106.704666
23097.656250,-117.306777
23109.375000,-117.114907
23121.093750,-118.247649
23132.812500,-114.209750
23144.531250,-116.189148
23156.250000,-110.569166
23167.968750,-104.560553
23179.687500,-105.830280
23191.406250,-107.900592
23203.125000,-114.415638
23214.843750,-113.304614
23226.562500,-105.339410
23238.281250,-104.634365
23250.000000,-106.763692
23261.718750,-110.908718
23273.437500,-126.612991
23285.156250,-111.827664
23296.875000,-109.906088
23308.593750,-106.036669
23320.312500,-106.286629
23332.031250,-108.622125
23343.750000,-112.776622
23355.468750,-110.961300
23367.187500,-112.984372
23378.906250,-116.923330
23390.625000,-109.042438
23402.343750,-107.926569
23414.062500,-123.305014
23425.781250,-115.357766
23437.500000,-115.972285
23449.218750,-124.602199
23460.937500,-115.510626
23472.656250,-113.010402
23484.375000,-121.164707
23496.093750,-118.675919
23507.812500,-122.323520
23519.531250,-121.855640
23531.250000,-121.517376
23542.968750,-122.651056
23554.687500,-122.340802
23566.406250,-119.914018
23578.125000,-119.408367
23589.843750,-119.898964
23601.562500,-118.967712
23613.281250,-116.215052
23625.000000,-114.903276
23636.718750,-117.819415
23648.437500,-119.497870
23660.156250,-116.662389
23671.875000,-119.674339
23683.593750,-123.282898
23695.312500,-120.046942
23707.031250,-132.631756
23718.750000,-118.824162
23730.468750,-118.984670
23742.187500,-125.513747
23753.906250,-120.768986
23765.625000,-120.147316
23777.343750,-125.994530
23789.062500,-124.877844
23800.781250,-128.545476
23812.500000,-127.634728
23824.218750,-135.894577
23835.937500,-135.827080
23847.656250,-130.855129
23859.375000,-130.170391
23871.093750,-135.354395
23882.812500,-130.470740
23894.531250,-141.568169
23906.250000,-135.972498
23917.968750,-135.599116
23929.687500,-134.725050
23941.406250,-141.218648
23953.125000,-136.187524
23964.843750,-137.939157
23976.562500,-143.598612
23988.281250,-159.730981
