-24000.000000,-175.362856
-23988.281250,-175.362855
-23976.562500,-175.362844
-23964.843750,-175.362837
-23953.125000,-175.362814
-23941.406250,-175.362792
-23929.687500,-175.362767
-23917.968750,-175.362733
-23906.250000,-175.362697
-23894.531250,-175.362652
-23882.812500,-175.362605
-23871.093750,-175.362557
-23859.375000,-175.362497
-23847.656250,-175.362434
-23835.937500,-175.362352
-23824.218750,-175.362296
-23812.500000,-175.362202
-23800.781250,-175.362140
-23789.062500,-175.362043
-23777.343750,-175.361950
-23765.625000,-175.361859
-23753.906250,-175.361749
-23742.187500,-175.361672
-23730.468750,-175.361528
-23718.750000,-175.361409
-23707.031250,-175.361296
-23695.312500,-175.361160
-23683.593750,-175.361030
-23671.875000,-175.360883
-23660.156250,-175.360746
-23648.437500,-175.360598
-23636.718750,-175.360449
-23625.000000,-175.360310
-23613.281250,-175.360126
-23601.562500,-175.359957
-23589.843750,-175.359783
-23578.125000,-175.359607
-23566.406250,-175.359421
-23554.687500,-175.359234
-23542.968750,-175.359039
-23531.250000,-175.358853
-23519.531250,-175.358641
-23507.812500,-175.358432
-23496.093750,-175.358220
-23484.375000,-175.358008
-23472.656250,-175.357777
-23460.937500,-175.357546
-23449.218750,-175.357311
-23437.500000,-175.357076
-23425.781250,-175.356833
-23414.062500,-175.356583
-23402.343750,-175.356332
-23390.625000,-175.356086
-23378.906250,-175.355807
-23367.187500,-175.355536
-23355.468750,-175.355267
-23343.750000,-175.354987
-23332.031250,-175.354702
-23320.312500,-175.354414
-23308.593750,-175.354082
-23296.875000,-175.353817
-23285.156250,-175.353515
-23273.437500,-175.353205
-23261.718750,-175.352892
-23250.000000,-175.352574
-23238.281250,-175.352252
-23226.562500,-175.351916
-23214.843750,-175.351581
-23203.125000,-175.351276
-23191.406250,-175.350901
-23179.687500,-175.350548
-23167.968750,-175.350194
-23156.250000,-175.349829
-23144.531250,-175.349472
-23132.812500,-175.349105
-23121.093750,-175.348736
-23109.375000,-175.348344
-23097.656250,-175.347961
-23085.937500,-175.347575
-23074.218750,-175.347174
-23062.500000,-175.346774
-23050.781250,-175.346366
-23039.062500,-175.345967
-23027.343750,-175.345548
-23015.625000,-175.345125
-23003.906250,-175.344706
-22992.187500,-175.344275
-22980.468750,-175.343834
-22968.750000,-175.343374
-22957.031250,-175.342948
-22945.312500,-175.342485
-22933.593750,-175.342038
-22921.875000,-175.341560
-22910.156250,-175.341105
-22898.437500,-175.340637
-22886.718750,-175.340164
-22875.000000,-175.339678
-22863.281250,-175.339195
-22851.562500,-175.338707
-22839.843750,-175.338206
-22828.125000,-175.337698
-22816.406250,-175.337190
-22804.687500,-175.336680
-22792.968750,-175.336160
-22781.250000,-175.335638
-22769.531250,-175.335111
-22757.812500,-175.334578
-22746.093750,-175.334048
-22734.375000,-175.333498
-22722.656250,-175.332949
-22710.937500,-175.332396
-22699.218750,-175.331838
-22687.500000,-175.331351
-22675.781250,-175.330705
-22664.062500,-175.330136
-22652.343750,-175.329552
-22640.625000,-175.328968
-22628.906250,-175.328372
-22617.187500,-175.327786
-22605.468750,-175.327189
-22593.750000,-175.326587
-22582.031250,-175.325950
-22570.312500,-175.325356
-22558.593750,-175.324739
-22546.875000,-175.324115
-22535.156250,-175.323481
-22523.437500,-175.322855
-22511.718750,-175.322206
-22500.000000,-175.321560
-22488.281250,-175.320915
-22476.562500,-175.320249
-22464.843750,-175.319593
-22453.125000,-175.318923
-22441.406250,-175.318249
-22429.687500,-175.317572
-22417.968750,-175.316893
-22406.250000,-175.316264
-22394.531250,-175.315513
-22382.812500,-175.314818
-22371.093750,-175.314108
-22359.375000,-175.313404
-22347.656250,-175.312695
-22335.937500,-175.311984
-22324.218750,-175.311248
-22312.500000,-175.310545
-22300.781250,-175.309790
-22289.062500,-175.309044
-22277.343750,-175.308302
-22265.625000,-175.307550
-22253.906250,-175.306800
-22242.187500,-175.306040
-22230.468750,-175.305280
-22218.750000,-175.304506
-22207.031250,-175.303731
-22195.312500,-175.302950
-22183.593750,-175.302160
-22171.875000,-175.301366
-22160.156250,-175.300573
-22148.437500,-175.299775
-22136.718750,-175.298972
-22125.000000,-175.298160
-22113.281250,-175.297340
-22101.562500,-175.296518
-22089.843750,-175.295686
-22078.125000,-175.294860
-22066.406250,-175.294023
-22054.687500,-175.293176
-22042.968750,-175.292332
-22031.250000,-175.291475
-22019.531250,-175.290609
-22007.812500,-175.289798
-21996.093750,-175.288877
-21984.375000,-175.288004
-21972.656250,-175.287129
-21960.937500,-175.286233
-21949.218750,-175.285352
-21937.500000,-175.284461
-21925.781250,-175.283556
-21914.062500,-175.282650
-21902.343750,-175.281744
-21890.625000,-175.280851
-21878.906250,-175.279904
-21867.187500,-175.278983
-21855.468750,-175.278047
-21843.750000,-175.277106
-21832.031250,-175.276165
-21820.312500,-175.275203
-21808.593750,-175.274269
-21796.875000,-175.273307
-21785.156250,-175.272243
-21773.437500,-175.271377
-21761.718750,-175.270389
-21750.000000,-175.269421
-21738.281250,-175.268431
-21726.562500,-175.267443
-21714.843750,-175.266452
-21703.125000,-175.265455
-21691.406250,-175.264452
-21679.687500,-175.263431
-21667.968750,-175.262417
-21656.250000,-175.261405
-21644.531250,-175.260373
-21632.812500,-175.259350
-21621.093750,-175.258306
-21609.375000,-175.257259
-21597.656250,-175.256215
-21585.937500,-175.255171
-21574.218750,-175.254109
-21562.500000,-175.253045
-21550.781250,-175.251965
-21539.062500,-175.250901
-21527.343750,-175.249818
-21515.625000,-175.248739
-21503.906250,-175.247636
-21492.187500,-175.246550
-21480.468750,-175.245452
-21468.750000,-175.244346
-21457.031250,-175.243235
-21445.312500,-175.242119
-21433.593750,-175.240991
-21421.875000,-175.239871
-21410.156250,-175.238734
-21398.437500,-175.237602
-21386.718750,-175.236463
-21375.000000,-175.235313
-21363.281250,-175.234165
-21351.562500,-175.233000
-21339.843750,-175.231848
-21328.125000,-175.230675
-21316.406250,-175.229498
-21304.687500,-175.228319
-21292.968750,-175.227135
-21281.250000,-175.225940
-21269.531250,-175.224746
-21257.812500,-175.223550
-21246.093750,-175.222342
-21234.375000,-175.221129
-21222.656250,-175.219921
-21210.937500,-175.218687
-21199.218750,-175.217463
-21187.500000,-175.216235
-21175.781250,-175.214991
-21164.062500,-175.213759
-21152.343750,-175.212503
-21140.625000,-175.211293
-21128.906250,-175.209980
-21117.187500,-175.208726
-21105.468750,-175.207465
-21093.750000,-175.206181
-21082.031250,-175.204921
-21070.312500,-175.203621
-21058.593750,-175.202338
-21046.875000,-175.201046
-21035.156250,-175.199738
-21023.437500,-175.198430
-21011.718750,-175.197118
-21000.000000,-175.195790
-20988.281250,-175.194483
-20976.562500,-175.193150
-20964.843750,-175.191825
-20953.125000,-175.190478
-20941.406250,-175.189138
-20929.687500,-175.187796
-20917.968750,-175.186431
-20906.250000,-175.185077
-20894.531250,-175.183707
-20882.812500,-175.182338
-20871.093750,-175.180966
-20859.375000,-175.179563
-20847.656250,-175.178209
-20835.937500,-175.176812
-20824.218750,-175.175407
-20812.500000,-175.174018
-20800.781250,-175.172609
-20789.062500,-175.171191
-20777.343750,-175.169778
-20765.625000,-175.168355
-20753.906250,-175.166930
-20742.187500,-175.165495
-20730.468750,-175.164051
-20718.750000,-175.162612
-20707.031250,-175.161183
-20695.312500,-175.159709
-20683.593750,-175.158250
-20671.875000,-175.156782
-20660.156250,-175.155311
-20648.437500,-175.153839
-20636.718750,-175.152364
-20625.000000,-175.150773
-20613.281250,-175.149390
-20601.562500,-175.147881
-20589.843750,-175.146385
-20578.125000,-175.144875
-20566.406250,-175.143363
-20554.687500,-175.141840
-20542.968750,-175.140323
-20531.250000,-175.138817
-20519.531250,-175.137258
-20507.812500,-175.135735
-20496.093750,-175.134181
-20484.375000,-175.132621
-20472.656250,-175.131079
-20460.937500,-175.129518
-20449.218750,-175.127957
-20437.500000,-175.126377
-20425.781250,-175.124811
-20414.062500,-175.123215
-20402.343750,-175.121637
-20390.625000,-175.120045
-20378.906250,-175.118445
-20367.187500,-175.116845
-20355.468750,-175.115240
-20343.750000,-175.113623
-20332.031250,-175.112029
-20320.312500,-175.110383
-20308.593750,-175.108759
-20296.875000,-175.107123
-20285.156250,-175.105482
-20273.437500,-175.103836
-20261.718750,-175.102190
-20250.000000,-175.100552
-20238.281250,-175.098891
-20226.562500,-175.097204
-20214.843750,-175.095540
-20203.125000,-175.093864
-20191.406250,-175.092185
-20179.687500,-175.090492
-20167.968750,-175.088804
-20156.250000,-175.087104
-20144.531250,-175.085402
-20132.812500,-175.083708
-20121.093750,-175.081981
-20109.375000,-175.080260
-20097.656250,-175.078541
-20085.937500,-175.076807
-20074.218750,-175.075078
-20062.500000,-175.073334
-20050.781250,-175.071594
-20039.062500,-175.069840
-20027.343750,-175.068088
-20015.625000,-175.066326
-20003.906250,-175.064567
-19992.187500,-175.062786
-19980.468750,-175.061012
-19968.750000,-175.059229
-19957.031250,-175.057448
-19945.312500,-175.055652
-19933.593750,-175.053854
-19921.875000,-175.052044
-19910.156250,-175.050235
-19898.437500,-175.048428
-19886.718750,-175.046606
-19875.000000,-175.044777
-19863.281250,-175.042955
-19851.562500,-175.041125
-19839.843750,-175.039277
-19828.125000,-175.037439
-19816.406250,-175.035583
-19804.687500,-175.033730
-19792.968750,-175.031867
-19781.250000,-175.029992
-19769.531250,-175.028136
-19757.812500,-175.026251
-19746.093750,-175.024371
-19734.375000,-175.022479
-19722.656250,-175.020586
-19710.937500,-175.018691
-19699.218750,-175.016804
-19687.500000,-175.014882
-19675.781250,-175.012961
-19664.062500,-175.011049
-19652.343750,-175.009130
-19640.625000,-175.007192
-19628.906250,-175.005259
-19617.187500,-175.003317
-19605.468750,-175.001373
-19593.750000,-174.999419
-19582.031250,-174.997459
-19570.312500,-174.995502
-19558.593750,-174.993536
-19546.875000,-174.991570
-19535.156250,-174.989582
-19523.437500,-174.987586
-19511.718750,-174.985610
-19500.000000,-174.983616
-19488.281250,-174.981613
-19476.562500,-174.979613
-19464.843750,-174.977607
-19453.125000,-174.975597
-19441.406250,-174.973569
-19429.687500,-174.971562
-19417.968750,-174.969515
-19406.250000,-174.967482
-19394.531250,-174.965441
-19382.812500,-174.963398
-19371.093750,-174.961344
-19359.375000,-174.959276
-19347.656250,-174.957215
-19335.937500,-174.955155
-19324.218750,-174.953075
-19312.500000,-174.950999
-19300.781250,-174.948874
-19289.062500,-174.946818
-19277.343750,-174.944723
-19265.625000,-174.942625
-19253.906250,-174.940519
-19242.187500,-174.938412
-19230.468750,-174.936324
-19218.750000,-174.934177
-19207.031250,-174.932045
-19195.312500,-174.929905
-19183.593750,-174.927780
-19171.875000,-174.925638
-19160.156250,-174.923487
-19148.437500,-174.921318
-19136.718750,-174.919172
-19125.000000,-174.917014
-19113.281250,-174.914837
-19101.562500,-174.912657
-19089.843750,-174.910479
-19078.125000,-174.908294
-19066.406250,-174.906103
-19054.687500,-174.903904
-19042.968750,-174.901698
-19031.250000,-174.899497
-19019.531250,-174.897282
-19007.812500,-174.895053
-18996.093750,-174.892840
-18984.375000,-174.890619
-18972.656250,-174.888376
-18960.937500,-174.886137
-18949.218750,-174.883886
-18937.500000,-174.881587
-18925.781250,-174.879386
-18914.062500,-174.877126
-18902.343750,-174.874851
-18890.625000,-174.872583
-18878.906250,-174.870296
-18867.187500,-174.868019
-18855.468750,-174.865706
-18843.750000,-174.863456
-18832.031250,-174.861126
-18820.312500,-174.858820
-18808.593750,-174.856534
-18796.875000,-174.854209
-18785.156250,-174.851879
-18773.437500,-174.849553
-18761.718750,-174.847344
-18750.000000,-174.844907
-18738.281250,-174.842529
-18726.562500,-174.840185
-18714.843750,-174.837833
-18703.125000,-174.835460
-18691.406250,-174.833101
-18679.687500,-174.830729
-18667.968750,-174.828359
-18656.250000,-174.825957
-18644.531250,-174.823585
-18632.812500,-174.821190
-18621.093750,-174.818790
-18609.375000,-174.816387
-18597.656250,-174.813980
-18585.937500,-174.811565
-18574.218750,-174.809139
-18562.500000,-174.806718
-18550.781250,-174.804282
-18539.062500,-174.801844
-18527.343750,-174.799397
-18515.625000,-174.796945
-18503.906250,-174.794507
-18492.187500,-174.792033
-18480.468750,-174.789582
-18468.750000,-174.787100
-18457.031250,-174.784621
-18445.312500,-174.782138
-18433.593750,-174.779650
-18421.875000,-174.777155
-18410.156250,-174.774660
-18398.437500,-174.772153
-18386.718750,-174.769641
-18375.000000,-174.767122
-18363.281250,-174.764601
-18351.562500,-174.762072
-18339.843750,-174.759544
-18328.125000,-174.757002
-18316.406250,-174.754452
-18304.687500,-174.751907
-18292.968750,-174.749344
-18281.250000,-174.746781
-18269.531250,-174.744219
-18257.812500,-174.741646
-18246.093750,-174.739071
-18234.375000,-174.736481
-18222.656250,-174.733893
-18210.937500,-174.731295
-18199.218750,-174.728692
-18187.500000,-174.726085
-18175.781250,-174.723467
-18164.062500,-174.720850
-18152.343750,-174.718227
-18140.625000,-174.715594
-18128.906250,-174.712960
-18117.187500,-174.710265
-18105.468750,-174.707665
-18093.750000,-174.705020
-18082.031250,-174.702352
-18070.312500,-174.699687
-18058.593750,-174.697013
-18046.875000,-174.694344
-18035.156250,-174.691657
-18023.437500,-174.688963
-18011.718750,-174.686265
-18000.000000,-174.683567
-17988.281250,-174.680864
-17976.562500,-174.678152
-17964.843750,-174.675427
-17953.125000,-174.672707
-17941.406250,-174.669967
-17929.687500,-174.667240
-17917.968750,-174.664495
-17906.250000,-174.661752
-17894.531250,-174.658986
-17882.812500,-174.656237
-17871.093750,-174.653467
-17859.375000,-174.650701
-17847.656250,-174.647922
-17835.937500,-174.645143
-17824.218750,-174.642349
-17812.500000,-174.639548
-17800.781250,-174.636752
-17789.062500,-174.633943
-17777.343750,-174.631125
-17765.625000,-174.628307
-17753.906250,-174.625482
-17742.187500,-174.622641
-17730.468750,-174.619814
-17718.750000,-174.616974
-17707.031250,-174.614125
-17695.312500,-174.611254
-17683.593750,-174.608404
-17671.875000,-174.605539
-17660.156250,-174.602662
-17648.437500,-174.599782
-17636.718750,-174.596894
-17625.000000,-174.593999
-17613.281250,-174.591100
-17601.562500,-174.588169
-17589.843750,-174.585289
-17578.125000,-174.582364
-17566.406250,-174.579451
-17554.687500,-174.576519
-17542.968750,-174.573594
-17531.250000,-174.570641
-17519.531250,-174.567686
-17507.812500,-174.564738
-17496.093750,-174.561777
-17484.375000,-174.558812
-17472.656250,-174.555836
-17460.937500,-174.552859
-17449.218750,-174.549873
-17437.500000,-174.546882
-17425.781250,-174.543885
-17414.062500,-174.540880
-17402.343750,-174.537870
-17390.625000,-174.534859
-17378.906250,-174.531831
-17367.187500,-174.528801
-17355.468750,-174.525767
-17343.750000,-174.522719
-17332.031250,-174.519670
-17320.312500,-174.516622
-17308.593750,-174.513562
-17296.875000,-174.510493
-17285.156250,-174.507420
-17273.437500,-174.504338
-17261.718750,-174.501255
-17250.000000,-174.498153
-17238.281250,-174.495063
-17226.562500,-174.491965
-17214.843750,-174.488845
-17203.125000,-174.485731
-17191.406250,-174.482611
-17179.687500,-174.479470
-17167.968750,-174.476214
-17156.250000,-174.473188
-17144.531250,-174.470002
-17132.812500,-174.466877
-17121.093750,-174.463718
-17109.375000,-174.460545
-17097.656250,-174.457367
-17085.937500,-174.454187
-17074.218750,-174.451001
-17062.500000,-174.447809
-17050.781250,-174.444585
-17039.062500,-174.441386
-17027.343750,-174.438173
-17015.625000,-174.434946
-17003.906250,-174.431722
-16992.187500,-174.428487
-16980.468750,-174.425243
-16968.750000,-174.421994
-16957.031250,-174.418734
-16945.312500,-174.415476
-16933.593750,-174.412206
-16921.875000,-174.408938
-16910.156250,-174.405648
-16898.437500,-174.402358
-16886.718750,-174.399070
-16875.000000,-174.395771
-16863.281250,-174.392458
-16851.562500,-174.389136
-16839.843750,-174.385817
-16828.125000,-174.382483
-16816.406250,-174.379156
-16804.687500,-174.375811
-16792.968750,-174.372464
-16781.250000,-174.369104
-16769.531250,-174.365751
-16757.812500,-174.362375
-16746.093750,-174.359000
-16734.375000,-174.355614
-16722.656250,-174.352227
-16710.937500,-174.348812
-16699.218750,-174.345421
-16687.500000,-174.342025
-16675.781250,-174.338603
-16664.062500,-174.335173
-16652.343750,-174.331748
-16640.625000,-174.328308
-16628.906250,-174.324866
-16617.187500,-174.321411
-16605.468750,-174.317957
-16593.750000,-174.314489
-16582.031250,-174.311023
-16570.312500,-174.307540
-16558.593750,-174.304059
-16546.875000,-174.300566
-16535.156250,-174.297061
-16523.437500,-174.293560
-16511.718750,-174.290058
-16500.000000,-174.286533
-16488.281250,-174.282999
-16476.562500,-174.279465
-16464.843750,-174.275925
-16453.125000,-174.272352
-16441.406250,-174.268824
-16429.687500,-174.265257
-16417.968750,-174.261691
-16406.250000,-174.258116
-16394.531250,-174.254533
-16382.812500,-174.250940
-16371.093750,-174.247347
-16359.375000,-174.243741
-16347.656250,-174.240138
-16335.937500,-174.236514
-16324.218750,-174.232886
-16312.500000,-174.229264
-16300.781250,-174.225622
-16289.062500,-174.221972
-16277.343750,-174.218315
-16265.625000,-174.214661
-16253.906250,-174.211008
-16242.187500,-174.207319
-16230.468750,-174.203635
-16218.750000,-174.199945
-16207.031250,-174.196255
-16195.312500,-174.192542
-16183.593750,-174.188842
-16171.875000,-174.185121
-16160.156250,-174.181401
-16148.437500,-174.177670
-16136.718750,-174.173930
-16125.000000,-174.170185
-16113.281250,-174.166430
-16101.562500,-174.162675
-16089.843750,-174.158910
-16078.125000,-174.155127
-16066.406250,-174.151349
-16054.687500,-174.147564
-16042.968750,-174.143764
-16031.250000,-174.139967
-16019.531250,-174.136150
-16007.812500,-174.132332
-15996.093750,-174.128507
-15984.375000,-174.124674
-15972.656250,-174.120503
-15960.937500,-174.116995
-15949.218750,-174.113141
-15937.500000,-174.109289
-15925.781250,-174.105409
-15914.062500,-174.101487
-15902.343750,-174.097651
-15890.625000,-174.093761
-15878.906250,-174.089868
-15867.187500,-174.085962
-15855.468750,-174.082062
-15843.750000,-174.078132
-15832.031250,-174.074205
-15820.312500,-174.070275
-15808.593750,-174.066333
-15796.875000,-174.062388
-15785.156250,-174.058431
-15773.437500,-174.054478
-15761.718750,-174.050501
-15750.000000,-174.046511
-15738.281250,-174.042531
-15726.562500,-174.038557
-15714.843750,-174.034548
-15703.125000,-174.030535
-15691.406250,-174.026523
-15679.687500,-174.022505
-15667.968750,-174.018471
-15656.250000,-174.014430
-15644.531250,-174.010394
-15632.812500,-174.006347
-15621.093750,-174.002291
-15609.375000,-173.998220
-15597.656250,-173.994151
-15585.937500,-173.990079
-15574.218750,-173.985984
-15562.500000,-173.981897
-15550.781250,-173.977783
-15539.062500,-173.973673
-15527.343750,-173.969562
-15515.625000,-173.965443
-15503.906250,-173.961305
-15492.187500,-173.957169
-15480.468750,-173.953025
-15468.750000,-173.948870
-15457.031250,-173.944711
-15445.312500,-173.940540
-15433.593750,-173.936376
-15421.875000,-173.932175
-15410.156250,-173.927989
-15398.437500,-173.923791
-15386.718750,-173.919576
-15375.000000,-173.915378
-15363.281250,-173.911148
-15351.562500,-173.906926
-15339.843750,-173.902692
-15328.125000,-173.898446
-15316.406250,-173.894200
-15304.687500,-173.889938
-15292.968750,-173.885666
-15281.250000,-173.881403
-15269.531250,-173.877119
-15257.812500,-173.872837
-15246.093750,-173.868537
-15234.375000,-173.864240
-15222.656250,-173.859926
-15210.937500,-173.855616
-15199.218750,-173.851289
-15187.500000,-173.846953
-15175.781250,-173.842605
-15164.062500,-173.838271
-15152.343750,-173.833917
-15140.625000,-173.829557
-15128.906250,-173.825191
-15117.187500,-173.820808
-15105.468750,-173.816430
-15093.750000,-173.812012
-15082.031250,-173.807644
-15070.312500,-173.803227
-15058.593750,-173.798818
-15046.875000,-173.794396
-15035.156250,-173.789970
-15023.437500,-173.785527
-15011.718750,-173.781132
-15000.000000,-173.776797
-14988.281250,-173.772181
-14976.562500,-173.767711
-14964.843750,-173.763260
-14953.125000,-173.758760
-14941.406250,-173.754280
-14929.687500,-173.749775
-14917.968750,-173.745277
-14906.250000,-173.740764
-14894.531250,-173.736234
-14882.812500,-173.731728
-14871.093750,-173.727190
-14859.375000,-173.722650
-14847.656250,-173.718106
-14835.937500,-173.713538
-14824.218750,-173.708987
-14812.500000,-173.704432
-14800.781250,-173.699844
-14789.062500,-173.695256
-14777.343750,-173.690656
-14765.625000,-173.686058
-14753.906250,-173.681452
-14742.187500,-173.676845
-14730.468750,-173.672217
-14718.750000,-173.667587
-14707.031250,-173.662953
-14695.312500,-173.658311
-14683.593750,-173.653657
-14671.875000,-173.648995
-14660.156250,-173.644328
-14648.437500,-173.639648
-14636.718750,-173.634978
-14625.000000,-173.630285
-14613.281250,-173.625590
-14601.562500,-173.620884
-14589.843750,-173.616172
-14578.125000,-173.611443
-14566.406250,-173.606725
-14554.687500,-173.601993
-14542.968750,-173.597253
-14531.250000,-173.592501
-14519.531250,-173.587748
-14507.812500,-173.582978
-14496.093750,-173.578208
-14484.375000,-173.573436
-14472.656250,-173.568649
-14460.937500,-173.563852
-14449.218750,-173.559047
-14437.500000,-173.554239
-14425.781250,-173.549427
-14414.062500,-173.544604
-14402.343750,-173.539769
-14390.625000,-173.534930
-14378.906250,-173.530078
-14367.187500,-173.525230
-14355.468750,-173.520383
-14343.750000,-173.515573
-14332.031250,-173.510635
-14320.312500,-173.505747
-14308.593750,-173.500865
-14296.875000,-173.495959
-14285.156250,-173.491052
-14273.437500,-173.486134
-14261.718750,-173.481222
-14250.000000,-173.476288
-14238.281250,-173.471356
-14226.562500,-173.466401
-14214.843750,-173.461455
-14203.125000,-173.456502
-14191.406250,-173.451538
-14179.687500,-173.446569
-14167.968750,-173.441586
-14156.250000,-173.436602
-14144.531250,-173.431600
-14132.812500,-173.426596
-14121.093750,-173.421594
-14109.375000,-173.416583
-14097.656250,-173.411555
-14085.937500,-173.406514
-14074.218750,-173.401476
-14062.500000,-173.396400
-14050.781250,-173.391375
-14039.062500,-173.386314
-14027.343750,-173.381239
-14015.625000,-173.376164
-14003.906250,-173.371078
-13992.187500,-173.365985
-13980.468750,-173.360888
-13968.750000,-173.355780
-13957.031250,-173.350667
-13945.312500,-173.345542
-13933.593750,-173.340414
-13921.875000,-173.335273
-13910.156250,-173.330137
-13898.437500,-173.324986
-13886.718750,-173.319802
-13875.000000,-173.314655
-13863.281250,-173.309475
-13851.562500,-173.304290
-13839.843750,-173.299105
-13828.125000,-173.293904
-13816.406250,-173.288703
-13804.687500,-173.283486
-13792.968750,-173.278267
-13781.250000,-173.273043
-13769.531250,-173.267806
-13757.812500,-173.262562
-13746.093750,-173.257315
-13734.375000,-173.252060
-13722.656250,-173.246794
-13710.937500,-173.241521
-13699.218750,-173.236241
-13687.500000,-173.230953
-13675.781250,-173.225656
-13664.062500,-173.220353
-13652.343750,-173.215039
-13640.625000,-173.209722
-13628.906250,-173.204401
-13617.187500,-173.199067
-13605.468750,-173.193725
-13593.750000,-173.188374
-13582.031250,-173.183022
-13570.312500,-173.177645
-13558.593750,-173.172265
-13546.875000,-173.166899
-13535.156250,-173.161518
-13523.437500,-173.156126
-13511.718750,-173.150724
-13500.000000,-173.145317
-13488.281250,-173.139902
-13476.562500,-173.134473
-13464.843750,-173.129036
-13453.125000,-173.123593
-13441.406250,-173.118134
-13429.687500,-173.112697
-13417.968750,-173.107232
-13406.250000,-173.101759
-13394.531250,-173.096283
-13382.812500,-173.090798
-13371.093750,-173.085299
-13359.375000,-173.079801
-13347.656250,-173.074290
-13335.937500,-173.068775
-13324.218750,-173.063258
-13312.500000,-173.057710
-13300.781250,-173.052177
-13289.062500,-173.046617
-13277.343750,-173.041074
-13265.625000,-173.035497
-13253.906250,-173.029936
-13242.187500,-173.024358
-13230.468750,-173.018770
-13218.750000,-173.013173
-13207.031250,-173.007574
-13195.312500,-173.001960
-13183.593750,-172.996340
-13171.875000,-172.990717
-13160.156250,-172.985079
-13148.437500,-172.979438
-13136.718750,-172.973789
-13125.000000,-172.968132
-13113.281250,-172.962466
-13101.562500,-172.956798
-13089.843750,-172.951113
-13078.125000,-172.945422
-13066.406250,-172.939727
-13054.687500,-172.934021
-13042.968750,-172.928300
-13031.250000,-172.922582
-13019.531250,-172.916850
-13007.812500,-172.911111
-12996.093750,-172.905369
-12984.375000,-172.899613
-12972.656250,-172.893852
-12960.937500,-172.888074
-12949.218750,-172.882304
-12937.500000,-172.876514
-12925.781250,-172.870722
-12914.062500,-172.864901
-12902.343750,-172.859108
-12890.625000,-172.853296
-12878.906250,-172.847466
-12867.187500,-172.841624
-12855.468750,-172.835782
-12843.750000,-172.829919
-12832.031250,-172.824073
-12820.312500,-172.818205
-12808.593750,-172.812324
-12796.875000,-172.806442
-12785.156250,-172.800547
-12773.437500,-172.794647
-12761.718750,-172.788732
-12750.000000,-172.782817
-12738.281250,-172.776876
-12726.562500,-172.770960
-12714.843750,-172.765033
-12703.125000,-172.759057
-12691.406250,-172.753105
-12679.687500,-172.747137
-12667.968750,-172.741219
-12656.250000,-172.735173
-12644.531250,-172.729183
-12632.812500,-172.723183
-12621.093750,-172.717164
-12609.375000,-172.711143
-12597.656250,-172.705119
-12585.937500,-172.699082
-12574.218750,-172.693012
-12562.500000,-172.686987
-12550.781250,-172.680922
-12539.062500,-172.674854
-12527.343750,-172.668761
-12515.625000,-172.662680
-12503.906250,-172.656584
-12492.187500,-172.650475
-12480.468750,-172.644359
-12468.750000,-172.638232
-12457.031250,-172.632104
-12445.312500,-172.625963
-12433.593750,-172.619836
-12421.875000,-172.613650
-12410.156250,-172.607482
-12398.437500,-172.601308
-12386.718750,-172.595126
-12375.000000,-172.588927
-12363.281250,-172.582723
-12351.562500,-172.576516
-12339.843750,-172.570286
-12328.125000,-172.564069
-12316.406250,-172.557812
-12304.687500,-172.551564
-12292.968750,-172.545306
-12281.250000,-172.539039
-12269.531250,-172.532758
-12257.812500,-172.526485
-12246.093750,-172.520129
-12234.375000,-172.513877
-12222.656250,-172.507561
-12210.937500,-172.501236
-12199.218750,-172.494908
-12187.500000,-172.488564
-12175.781250,-172.482214
-12164.062500,-172.475851
-12152.343750,-172.469483
-12140.625000,-172.463104
-12128.906250,-172.456713
-12117.187500,-172.450325
-12105.468750,-172.443907
-12093.750000,-172.437488
-12082.031250,-172.431066
-12070.312500,-172.424624
-12058.593750,-172.418182
-12046.875000,-172.411711
-12035.156250,-172.405262
-12023.437500,-172.398778
-12011.718750,-172.392291
-12000.000000,-172.385801
-11988.281250,-172.379291
-11976.562500,-172.372776
-11964.843750,-172.366255
-11953.125000,-172.359720
-11941.406250,-172.353175
-11929.687500,-172.346623
-11917.968750,-172.340055
-11906.250000,-172.333480
-11894.531250,-172.326898
-11882.812500,-172.320300
-11871.093750,-172.313685
-11859.375000,-172.307077
-11847.656250,-172.300459
-11835.937500,-172.293820
-11824.218750,-172.287174
-11812.500000,-172.280543
-11800.781250,-172.273855
-11789.062500,-172.267180
-11777.343750,-172.260493
-11765.625000,-172.253801
-11753.906250,-172.247087
-11742.187500,-172.240371
-11730.468750,-172.233643
-11718.750000,-172.226904
-11707.031250,-172.220151
-11695.312500,-172.213367
-11683.593750,-172.206625
-11671.875000,-172.199843
-11660.156250,-172.193052
-11648.437500,-172.186252
-11636.718750,-172.179433
-11625.000000,-172.172612
-11613.281250,-172.165775
-11601.562500,-172.158932
-11589.843750,-172.152076
-11578.125000,-172.145209
-11566.406250,-172.138330
-11554.687500,-172.131444
-11542.968750,-172.124536
-11531.250000,-172.117628
-11519.531250,-172.110707
-11507.812500,-172.103774
-11496.093750,-172.096831
-11484.375000,-172.089879
-11472.656250,-172.082906
-11460.937500,-172.075928
-11449.218750,-172.068945
-11437.500000,-172.061924
-11425.781250,-172.054929
-11414.062500,-172.047906
-11402.343750,-172.040877
-11390.625000,-172.033822
-11378.906250,-172.026763
-11367.187500,-172.019688
-11355.468750,-172.012615
-11343.750000,-172.005535
-11332.031250,-171.998419
-11320.312500,-171.991317
-11308.593750,-171.984185
-11296.875000,-171.977047
-11285.156250,-171.969898
-11273.437500,-171.962741
-11261.718750,-171.955561
-11250.000000,-171.948384
-11238.281250,-171.941182
-11226.562500,-171.933972
-11214.843750,-171.926756
-11203.125000,-171.919523
-11191.406250,-171.912276
-11179.687500,-171.905019
-11167.968750,-171.897755
-11156.250000,-171.890461
-11144.531250,-171.883186
-11132.812500,-171.875890
-11121.093750,-171.868559
-11109.375000,-171.861223
-11097.656250,-171.853884
-11085.937500,-171.846548
-11074.218750,-171.839169
-11062.500000,-171.831788
-11050.781250,-171.824401
-11039.062500,-171.817000
-11027.343750,-171.809585
-11015.625000,-171.802155
-11003.906250,-171.794715
-10992.187500,-171.787259
-10980.468750,-171.779794
-10968.750000,-171.772322
-10957.031250,-171.764829
-10945.312500,-171.757325
-10933.593750,-171.749811
-10921.875000,-171.742268
-10910.156250,-171.734745
-10898.437500,-171.727188
-10886.718750,-171.719621
-10875.000000,-171.712040
-10863.281250,-171.704449
-10851.562500,-171.696846
-10839.843750,-171.689228
-10828.125000,-171.681594
-10816.406250,-171.673951
-10804.687500,-171.666305
-10792.968750,-171.658625
-10781.250000,-171.650943
-10769.531250,-171.643244
-10757.812500,-171.635537
-10746.093750,-171.627810
-10734.375000,-171.620079
-10722.656250,-171.612332
-10710.937500,-171.604574
-10699.218750,-171.596791
-10687.500000,-171.589006
-10675.781250,-171.581206
-10664.062500,-171.573384
-10652.343750,-171.565556
-10640.625000,-171.557716
-10628.906250,-171.549861
-10617.187500,-171.541993
-10605.468750,-171.534119
-10593.750000,-171.526209
-10582.031250,-171.518301
-10570.312500,-171.510387
-10558.593750,-171.502437
-10546.875000,-171.494493
-10535.156250,-171.486532
-10523.437500,-171.478550
-10511.718750,-171.470564
-10500.000000,-171.462558
-10488.281250,-171.454536
-10476.562500,-171.446504
-10464.843750,-171.438460
-10453.125000,-171.430383
-10441.406250,-171.422323
-10429.687500,-171.414240
-10417.968750,-171.406134
-10406.250000,-171.398015
-10394.531250,-171.389884
-10382.812500,-171.381746
-10371.093750,-171.373582
-10359.375000,-171.365423
-10347.656250,-171.357227
-10335.937500,-171.349026
-10324.218750,-171.340801
-10312.500000,-171.332582
-10300.781250,-171.324345
-10289.062500,-171.316087
-10277.343750,-171.307812
-10265.625000,-171.299517
-10253.906250,-171.291233
-10242.187500,-171.282915
-10230.468750,-171.274591
-10218.750000,-171.266245
-10207.031250,-171.257895
-10195.312500,-171.249527
-10183.593750,-171.241132
-10171.875000,-171.232737
-10160.156250,-171.224326
-10148.437500,-171.215900
-10136.718750,-171.207458
-10125.000000,-171.199000
-10113.281250,-171.190533
-10101.562500,-171.182048
-10089.843750,-171.173548
-10078.125000,-171.165004
-10066.406250,-171.156515
-10054.687500,-171.147954
-10042.968750,-171.139405
-10031.250000,-171.130836
-10019.531250,-171.122252
-10007.812500,-171.113640
-9996.093750,-171.105034
-9984.375000,-171.096402
-9972.656250,-171.087763
-9960.937500,-171.079097
-9949.218750,-171.070425
-9937.500000,-171.061736
-9925.781250,-171.053036
-9914.062500,-171.044314
-9902.343750,-171.035589
-9890.625000,-171.026840
-9878.906250,-171.018080
-9867.187500,-171.009301
-9855.468750,-171.000510
-9843.750000,-170.991705
-9832.031250,-170.982887
-9820.312500,-170.974050
-9808.593750,-170.965198
-9796.875000,-170.956336
-9785.156250,-170.947468
-9773.437500,-170.938570
-9761.718750,-170.929660
-9750.000000,-170.920743
-9738.281250,-170.911800
-9726.562500,-170.902847
-9714.843750,-170.893881
-9703.125000,-170.884906
-9691.406250,-170.875899
-9679.687500,-170.866897
-9667.968750,-170.857857
-9656.250000,-170.848831
-9644.531250,-170.839776
-9632.812500,-170.830709
-9621.093750,-170.821623
-9609.375000,-170.812529
-9597.656250,-170.803417
-9585.937500,-170.794289
-9574.218750,-170.785141
-9562.500000,-170.775990
-9550.781250,-170.766819
-9539.062500,-170.757631
-9527.343750,-170.748442
-9515.625000,-170.739215
-9503.906250,-170.729986
-9492.187500,-170.720743
-9480.468750,-170.711485
-9468.750000,-170.702212
-9457.031250,-170.692916
-9445.312500,-170.683618
-9433.593750,-170.674290
-9421.875000,-170.664969
-9410.156250,-170.655626
-9398.437500,-170.646265
-9386.718750,-170.636890
-9375.000000,-170.627499
-9363.281250,-170.618097
-9351.562500,-170.608677
-9339.843750,-170.599247
-9328.125000,-170.589798
-9316.406250,-170.580336
-9304.687500,-170.570856
-9292.968750,-170.561374
-9281.250000,-170.551868
-9269.531250,-170.542348
-9257.812500,-170.532820
-9246.093750,-170.523267
-9234.375000,-170.513709
-9222.656250,-170.504130
-9210.937500,-170.494544
-9199.218750,-170.484937
-9187.500000,-170.475322
-9175.781250,-170.465694
-9164.062500,-170.456046
-9152.343750,-170.446383
-9140.625000,-170.436697
-9128.906250,-170.427016
-9117.187500,-170.417316
-9105.468750,-170.407599
-9093.750000,-170.397866
-9082.031250,-170.388122
-9070.312500,-170.378364
-9058.593750,-170.368592
-9046.875000,-170.358808
-9035.156250,-170.349009
-9023.437500,-170.339195
-9011.718750,-170.329365
-9000.000000,-170.319526
-8988.281250,-170.309669
-8976.562500,-170.299802
-8964.843750,-170.289928
-8953.125000,-170.280022
-8941.406250,-170.270116
-8929.687500,-170.260193
-8917.968750,-170.250260
-8906.250000,-170.240311
-8894.531250,-170.230349
-8882.812500,-170.220372
-8871.093750,-170.210384
-8859.375000,-170.200377
-8847.656250,-170.190364
-8835.937500,-170.180338
-8824.218750,-170.170296
-8812.500000,-170.160191
-8800.781250,-170.150119
-8789.062500,-170.140083
-8777.343750,-170.129994
-8765.625000,-170.119889
-8753.906250,-170.109770
-8742.187500,-170.099634
-8730.468750,-170.089488
-8718.750000,-170.079338
-8707.031250,-170.069159
-8695.312500,-170.058976
-8683.593750,-170.048781
-8671.875000,-170.038570
-8660.156250,-170.028352
-8648.437500,-170.018102
-8636.718750,-170.007869
-8625.000000,-169.997609
-8613.281250,-169.987344
-8601.562500,-169.977059
-8589.843750,-169.966763
-8578.125000,-169.956453
-8566.406250,-169.946135
-8554.687500,-169.935804
-8542.968750,-169.925461
-8531.250000,-169.915106
-8519.531250,-169.904734
-8507.812500,-169.894357
-8496.093750,-169.883966
-8484.375000,-169.873565
-8472.656250,-169.863151
-8460.937500,-169.852726
-8449.218750,-169.842283
-8437.500000,-169.831843
-8425.781250,-169.821376
-8414.062500,-169.810906
-8402.343750,-169.800423
-8390.625000,-169.789926
-8378.906250,-169.779422
-8367.187500,-169.768908
-8355.468750,-169.758381
-8343.750000,-169.747845
-8332.031250,-169.737292
-8320.312500,-169.726729
-8308.593750,-169.716160
-8296.875000,-169.705570
-8285.156250,-169.694986
-8273.437500,-169.684380
-8261.718750,-169.673766
-8250.000000,-169.663144
-8238.281250,-169.652510
-8226.562500,-169.641866
-8214.843750,-169.631213
-8203.125000,-169.620545
-8191.406250,-169.609867
-8179.687500,-169.599184
-8167.968750,-169.588491
-8156.250000,-169.577784
-8144.531250,-169.567069
-8132.812500,-169.556344
-8121.093750,-169.545606
-8109.375000,-169.534865
-8097.656250,-169.524108
-8085.937500,-169.513346
-8074.218750,-169.502573
-8062.500000,-169.491784
-8050.781250,-169.481054
-8039.062500,-169.470196
-8027.343750,-169.459394
-8015.625000,-169.448573
-8003.906250,-169.437744
-7992.187500,-169.426910
-7980.468750,-169.416056
-7968.750000,-169.405208
-7957.031250,-169.394348
-7945.312500,-169.383478
-7933.593750,-169.372596
-7921.875000,-169.361712
-7910.156250,-169.350811
-7898.437500,-169.339907
-7886.718750,-169.328998
-7875.000000,-169.318075
-7863.281250,-169.307142
-7851.562500,-169.296203
-7839.843750,-169.285261
-7828.125000,-169.274301
-7816.406250,-169.263348
-7804.687500,-169.252382
-7792.968750,-169.241412
-7781.250000,-169.230429
-7769.531250,-169.219430
-7757.812500,-169.208431
-7746.093750,-169.197433
-7734.375000,-169.186420
-7722.656250,-169.175402
-7710.937500,-169.164377
-7699.218750,-169.153354
-7687.500000,-169.142301
-7675.781250,-169.131259
-7664.062500,-169.120208
-7652.343750,-169.109142
-7640.625000,-169.098085
-7628.906250,-169.087014
-7617.187500,-169.075931
-7605.468750,-169.064852
-7593.750000,-169.053759
-7582.031250,-169.042664
-7570.312500,-169.031566
-7558.593750,-169.020454
-7546.875000,-169.009340
-7535.156250,-168.998246
-7523.437500,-168.987113
-7511.718750,-168.975965
-7500.000000,-168.964835
-7488.281250,-168.953689
-7476.562500,-168.942547
-7464.843750,-168.931399
-7453.125000,-168.920242
-7441.406250,-168.909086
-7429.687500,-168.897919
-7417.968750,-168.886744
-7406.250000,-168.875556
-7394.531250,-168.864394
-7382.812500,-168.853211
-7371.093750,-168.842018
-7359.375000,-168.830831
-7347.656250,-168.819633
-7335.937500,-168.808436
-7324.218750,-168.797228
-7312.500000,-168.786024
-7300.781250,-168.774812
-7289.062500,-168.763599
-7277.343750,-168.752376
-7265.625000,-168.741156
-7253.906250,-168.729929
-7242.187500,-168.718702
-7230.468750,-168.707469
-7218.750000,-168.696232
-7207.031250,-168.684998
-7195.312500,-168.673756
-7183.593750,-168.662509
-7171.875000,-168.651269
-7160.156250,-168.640015
-7148.437500,-168.628767
-7136.718750,-168.617510
-7125.000000,-168.606254
-7113.281250,-168.594998
-7101.562500,-168.583737
-7089.843750,-168.572474
-7078.125000,-168.561210
-7066.406250,-168.549940
-7054.687500,-168.538674
-7042.968750,-168.527404
-7031.250000,-168.516134
-7019.531250,-168.504860
-7007.812500,-168.493586
-6996.093750,-168.482314
-6984.375000,-168.471037
-6972.656250,-168.459757
-6960.937500,-168.448477
-6949.218750,-168.437198
-6937.500000,-168.425917
-6925.781250,-168.414616
-6914.062500,-168.403352
-6902.343750,-168.392078
-6890.625000,-168.380796
-6878.906250,-168.369515
-6867.187500,-168.358231
-6855.468750,-168.346950
-6843.750000,-168.335669
-6832.031250,-168.324388
-6820.312500,-168.313102
-6808.593750,-168.301819
-6796.875000,-168.290537
-6785.156250,-168.279260
-6773.437500,-168.267980
-6761.718750,-168.256704
-6750.000000,-168.245426
-6738.281250,-168.234141
-6726.562500,-168.222869
-6714.843750,-168.211593
-6703.125000,-168.200318
-6691.406250,-168.189048
-6679.687500,-168.177777
-6667.968750,-168.166468
-6656.250000,-168.155242
-6644.531250,-168.143971
-6632.812500,-168.132708
-6621.093750,-168.121444
-6609.375000,-168.110182
-6597.656250,-168.098928
-6585.937500,-168.087666
-6574.218750,-168.076418
-6562.500000,-168.065166
-6550.781250,-168.053917
-6539.062500,-168.042685
-6527.343750,-168.031431
-6515.625000,-168.020188
-6503.906250,-168.008951
-6492.187500,-167.997716
-6480.468750,-167.986484
-6468.750000,-167.975221
-6457.031250,-167.964026
-6445.312500,-167.952811
-6433.593750,-167.941590
-6421.875000,-167.930376
-6410.156250,-167.919164
-6398.437500,-167.907963
-6386.718750,-167.896720
-6375.000000,-167.885558
-6363.281250,-167.874363
-6351.562500,-167.863171
-6339.843750,-167.851988
-6328.125000,-167.840805
-6316.406250,-167.829628
-6304.687500,-167.818457
-6292.968750,-167.807292
-6281.250000,-167.796126
-6269.531250,-167.784974
-6257.812500,-167.773815
-6246.093750,-167.762671
-6234.375000,-167.751521
-6222.656250,-167.740385
-6210.937500,-167.729253
-6199.218750,-167.718128
-6187.500000,-167.707029
-6175.781250,-167.695885
-6164.062500,-167.684781
-6152.343750,-167.673679
-6140.625000,-167.662579
-6128.906250,-167.651488
-6117.187500,-167.640401
-6105.468750,-167.629320
-6093.750000,-167.618254
-6082.031250,-167.607187
-6070.312500,-167.596117
-6058.593750,-167.585064
-6046.875000,-167.574020
-6035.156250,-167.562982
-6023.437500,-167.551954
-6011.718750,-167.540922
-6000.000000,-167.529908
-5988.281250,-167.518895
-5976.562500,-167.507892
-5964.843750,-167.496892
-5953.125000,-167.485910
-5941.406250,-167.474918
-5929.687500,-167.463937
-5917.968750,-167.452980
-5906.250000,-167.442021
-5894.531250,-167.431071
-5882.812500,-167.420121
-5871.093750,-167.409192
-5859.375000,-167.398273
-5847.656250,-167.387347
-5835.937500,-167.376437
-5824.218750,-167.365534
-5812.500000,-167.354642
-5800.781250,-167.343759
-5789.062500,-167.332886
-5777.343750,-167.322017
-5765.625000,-167.311163
-5753.906250,-167.300321
-5742.187500,-167.289475
-5730.468750,-167.278646
-5718.750000,-167.267828
-5707.031250,-167.257012
-5695.312500,-167.246212
-5683.593750,-167.235421
-5671.875000,-167.224636
-5660.156250,-167.213865
-5648.437500,-167.203101
-5636.718750,-167.192351
-5625.000000,-167.181613
-5613.281250,-167.170875
-5601.562500,-167.160147
-5589.843750,-167.149436
-5578.125000,-167.138743
-5566.406250,-167.128046
-5554.687500,-167.117365
-5542.968750,-167.106702
-5531.250000,-167.096043
-5519.531250,-167.085389
-5507.812500,-167.074752
-5496.093750,-167.064124
-5484.375000,-167.053508
-5472.656250,-167.042906
-5460.937500,-167.032309
-5449.218750,-167.021728
-5437.500000,-167.011155
-5425.781250,-167.000598
-5414.062500,-166.990054
-5402.343750,-166.979518
-5390.625000,-166.968990
-5378.906250,-166.958481
-5367.187500,-166.947980
-5355.468750,-166.937503
-5343.750000,-166.927039
-5332.031250,-166.916551
-5320.312500,-166.906098
-5308.593750,-166.895662
-5296.875000,-166.885383
-5285.156250,-166.874814
-5273.437500,-166.864414
-5261.718750,-166.854027
-5250.000000,-166.843650
-5238.281250,-166.833277
-5226.562500,-166.822940
-5214.843750,-166.812599
-5203.125000,-166.802272
-5191.406250,-166.791965
-5179.687500,-166.781587
-5167.968750,-166.771379
-5156.250000,-166.761106
-5144.531250,-166.750847
-5132.812500,-166.740608
-5121.093750,-166.730374
-5109.375000,-166.720155
-5097.656250,-166.709950
-5085.937500,-166.699760
-5074.218750,-166.689584
-5062.500000,-166.679421
-5050.781250,-166.669277
-5039.062500,-166.659144
-5027.343750,-166.649023
-5015.625000,-166.638920
-5003.906250,-166.628844
-4992.187500,-166.618748
-4980.468750,-166.608686
-4968.750000,-166.598643
-4957.031250,-166.588608
-4945.312500,-166.578590
-4933.593750,-166.568593
-4921.875000,-166.558595
-4910.156250,-166.548623
-4898.437500,-166.538669
-4886.718750,-166.528726
-4875.000000,-166.518794
-4863.281250,-166.508887
-4851.562500,-166.498985
-4839.843750,-166.489107
-4828.125000,-166.479243
-4816.406250,-166.469389
-4804.687500,-166.459554
-4792.968750,-166.449726
-4781.250000,-166.439927
-4769.531250,-166.430137
-4757.812500,-166.420369
-4746.093750,-166.410616
-4734.375000,-166.400873
-4722.656250,-166.391148
-4710.937500,-166.381439
-4699.218750,-166.371752
-4687.500000,-166.362073
-4675.781250,-166.352414
-4664.062500,-166.342772
-4652.343750,-166.333150
-4640.625000,-166.323539
-4628.906250,-166.313946
-4617.187500,-166.304373
-4605.468750,-166.294810
-4593.750000,-166.285264
-4582.031250,-166.275743
-4570.312500,-166.266233
-4558.593750,-166.256744
-4546.875000,-166.247268
-4535.156250,-166.237815
-4523.437500,-166.228376
-4511.718750,-166.218949
-4500.000000,-166.209548
-4488.281250,-166.200159
-4476.562500,-166.190798
-4464.843750,-166.181439
-4453.125000,-166.172104
-4441.406250,-166.162787
-4429.687500,-166.153486
-4417.968750,-166.144196
-4406.250000,-166.134943
-4394.531250,-166.125700
-4382.812500,-166.116470
-4371.093750,-166.107255
-4359.375000,-166.098067
-4347.656250,-166.088895
-4335.937500,-166.079736
-4324.218750,-166.070606
-4312.500000,-166.061485
-4300.781250,-166.052382
-4289.062500,-166.043303
-4277.343750,-166.034240
-4265.625000,-166.025197
-4253.906250,-166.016170
-4242.187500,-166.007152
-4230.468750,-165.998177
-4218.750000,-165.989208
-4207.031250,-165.980257
-4195.312500,-165.971274
-4183.593750,-165.962412
-4171.875000,-165.953521
-4160.156250,-165.944645
-4148.437500,-165.935702
-4136.718750,-165.926965
-4125.000000,-165.918108
-4113.281250,-165.909344
-4101.562500,-165.900569
-4089.843750,-165.891808
-4078.125000,-165.883068
-4066.406250,-165.874349
-4054.687500,-165.865650
-4042.968750,-165.856969
-4031.250000,-165.848310
-4019.531250,-165.839678
-4007.812500,-165.831046
-3996.093750,-165.822448
-3984.375000,-165.813871
-3972.656250,-165.805303
-3960.937500,-165.796769
-3949.218750,-165.788248
-3937.500000,-165.779746
-3925.781250,-165.771270
-3914.062500,-165.762810
-3902.343750,-165.754373
-3890.625000,-165.745951
-3878.906250,-165.737555
-3867.187500,-165.729174
-3855.468750,-165.720820
-3843.750000,-165.712482
-3832.031250,-165.704163
-3820.312500,-165.695868
-3808.593750,-165.687595
-3796.875000,-165.679337
-3785.156250,-165.671109
-3773.437500,-165.662900
-3761.718750,-165.654702
-3750.000000,-165.646533
-3738.281250,-165.638384
-3726.562500,-165.630257
-3714.843750,-165.622146
-3703.125000,-165.614064
-3691.406250,-165.605998
-3679.687500,-165.597955
-3667.968750,-165.589967
-3656.250000,-165.581931
-3644.531250,-165.573956
-3632.812500,-165.565992
-3621.093750,-165.558053
-3609.375000,-165.550141
-3597.656250,-165.542253
-3585.937500,-165.534375
-3574.218750,-165.526529
-3562.500000,-165.518698
-3550.781250,-165.510889
-3539.062500,-165.503107
-3527.343750,-165.495343
-3515.625000,-165.487607
-3503.906250,-165.479881
-3492.187500,-165.472188
-3480.468750,-165.464508
-3468.750000,-165.456848
-3457.031250,-165.449232
-3445.312500,-165.441617
-3433.593750,-165.434029
-3421.875000,-165.426463
-3410.156250,-165.418929
-3398.437500,-165.411397
-3386.718750,-165.403902
-3375.000000,-165.396429
-3363.281250,-165.388978
-3351.562500,-165.381546
-3339.843750,-165.374140
-3328.125000,-165.366749
-3316.406250,-165.359395
-3304.687500,-165.352050
-3292.968750,-165.344733
-3281.250000,-165.337437
-3269.531250,-165.330124
-3257.812500,-165.322920
-3246.093750,-165.315689
-3234.375000,-165.308487
-3222.656250,-165.301306
-3210.937500,-165.294150
-3199.218750,-165.287016
-3187.500000,-165.279904
-3175.781250,-165.272821
-3164.062500,-165.265749
-3152.343750,-165.258707
-3140.625000,-165.251689
-3128.906250,-165.244694
-3117.187500,-165.237716
-3105.468750,-165.230771
-3093.750000,-165.223845
-3082.031250,-165.216940
-3070.312500,-165.210061
-3058.593750,-165.203207
-3046.875000,-165.196375
-3035.156250,-165.189564
-3023.437500,-165.182780
-3011.718750,-165.176015
-3000.000000,-165.169286
-2988.281250,-165.162565
-2976.562500,-165.155876
-2964.843750,-165.149210
-2953.125000,-165.142565
-2941.406250,-165.135946
-2929.687500,-165.129350
-2917.968750,-165.122777
-2906.250000,-165.116228
-2894.531250,-165.109703
-2882.812500,-165.103200
-2871.093750,-165.096729
-2859.375000,-165.090276
-2847.656250,-165.083848
-2835.937500,-165.077443
-2824.218750,-165.071065
-2812.500000,-165.064708
-2800.781250,-165.058375
-2789.062500,-165.052066
-2777.343750,-165.045785
-2765.625000,-165.039521
-2753.906250,-165.033291
-2742.187500,-165.027079
-2730.468750,-165.020889
-2718.750000,-165.014721
-2707.031250,-165.008593
-2695.312500,-165.002481
-2683.593750,-164.996391
-2671.875000,-164.990331
-2660.156250,-164.984288
-2648.437500,-164.978271
-2636.718750,-164.972282
-2625.000000,-164.966317
-2613.281250,-164.960374
-2601.562500,-164.954457
-2589.843750,-164.948564
-2578.125000,-164.942698
-2566.406250,-164.936853
-2554.687500,-164.931039
-2542.968750,-164.925240
-2531.250000,-164.919498
-2519.531250,-164.913734
-2507.812500,-164.908017
-2496.093750,-164.902322
-2484.375000,-164.896651
-2472.656250,-164.891010
-2460.937500,-164.885390
-2449.218750,-164.879794
-2437.500000,-164.874232
-2425.781250,-164.868684
-2414.062500,-164.863166
-2402.343750,-164.857675
-2390.625000,-164.852208
-2378.906250,-164.846764
-2367.187500,-164.841346
-2355.468750,-164.835956
-2343.750000,-164.830585
-2332.031250,-164.825246
-2320.312500,-164.819928
-2308.593750,-164.814638
-2296.875000,-164.809370
-2285.156250,-164.804130
-2273.437500,-164.798912
-2261.718750,-164.793727
-2250.000000,-164.788557
-2238.281250,-164.783413
-2226.562500,-164.778305
-2214.843750,-164.773214
-2203.125000,-164.768156
-2191.406250,-164.763112
-2179.687500,-164.758107
-2167.968750,-164.753132
-2156.250000,-164.748160
-2144.531250,-164.743225
-2132.812500,-164.738317
-2121.093750,-164.733434
-2109.375000,-164.728576
-2097.656250,-164.723742
-2085.937500,-164.718932
-2074.218750,-164.714180
-2062.500000,-164.709403
-2050.781250,-164.704673
-2039.062500,-164.699960
-2027.343750,-164.695295
-2015.625000,-164.690646
-2003.906250,-164.686015
-1992.187500,-164.681417
-1980.468750,-164.676841
-1968.750000,-164.672301
-1957.031250,-164.667768
-1945.312500,-164.663281
-1933.593750,-164.658811
-1921.875000,-164.654363
-1910.156250,-164.649952
-1898.437500,-164.645554
-1886.718750,-164.641187
-1875.000000,-164.636847
-1863.281250,-164.632534
-1851.562500,-164.628255
-1839.843750,-164.623983
-1828.125000,-164.619751
-1816.406250,-164.615545
-1804.687500,-164.611360
-1792.968750,-164.607205
-1781.250000,-164.603077
-1769.531250,-164.598970
-1757.812500,-164.594893
-1746.093750,-164.590839
-1734.375000,-164.586819
-1722.656250,-164.582817
-1710.937500,-164.578847
-1699.218750,-164.574900
-1687.500000,-164.570983
-1675.781250,-164.567086
-1664.062500,-164.563208
-1652.343750,-164.559379
-1640.625000,-164.555564
-1628.906250,-164.551777
-1617.187500,-164.548018
-1605.468750,-164.544279
-1593.750000,-164.540575
-1582.031250,-164.536892
-1570.312500,-164.533238
-1558.593750,-164.529607
-1546.875000,-164.526004
-1535.156250,-164.522434
-1523.437500,-164.518879
-1511.718750,-164.515361
-1500.000000,-164.511866
-1488.281250,-164.508393
-1476.562500,-164.504951
-1464.843750,-164.501537
-1453.125000,-164.498148
-1441.406250,-164.494789
-1429.687500,-164.491447
-1417.968750,-164.488137
-1406.250000,-164.484856
-1394.531250,-164.481604
-1382.812500,-164.478377
-1371.093750,-164.475172
-1359.375000,-164.471996
-1347.656250,-164.468850
-1335.937500,-164.465725
-1324.218750,-164.462631
-1312.500000,-164.459572
-1300.781250,-164.456518
-1289.062500,-164.453508
-1277.343750,-164.450520
-1265.625000,-164.447562
-1253.906250,-164.444618
-1242.187500,-164.441719
-1230.468750,-164.438838
-1218.750000,-164.435925
-1207.031250,-164.433167
-1195.312500,-164.430362
-1183.593750,-164.427589
-1171.875000,-164.424843
-1160.156250,-164.422124
-1148.437500,-164.419435
-1136.718750,-164.416777
-1125.000000,-164.414133
-1113.281250,-164.411520
-1101.562500,-164.408934
-1089.843750,-164.406384
-1078.125000,-164.403853
-1066.406250,-164.401352
-1054.687500,-164.398877
-1042.968750,-164.396429
-1031.250000,-164.394007
-1019.531250,-164.391614
-1007.812500,-164.389244
-996.093750,-164.386907
-984.375000,-164.384594
-972.656250,-164.382308
-960.937500,-164.380080
-949.218750,-164.377818
-937.500000,-164.375614
-925.781250,-164.373439
-914.062500,-164.371292
-902.343750,-164.369166
-890.625000,-164.367068
-878.906250,-164.365005
-867.187500,-164.362961
-855.468750,-164.360945
-843.750000,-164.358963
-832.031250,-164.357002
-820.312500,-164.355070
-808.593750,-164.353166
-796.875000,-164.351290
-785.156250,-164.349438
-773.437500,-164.347614
-761.718750,-164.345951
-750.000000,-164.344050
-738.281250,-164.342308
-726.562500,-164.340597
-714.843750,-164.338908
-703.125000,-164.337249
-691.406250,-164.335619
-679.687500,-164.334012
-667.968750,-164.332434
-656.250000,-164.330885
-644.531250,-164.329359
-632.812500,-164.327868
-621.093750,-164.326400
-609.375000,-164.324959
-597.656250,-164.323545
-585.937500,-164.322161
-574.218750,-164.320801
-562.500000,-164.319468
-550.781250,-164.318163
-539.062500,-164.316885
-527.343750,-164.315620
-515.625000,-164.314414
-503.906250,-164.313226
-492.187500,-164.312055
-480.468750,-164.310917
-468.750000,-164.309808
-457.031250,-164.308718
-445.312500,-164.307661
-433.593750,-164.306637
-421.875000,-164.305630
-410.156250,-164.304657
-398.437500,-164.303706
-386.718750,-164.302786
-375.000000,-164.301896
-363.281250,-164.301021
-351.562500,-164.300190
-339.843750,-164.299379
-328.125000,-164.298597
-316.406250,-164.297842
-304.687500,-164.297114
-292.968750,-164.296412
-281.250000,-164.295741
-269.531250,-164.295096
-257.812500,-164.294476
-246.093750,-164.293884
-234.375000,-164.293323
-222.656250,-164.292785
-210.937500,-164.292276
-199.218750,-164.291794
-187.500000,-164.291341
-175.781250,-164.290916
-164.062500,-164.290518
-152.343750,-164.290148
-140.625000,-164.289803
-128.906250,-164.289489
-117.187500,-164.289198
-105.468750,-164.288937
-93.750000,-164.288703
-82.031250,-164.288497
-70.312500,-164.288318
-58.593750,-164.288165
-46.875000,-164.288040
-35.156250,-164.287952
-23.437500,-164.287858
-11.718750,-10.103033
0.000000,-4.082400
11.718750,-10.103033
23.437500,-164.287879
35.156250,-164.287947
46.875000,-164.288044
58.593750,-164.288167
70.312500,-164.288319
82.031250,-164.288497
93.750000,-164.288703
105.468750,-164.288937
117.187500,-164.289198
128.906250,-164.289487
140.625000,-164.289803
152.343750,-164.290146
164.062500,-164.290518
175.781250,-164.290916
187.500000,-164.291342
199.218750,-164.291796
210.937500,-164.292277
222.656250,-164.292785
234.375000,-164.293321
246.093750,-164.293884
257.812500,-164.294475
269.531250,-164.295094
281.250000,-164.295739
292.968750,-164.296413
304.687500,-164.297113
316.406250,-164.297841
328.125000,-164.298597
339.843750,-164.299380
351.562500,-164.300191
363.281250,-164.301028
375.000000,-164.301894
386.718750,-164.302787
398.437500,-164.303707
410.156250,-164.304655
421.875000,-164.305630
433.593750,-164.306632
445.312500,-164.307662
457.031250,-164.308720
468.750000,-164.309804
480.468750,-164.310916
492.187500,-164.312056
503.906250,-164.313223
515.625000,-164.314418
527.343750,-164.315639
539.062500,-164.316888
550.781250,-164.318165
562.500000,-164.319469
574.218750,-164.320800
585.937500,-164.322159
597.656250,-164.323545
609.375000,-164.324958
621.093750,-164.326399
632.812500,-164.327867
644.531250,-164.329363
656.250000,-164.330885
667.968750,-164.332435
679.687500,-164.334013
691.406250,-164.335618
703.125000,-164.337250
714.843750,-164.338909
726.562500,-164.340596
738.281250,-164.342309
750.000000,-164.344051
761.718750,-164.345819
773.437500,-164.347615
785.156250,-164.349438
796.875000,-164.351289
808.593750,-164.353166
820.312500,-164.355071
832.031250,-164.357003
843.750000,-164.358962
855.468750,-164.360948
867.187500,-164.362962
878.906250,-164.365003
890.625000,-164.367071
902.343750,-164.369166
914.062500,-164.371289
925.781250,-164.373439
937.500000,-164.375615
949.218750,-164.377819
960.937500,-164.380051
972.656250,-164.382309
984.375000,-164.384594
996.093750,-164.386907
1007.812500,-164.389246
1019.531250,-164.391613
1031.250000,-164.394007
1042.968750,-164.396428
1054.687500,-164.398876
1066.406250,-164.401350
1078.125000,-164.403853
1089.843750,-164.406383
1101.562500,-164.408939
1113.281250,-164.411522
1125.000000,-164.414132
1136.718750,-164.416770
1148.437500,-164.419434
1160.156250,-164.422126
1171.875000,-164.424844
1183.593750,-164.427589
1195.312500,-164.430361
1207.031250,-164.433160
1218.750000,-164.435987
1230.468750,-164.438840
1242.187500,-164.441720
1253.906250,-164.444626
1265.625000,-164.447560
1277.343750,-164.450521
1289.062500,-164.453508
1300.781250,-164.456523
1312.500000,-164.459564
1324.218750,-164.462632
1335.937500,-164.465727
1347.656250,-164.468848
1359.375000,-164.471997
1371.093750,-164.475172
1382.812500,-164.478374
1394.531250,-164.481603
1406.250000,-164.484859
1417.968750,-164.488141
1429.687500,-164.491450
1441.406250,-164.494786
1453.125000,-164.498148
1464.843750,-164.501537
1476.562500,-164.504953
1488.281250,-164.508395
1500.000000,-164.511864
1511.718750,-164.515360
1523.437500,-164.518882
1535.156250,-164.522431
1546.875000,-164.526006
1558.593750,-164.529608
1570.312500,-164.533237
1582.031250,-164.536892
1593.750000,-164.540573
1605.468750,-164.544280
1617.187500,-164.548017
1628.906250,-164.551778
1640.625000,-164.555565
1652.343750,-164.559379
1664.062500,-164.563220
1675.781250,-164.567087
1687.500000,-164.570980
1699.218750,-164.574900
1710.937500,-164.578846
1722.656250,-164.582818
1734.375000,-164.586817
1746.093750,-164.590842
1757.812500,-164.594893
1769.531250,-164.598971
1781.250000,-164.603074
1792.968750,-164.607205
1804.687500,-164.611361
1816.406250,-164.615544
1828.125000,-164.619752
1839.843750,-164.623988
1851.562500,-164.628248
1863.281250,-164.632536
1875.000000,-164.636849
1886.718750,-164.641189
1898.437500,-164.645554
1910.156250,-164.649946
1921.875000,-164.654364
1933.593750,-164.658808
1945.312500,-164.663277
1957.031250,-164.667773
1968.750000,-164.672295
1980.468750,-164.676843
1992.187500,-164.681416
2003.906250,-164.686016
2015.625000,-164.690641
2027.343750,-164.695293
2039.062500,-164.699970
2050.781250,-164.704673
2062.500000,-164.709402
2074.218750,-164.714157
2085.937500,-164.718937
2097.656250,-164.723743
2109.375000,-164.728575
2121.093750,-164.733433
2132.812500,-164.738315
2144.531250,-164.743225
2156.250000,-164.748160
2167.968750,-164.753120
2179.687500,-164.758106
2191.406250,-164.763118
2203.125000,-164.768155
2214.843750,-164.773218
2226.562500,-164.778306
2238.281250,-164.783419
2250.000000,-164.788559
2261.718750,-164.793723
2273.437500,-164.798913
2285.156250,-164.804128
2296.875000,-164.809369
2308.593750,-164.814635
2320.312500,-164.819927
2332.031250,-164.825244
2343.750000,-164.830586
2355.468750,-164.835953
2367.187500,-164.841346
2378.906250,-164.846763
2390.625000,-164.852207
2402.343750,-164.857674
2414.062500,-164.863168
2425.781250,-164.868686
2437.500000,-164.874229
2449.218750,-164.879798
2460.937500,-164.885392
2472.656250,-164.891010
2484.375000,-164.896654
2496.093750,-164.902322
2507.812500,-164.908016
2519.531250,-164.913734
2531.250000,-164.919477
2542.968750,-164.925246
2554.687500,-164.931038
2566.406250,-164.936856
2578.125000,-164.942699
2589.843750,-164.948566
2601.562500,-164.954458
2613.281250,-164.960374
2625.000000,-164.966315
2636.718750,-164.972282
2648.437500,-164.978272
2660.156250,-164.984287
2671.875000,-164.990327
2683.593750,-164.996391
2695.312500,-165.002480
2707.031250,-165.008593
2718.750000,-165.014730
2730.468750,-165.020892
2742.187500,-165.027078
2753.906250,-165.033290
2765.625000,-165.039524
2777.343750,-165.045784
2789.062500,-165.052067
2800.781250,-165.058375
2812.500000,-165.064706
2824.218750,-165.071063
2835.937500,-165.077443
2847.656250,-165.083847
2859.375000,-165.090276
2871.093750,-165.096728
2882.812500,-165.103204
2894.531250,-165.109702
2906.250000,-165.116229
2917.968750,-165.122777
2929.687500,-165.129349
2941.406250,-165.135945
2953.125000,-165.142564
2964.843750,-165.149207
2976.562500,-165.155875
2988.281250,-165.162566
3000.000000,-165.169281
3011.718750,-165.176018
3023.437500,-165.182781
3035.156250,-165.189566
3046.875000,-165.196375
3058.593750,-165.203207
3070.312500,-165.210063
3082.031250,-165.216941
3093.750000,-165.223846
3105.468750,-165.230771
3117.187500,-165.237720
3128.906250,-165.244693
3140.625000,-165.251688
3152.343750,-165.258708
3164.062500,-165.265750
3175.781250,-165.272811
3187.500000,-165.279903
3199.218750,-165.287015
3210.937500,-165.294148
3222.656250,-165.301307
3234.375000,-165.308487
3246.093750,-165.315691
3257.812500,-165.322917
3269.531250,-165.330167
3281.250000,-165.337439
3292.968750,-165.344733
3304.687500,-165.352050
3316.406250,-165.359390
3328.125000,-165.366753
3339.843750,-165.374138
3351.562500,-165.381546
3363.281250,-165.388976
3375.000000,-165.396429
3386.718750,-165.403905
3398.437500,-165.411402
3410.156250,-165.418922
3421.875000,-165.426465
3433.593750,-165.434029
3445.312500,-165.441616
3457.031250,-165.449225
3468.750000,-165.456856
3480.468750,-165.464509
3492.187500,-165.472184
3503.906250,-165.479882
3515.625000,-165.487601
3527.343750,-165.495344
3539.062500,-165.503105
3550.781250,-165.510891
3562.500000,-165.518697
3574.218750,-165.526526
3585.937500,-165.534376
3597.656250,-165.542248
3609.375000,-165.550141
3621.093750,-165.558056
3632.812500,-165.565993
3644.531250,-165.573951
3656.250000,-165.581931
3667.968750,-165.589932
3679.687500,-165.597954
3691.406250,-165.605998
3703.125000,-165.614062
3714.843750,-165.622148
3726.562500,-165.630256
3738.281250,-165.638384
3750.000000,-165.646534
3761.718750,-165.654704
3773.437500,-165.662896
3785.156250,-165.671108
3796.875000,-165.679341
3808.593750,-165.687595
3820.312500,-165.695870
3832.031250,-165.704165
3843.750000,-165.712481
3855.468750,-165.720818
3867.187500,-165.729176
3878.906250,-165.737553
3890.625000,-165.745952
3902.343750,-165.754371
3914.062500,-165.762810
3925.781250,-165.771269
3937.500000,-165.779750
3949.218750,-165.788248
3960.937500,-165.796769
3972.656250,-165.805310
3984.375000,-165.813870
3996.093750,-165.822450
4007.812500,-165.831049
4019.531250,-165.839671
4031.250000,-165.848313
4042.968750,-165.856971
4054.687500,-165.865650
4066.406250,-165.874350
4078.125000,-165.883069
4089.843750,-165.891807
4101.562500,-165.900565
4113.281250,-165.909340
4125.000000,-165.918140
4136.718750,-165.926956
4148.437500,-165.935791
4160.156250,-165.944646
4171.875000,-165.953520
4183.593750,-165.962414
4195.312500,-165.971326
4207.031250,-165.980257
4218.750000,-165.989207
4230.468750,-165.998176
4242.187500,-166.007166
4253.906250,-166.016171
4265.625000,-166.025196
4277.343750,-166.034241
4289.062500,-166.043304
4300.781250,-166.052385
4312.500000,-166.061485
4324.218750,-166.070603
4335.937500,-166.079740
4347.656250,-166.088895
4359.375000,-166.098068
4371.093750,-166.107259
4382.812500,-166.116469
4394.531250,-166.125696
4406.250000,-166.134942
4417.968750,-166.144205
4429.687500,-166.153487
4441.406250,-166.162786
4453.125000,-166.172103
4464.843750,-166.181438
4476.562500,-166.190790
4488.281250,-166.200160
4500.000000,-166.209547
4511.718750,-166.218953
4523.437500,-166.228375
4535.156250,-166.237814
4546.875000,-166.247271
4558.593750,-166.256745
4570.312500,-166.266236
4582.031250,-166.275744
4593.750000,-166.285270
4605.468750,-166.294812
4617.187500,-166.304370
4628.906250,-166.313948
4640.625000,-166.323539
4652.343750,-166.333148
4664.062500,-166.342774
4675.781250,-166.352416
4687.500000,-166.362074
4699.218750,-166.371750
4710.937500,-166.381441
4722.656250,-166.391149
4734.375000,-166.400873
4746.093750,-166.410613
4757.812500,-166.420369
4769.531250,-166.430141
4781.250000,-166.439931
4792.968750,-166.449732
4804.687500,-166.459552
4816.406250,-166.469387
4828.125000,-166.479238
4839.843750,-166.489107
4851.562500,-166.498986
4863.281250,-166.508884
4875.000000,-166.518796
4886.718750,-166.528724
4898.437500,-166.538687
4910.156250,-166.548625
4921.875000,-166.558598
4933.593750,-166.568586
4945.312500,-166.578589
4957.031250,-166.588606
4968.750000,-166.598639
4980.468750,-166.608687
4992.187500,-166.618749
5003.906250,-166.628825
5015.625000,-166.638916
5027.343750,-166.649021
5039.062500,-166.659143
5050.781250,-166.669275
5062.500000,-166.679423
5074.218750,-166.689584
5085.937500,-166.699761
5097.656250,-166.709950
5109.375000,-166.720155
5121.093750,-166.730372
5132.812500,-166.740603
5144.531250,-166.750848
5156.250000,-166.761106
5167.968750,-166.771378
5179.687500,-166.781663
5191.406250,-166.791961
5203.125000,-166.802273
5214.843750,-166.812597
5226.562500,-166.822936
5238.281250,-166.833287
5250.000000,-166.843650
5261.718750,-166.854027
5273.437500,-166.864416
5285.156250,-166.874818
5296.875000,-166.885233
5308.593750,-166.895660
5320.312500,-166.906099
5332.031250,-166.916553
5343.750000,-166.927015
5355.468750,-166.937491
5367.187500,-166.947979
5378.906250,-166.958479
5390.625000,-166.968992
5402.343750,-166.979516
5414.062500,-166.990051
5425.781250,-167.000598
5437.500000,-167.011158
5449.218750,-167.021728
5460.937500,-167.032310
5472.656250,-167.042904
5484.375000,-167.053507
5496.093750,-167.064123
5507.812500,-167.074751
5519.531250,-167.085388
5531.250000,-167.096036
5542.968750,-167.106696
5554.687500,-167.117366
5566.406250,-167.128047
5578.125000,-167.138738
5589.843750,-167.149440
5601.562500,-167.160152
5613.281250,-167.170870
5625.000000,-167.181607
5636.718750,-167.192350
5648.437500,-167.203103
5660.156250,-167.213865
5671.875000,-167.224638
5683.593750,-167.235420
5695.312500,-167.246213
5707.031250,-167.257012
5718.750000,-167.267825
5730.468750,-167.278646
5742.187500,-167.289476
5753.906250,-167.300314
5765.625000,-167.311162
5777.343750,-167.322020
5789.062500,-167.332885
5800.781250,-167.343761
5812.500000,-167.354644
5824.218750,-167.365537
5835.937500,-167.376438
5847.656250,-167.387364
5859.375000,-167.398266
5871.093750,-167.409193
5882.812500,-167.420127
5894.531250,-167.431070
5906.250000,-167.442020
5917.968750,-167.452979
5929.687500,-167.463945
5941.406250,-167.474920
5953.125000,-167.485902
5964.843750,-167.496891
5976.562500,-167.507889
5988.281250,-167.518892
6000.000000,-167.529904
6011.718750,-167.540923
6023.437500,-167.551949
6035.156250,-167.562982
6046.875000,-167.574024
6058.593750,-167.585069
6070.312500,-167.596122
6082.031250,-167.607182
6093.750000,-167.618248
6105.468750,-167.629325
6117.187500,-167.640402
6128.906250,-167.651488
6140.625000,-167.662579
6152.343750,-167.673677
6164.062500,-167.684781
6175.781250,-167.695890
6187.500000,-167.707006
6199.218750,-167.718128
6210.937500,-167.729254
6222.656250,-167.740386
6234.375000,-167.751522
6246.093750,-167.762667
6257.812500,-167.773814
6269.531250,-167.784968
6281.250000,-167.796126
6292.968750,-167.807289
6304.687500,-167.818457
6316.406250,-167.829629
6328.125000,-167.840806
6339.843750,-167.851988
6351.562500,-167.863175
6363.281250,-167.874365
6375.000000,-167.885559
6386.718750,-167.896759
6398.437500,-167.907961
6410.156250,-167.919167
6421.875000,-167.930378
6433.593750,-167.941592
6445.312500,-167.952810
6457.031250,-167.964031
6468.750000,-167.975256
6480.468750,-167.986484
6492.187500,-167.997715
6503.906250,-168.008949
6515.625000,-168.020188
6527.343750,-168.031428
6539.062500,-168.042672
6550.781250,-168.053917
6562.500000,-168.065166
6574.218750,-168.076417
6585.937500,-168.087671
6597.656250,-168.098927
6609.375000,-168.110184
6621.093750,-168.121446
6632.812500,-168.132709
6644.531250,-168.143972
6656.250000,-168.155238
6667.968750,-168.166506
6679.687500,-168.177776
6691.406250,-168.189047
6703.125000,-168.200319
6714.843750,-168.211593
6726.562500,-168.222868
6738.281250,-168.234145
6750.000000,-168.245422
6761.718750,-168.256700
6773.437500,-168.267978
6785.156250,-168.279259
6796.875000,-168.290539
6808.593750,-168.301821
6820.312500,-168.313101
6832.031250,-168.324384
6843.750000,-168.335665
6855.468750,-168.346953
6867.187500,-168.358231
6878.906250,-168.369513
6890.625000,-168.380795
6902.343750,-168.392076
6914.062500,-168.403358
6925.781250,-168.414639
6937.500000,-168.425920
6949.218750,-168.437199
6960.937500,-168.448479
6972.656250,-168.459757
6984.375000,-168.471035
6996.093750,-168.482311
7007.812500,-168.493586
7019.531250,-168.504859
7031.250000,-168.516135
7042.968750,-168.527405
7054.687500,-168.538674
7066.406250,-168.549941
7078.125000,-168.561207
7089.843750,-168.572473
7101.562500,-168.583735
7113.281250,-168.594996
7125.000000,-168.606253
7136.718750,-168.617510
7148.437500,-168.628764
7160.156250,-168.640016
7171.875000,-168.651264
7183.593750,-168.662511
7195.312500,-168.673755
7207.031250,-168.684996
7218.750000,-168.696234
7230.468750,-168.707468
7242.187500,-168.718701
7253.906250,-168.729930
7265.625000,-168.741155
7277.343750,-168.752378
7289.062500,-168.763596
7300.781250,-168.774812
7312.500000,-168.786023
7324.218750,-168.797231
7335.937500,-168.808435
7347.656250,-168.819635
7359.375000,-168.830831
7371.093750,-168.842023
7382.812500,-168.853210
7394.531250,-168.864394
7406.250000,-168.875573
7417.968750,-168.886747
7429.687500,-168.897917
7441.406250,-168.909082
7453.125000,-168.920242
7464.843750,-168.931398
7476.562500,-168.942548
7488.281250,-168.953694
7500.000000,-168.964833
7511.718750,-168.975969
7523.437500,-168.987098
7535.156250,-168.998223
7546.875000,-169.009342
7558.593750,-169.020455
7570.312500,-169.031562
7582.031250,-169.042665
7593.750000,-169.053761
7605.468750,-169.064850
7617.187500,-169.075933
7628.906250,-169.087012
7640.625000,-169.098083
7652.343750,-169.109148
7664.062500,-169.120207
7675.781250,-169.131260
7687.500000,-169.142305
7699.218750,-169.153344
7710.937500,-169.164377
7722.656250,-169.175401
7734.375000,-169.186420
7746.093750,-169.197432
7757.812500,-169.208436
7769.531250,-169.219434
7781.250000,-169.230424
7792.968750,-169.241406
7804.687500,-169.252382
7816.406250,-169.263349
7828.125000,-169.274309
7839.843750,-169.285263
7851.562500,-169.296207
7863.281250,-169.307143
7875.000000,-169.318072
7886.718750,-169.328995
7898.437500,-169.339906
7910.156250,-169.350811
7921.875000,-169.361707
7933.593750,-169.372595
7945.312500,-169.383475
7957.031250,-169.394346
7968.750000,-169.405209
7980.468750,-169.416063
7992.187500,-169.426908
8003.906250,-169.437745
8015.625000,-169.448573
8027.343750,-169.459391
8039.062500,-169.470201
8050.781250,-169.481001
8062.500000,-169.491792
8074.218750,-169.502573
8085.937500,-169.513347
8097.656250,-169.524111
8109.375000,-169.534864
8121.093750,-169.545608
8132.812500,-169.556344
8144.531250,-169.567068
8156.250000,-169.577774
8167.968750,-169.588489
8179.687500,-169.599183
8191.406250,-169.609870
8203.125000,-169.620545
8214.843750,-169.631210
8226.562500,-169.641865
8238.281250,-169.652509
8250.000000,-169.663145
8261.718750,-169.673769
8273.437500,-169.684382
8285.156250,-169.694986
8296.875000,-169.705579
8308.593750,-169.716161
8320.312500,-169.726731
8332.031250,-169.737292
8343.750000,-169.747841
8355.468750,-169.758379
8367.187500,-169.768907
8378.906250,-169.779423
8390.625000,-169.789929
8402.343750,-169.800423
8414.062500,-169.810906
8425.781250,-169.821378
8437.500000,-169.831838
8449.218750,-169.842288
8460.937500,-169.852725
8472.656250,-169.863152
8484.375000,-169.873565
8496.093750,-169.883968
8507.812500,-169.894359
8519.531250,-169.904738
8531.250000,-169.915105
8542.968750,-169.925461
8554.687500,-169.935804
8566.406250,-169.946136
8578.125000,-169.956455
8589.843750,-169.966762
8601.562500,-169.977058
8613.281250,-169.987341
8625.000000,-169.997619
8636.718750,-170.007867
8648.437500,-170.018116
8660.156250,-170.028350
8671.875000,-170.038571
8683.593750,-170.048780
8695.312500,-170.058977
8707.031250,-170.069160
8718.750000,-170.079330
8730.468750,-170.089490
8742.187500,-170.099635
8753.906250,-170.109767
8765.625000,-170.119888
8777.343750,-170.129995
8789.062500,-170.140090
8800.781250,-170.150170
8812.500000,-170.160237
8824.218750,-170.170293
8835.937500,-170.180336
8847.656250,-170.190361
8859.375000,-170.200379
8871.093750,-170.210383
8882.812500,-170.220372
8894.531250,-170.230346
8906.250000,-170.240305
8917.968750,-170.250258
8929.687500,-170.260195
8941.406250,-170.270117
8953.125000,-170.280026
8964.843750,-170.289921
8976.562500,-170.299803
8988.281250,-170.309672
9000.000000,-170.319527
9011.718750,-170.329366
9023.437500,-170.339194
9035.156250,-170.349007
9046.875000,-170.358807
9058.593750,-170.368593
9070.312500,-170.378365
9082.031250,-170.388123
9093.750000,-170.397868
9105.468750,-170.407597
9117.187500,-170.417315
9128.906250,-170.427017
9140.625000,-170.436704
9152.343750,-170.446380
9164.062500,-170.456041
9175.781250,-170.465685
9187.500000,-170.475320
9199.218750,-170.484938
9210.937500,-170.494541
9222.656250,-170.504131
9234.375000,-170.513708
9246.093750,-170.523270
9257.812500,-170.532816
9269.531250,-170.542349
9281.250000,-170.551868
9292.968750,-170.561373
9304.687500,-170.570861
9316.406250,-170.580338
9328.125000,-170.589799
9339.843750,-170.599246
9351.562500,-170.608679
9363.281250,-170.618097
9375.000000,-170.627504
9386.718750,-170.636890
9398.437500,-170.646266
9410.156250,-170.655627
9421.875000,-170.664972
9433.593750,-170.674303
9445.312500,-170.683621
9457.031250,-170.692923
9468.750000,-170.702211
9480.468750,-170.711484
9492.187500,-170.720742
9503.906250,-170.729987
9515.625000,-170.739216
9527.343750,-170.748426
9539.062500,-170.757632
9550.781250,-170.766818
9562.500000,-170.775993
9574.218750,-170.785146
9585.937500,-170.794288
9597.656250,-170.803415
9609.375000,-170.812528
9621.093750,-170.821626
9632.812500,-170.830710
9644.531250,-170.839779
9656.250000,-170.848832
9667.968750,-170.857872
9679.687500,-170.866904
9691.406250,-170.875907
9703.125000,-170.884901
9714.843750,-170.893883
9726.562500,-170.902845
9738.281250,-170.911788
9750.000000,-170.920735
9761.718750,-170.929661
9773.437500,-170.938569
9785.156250,-170.947462
9796.875000,-170.956313
9808.593750,-170.965203
9820.312500,-170.974050
9832.031250,-170.982886
9843.750000,-170.991706
9855.468750,-171.000511
9867.187500,-171.009302
9878.906250,-171.018077
9890.625000,-171.026839
9902.343750,-171.035585
9914.062500,-171.044319
9925.781250,-171.053035
9937.500000,-171.061736
9949.218750,-171.070424
9960.937500,-171.079098
9972.656250,-171.087756
9984.375000,-171.096401
9996.093750,-171.105032
10007.812500,-171.113646
10019.531250,-171.122249
10031.250000,-171.130834
10042.968750,-171.139407
10054.687500,-171.147963
10066.406250,-171.156508
10078.125000,-171.165031
10089.843750,-171.173549
10101.562500,-171.182048
10113.281250,-171.190532
10125.000000,-171.199001
10136.718750,-171.207457
10148.437500,-171.215902
10160.156250,-171.224325
10171.875000,-171.232742
10183.593750,-171.241140
10195.312500,-171.249524
10207.031250,-171.257895
10218.750000,-171.266253
10230.468750,-171.274592
10242.187500,-171.282923
10253.906250,-171.291233
10265.625000,-171.299531
10277.343750,-171.307816
10289.062500,-171.316086
10300.781250,-171.324343
10312.500000,-171.332587
10324.218750,-171.340813
10335.937500,-171.349024
10347.656250,-171.357227
10359.375000,-171.365413
10371.093750,-171.373584
10382.812500,-171.381742
10394.531250,-171.389886
10406.250000,-171.398019
10417.968750,-171.406132
10429.687500,-171.414234
10441.406250,-171.422323
10453.125000,-171.430397
10464.843750,-171.438457
10476.562500,-171.446504
10488.281250,-171.454535
10500.000000,-171.462555
10511.718750,-171.470575
10523.437500,-171.478551
10535.156250,-171.486528
10546.875000,-171.494494
10558.593750,-171.502444
10570.312500,-171.510380
10582.031250,-171.518303
10593.750000,-171.526213
10605.468750,-171.534107
10617.187500,-171.541989
10628.906250,-171.549860
10640.625000,-171.557718
10652.343750,-171.565559
10664.062500,-171.573389
10675.781250,-171.581200
10687.500000,-171.589005
10699.218750,-171.596792
10710.937500,-171.604568
10722.656250,-171.612331
10734.375000,-171.620076
10746.093750,-171.627815
10757.812500,-171.635537
10769.531250,-171.643246
10781.250000,-171.650946
10792.968750,-171.658625
10804.687500,-171.666297
10816.406250,-171.673948
10828.125000,-171.681594
10839.843750,-171.689226
10851.562500,-171.696846
10863.281250,-171.704450
10875.000000,-171.712042
10886.718750,-171.719623
10898.437500,-171.727189
10910.156250,-171.734742
10921.875000,-171.742285
10933.593750,-171.749811
10945.312500,-171.757327
10957.031250,-171.764830
10968.750000,-171.772332
10980.468750,-171.779797
10992.187500,-171.787265
11003.906250,-171.794715
11015.625000,-171.802153
11027.343750,-171.809581
11039.062500,-171.816998
11050.781250,-171.824400
11062.500000,-171.831791
11074.218750,-171.839170
11085.937500,-171.846534
11097.656250,-171.853887
11109.375000,-171.861229
11121.093750,-171.868559
11132.812500,-171.875876
11144.531250,-171.883177
11156.250000,-171.890471
11167.968750,-171.897751
11179.687500,-171.905019
11191.406250,-171.912276
11203.125000,-171.919520
11214.843750,-171.926757
11226.562500,-171.933970
11238.281250,-171.941185
11250.000000,-171.948378
11261.718750,-171.955565
11273.437500,-171.962736
11285.156250,-171.969899
11296.875000,-171.977049
11308.593750,-171.984186
11320.312500,-171.991318
11332.031250,-171.998427
11343.750000,-172.005530
11355.468750,-172.012619
11367.187500,-172.019699
11378.906250,-172.026770
11390.625000,-172.033827
11402.343750,-172.040873
11414.062500,-172.047905
11425.781250,-172.054933
11437.500000,-172.061941
11449.218750,-172.068941
11460.937500,-172.075930
11472.656250,-172.082913
11484.375000,-172.089875
11496.093750,-172.096830
11507.812500,-172.103774
11519.531250,-172.110707
11531.250000,-172.117631
11542.968750,-172.124539
11554.687500,-172.131439
11566.406250,-172.138330
11578.125000,-172.145207
11589.843750,-172.152073
11601.562500,-172.158931
11613.281250,-172.165778
11625.000000,-172.172611
11636.718750,-172.179436
11648.437500,-172.186250
11660.156250,-172.193050
11671.875000,-172.199841
11683.593750,-172.206624
11695.312500,-172.213444
11707.031250,-172.220161
11718.750000,-172.226897
11730.468750,-172.233642
11742.187500,-172.240368
11753.906250,-172.247089
11765.625000,-172.253798
11777.343750,-172.260491
11789.062500,-172.267177
11800.781250,-172.273856
11812.500000,-172.280520
11824.218750,-172.287180
11835.937500,-172.293824
11847.656250,-172.300457
11859.375000,-172.307082
11871.093750,-172.313698
11882.812500,-172.320304
11894.531250,-172.326901
11906.250000,-172.333483
11917.968750,-172.340059
11929.687500,-172.346619
11941.406250,-172.353176
11953.125000,-172.359720
11964.843750,-172.366246
11976.562500,-172.372797
11988.281250,-172.379293
12000.000000,-172.385801
12011.718750,-172.392296
12023.437500,-172.398781
12035.156250,-172.405256
12046.875000,-172.411722
12058.593750,-172.418179
12070.312500,-172.424624
12082.031250,-172.431062
12093.750000,-172.437485
12105.468750,-172.443904
12117.187500,-172.450315
12128.906250,-172.456714
12140.625000,-172.463103
12152.343750,-172.469483
12164.062500,-172.475852
12175.781250,-172.482214
12187.500000,-172.488563
12199.218750,-172.494904
12210.937500,-172.501241
12222.656250,-172.507563
12234.375000,-172.513880
12246.093750,-172.520182
12257.812500,-172.526488
12269.531250,-172.532764
12281.250000,-172.539037
12292.968750,-172.545307
12304.687500,-172.551565
12316.406250,-172.557816
12328.125000,-172.564055
12339.843750,-172.570286
12351.562500,-172.576508
12363.281250,-172.582721
12375.000000,-172.588926
12386.718750,-172.595121
12398.437500,-172.601299
12410.156250,-172.607486
12421.875000,-172.613653
12433.593750,-172.619812
12445.312500,-172.625962
12457.031250,-172.632104
12468.750000,-172.638235
12480.468750,-172.644360
12492.187500,-172.650476
12503.906250,-172.656583
12515.625000,-172.662677
12527.343750,-172.668766
12539.062500,-172.674848
12550.781250,-172.680917
12562.500000,-172.686981
12574.218750,-172.693036
12585.937500,-172.699080
12597.656250,-172.705116
12609.375000,-172.711146
12621.093750,-172.717166
12632.812500,-172.723177
12644.531250,-172.729179
12656.250000,-172.735173
12667.968750,-172.741161
12679.687500,-172.747136
12691.406250,-172.753105
12703.125000,-172.759055
12714.843750,-172.765016
12726.562500,-172.770962
12738.281250,-172.776888
12750.000000,-172.782820
12761.718750,-172.788739
12773.437500,-172.794650
12785.156250,-172.800550
12796.875000,-172.806444
12808.593750,-172.812329
12820.312500,-172.818203
12832.031250,-172.824073
12843.750000,-172.829933
12855.468750,-172.835783
12867.187500,-172.841626
12878.906250,-172.847462
12890.625000,-172.853290
12902.343750,-172.859107
12914.062500,-172.864920
12925.781250,-172.870722
12937.500000,-172.876505
12949.218750,-172.882302
12960.937500,-172.888083
12972.656250,-172.893851
12984.375000,-172.899612
12996.093750,-172.905382
13007.812500,-172.911112
13019.531250,-172.916850
13031.250000,-172.922580
13042.968750,-172.928302
13054.687500,-172.934016
13066.406250,-172.939722
13078.125000,-172.945419
13089.843750,-172.951109
13101.562500,-172.956791
13113.281250,-172.962466
13125.000000,-172.968132
13136.718750,-172.973788
13148.437500,-172.979438
13160.156250,-172.985083
13171.875000,-172.990718
13183.593750,-172.996354
13195.312500,-173.001958
13207.031250,-173.007573
13218.750000,-173.013175
13230.468750,-173.018770
13242.187500,-173.024356
13253.906250,-173.029937
13265.625000,-173.035507
13277.343750,-173.041020
13289.062500,-173.046631
13300.781250,-173.052177
13312.500000,-173.057718
13324.218750,-173.063249
13335.937500,-173.068776
13347.656250,-173.074293
13359.375000,-173.079803
13371.093750,-173.085304
13382.812500,-173.090797
13394.531250,-173.096283
13406.250000,-173.101764
13417.968750,-173.107234
13429.687500,-173.112695
13441.406250,-173.118151
13453.125000,-173.123598
13464.843750,-173.129040
13476.562500,-173.134467
13488.281250,-173.139898
13500.000000,-173.145314
13511.718750,-173.150723
13523.437500,-173.156124
13535.156250,-173.161518
13546.875000,-173.166905
13558.593750,-173.172283
13570.312500,-173.177657
13582.031250,-173.183019
13593.750000,-173.188374
13605.468750,-173.193725
13617.187500,-173.199064
13628.906250,-173.204398
13640.625000,-173.209723
13652.343750,-173.215043
13664.062500,-173.220353
13675.781250,-173.225657
13687.500000,-173.230948
13699.218750,-173.236234
13710.937500,-173.241520
13722.656250,-173.246792
13734.375000,-173.252057
13746.093750,-173.257314
13757.812500,-173.262564
13769.531250,-173.267809
13781.250000,-173.273044
13792.968750,-173.278270
13804.687500,-173.283490
13816.406250,-173.288702
13828.125000,-173.293907
13839.843750,-173.299105
13851.562500,-173.304294
13863.281250,-173.309476
13875.000000,-173.314649
13886.718750,-173.319816
13898.437500,-173.324979
13910.156250,-173.330132
13921.875000,-173.335275
13933.593750,-173.340413
13945.312500,-173.345541
13957.031250,-173.350668
13968.750000,-173.355779
13980.468750,-173.360888
13992.187500,-173.365987
14003.906250,-173.371078
14015.625000,-173.376163
14027.343750,-173.381241
14039.062500,-173.386310
14050.781250,-173.391373
14062.500000,-173.396431
14074.218750,-173.401474
14085.937500,-173.406518
14097.656250,-173.411547
14109.375000,-173.416566
14121.093750,-173.421592
14132.812500,-173.426599
14144.531250,-173.431603
14156.250000,-173.436598
14167.968750,-173.441588
14179.687500,-173.446566
14191.406250,-173.451538
14203.125000,-173.456503
14214.843750,-173.461461
14226.562500,-173.466421
14238.281250,-173.471354
14250.000000,-173.476288
14261.718750,-173.481240
14273.437500,-173.486140
14285.156250,-173.491051
14296.875000,-173.495957
14308.593750,-173.500856
14320.312500,-173.505745
14332.031250,-173.510628
14343.750000,-173.515506
14355.468750,-173.520375
14367.187500,-173.525233
14378.906250,-173.530090
14390.625000,-173.534936
14402.343750,-173.539770
14414.062500,-173.544596
14425.781250,-173.549426
14437.500000,-173.554241
14449.218750,-173.559050
14460.937500,-173.563852
14472.656250,-173.568645
14484.375000,-173.573442
14496.093750,-173.578188
14507.812500,-173.582972
14519.531250,-173.587758
14531.250000,-173.592460
14542.968750,-173.597249
14554.687500,-173.601994
14566.406250,-173.606737
14578.125000,-173.611443
14589.843750,-173.616170
14601.562500,-173.620866
14613.281250,-173.625584
14625.000000,-173.630247
14636.718750,-173.634973
14648.437500,-173.639655
14660.156250,-173.644324
14671.875000,-173.649003
14683.593750,-173.653654
14695.312500,-173.658299
14707.031250,-173.662952
14718.750000,-173.667587
14730.468750,-173.672217
14742.187500,-173.676839
14753.906250,-173.681444
14765.625000,-173.686083
14777.343750,-173.690663
14789.062500,-173.695248
14800.781250,-173.699862
14812.500000,-173.704415
14824.218750,-173.708986
14835.937500,-173.713547
14847.656250,-173.718105
14859.375000,-173.722651
14871.093750,-173.727191
14882.812500,-173.731726
14894.531250,-173.736247
14906.250000,-173.740767
14917.968750,-173.745277
14929.687500,-173.749784
14941.406250,-173.754277
14953.125000,-173.758763
14964.843750,-173.763244
14976.562500,-173.767718
14988.281250,-173.772184
15000.000000,-173.776641
15011.718750,-173.781091
15023.437500,-173.785537
15035.156250,-173.789979
15046.875000,-173.794398
15058.593750,-173.798822
15070.312500,-173.803231
15082.031250,-173.807639
15093.750000,-173.812061
15105.468750,-173.816428
15117.187500,-173.820811
15128.906250,-173.825207
15140.625000,-173.829559
15152.343750,-173.833925
15164.062500,-173.838274
15175.781250,-173.842619
15187.500000,-173.846959
15199.218750,-173.851290
15210.937500,-173.855614
15222.656250,-173.859931
15234.375000,-173.864238
15246.093750,-173.868543
15257.812500,-173.872838
15269.531250,-173.877123
15281.250000,-173.881403
15292.968750,-173.885675
15304.687500,-173.889930
15316.406250,-173.894197
15328.125000,-173.898448
15339.843750,-173.902689
15351.562500,-173.906925
15363.281250,-173.911152
15375.000000,-173.915364
15386.718750,-173.919584
15398.437500,-173.923789
15410.156250,-173.927992
15421.875000,-173.932180
15433.593750,-173.936362
15445.312500,-173.940537
15457.031250,-173.944700
15468.750000,-173.948867
15480.468750,-173.953021
15492.187500,-173.957168
15503.906250,-173.961303
15515.625000,-173.965438
15527.343750,-173.969563
15539.062500,-173.973676
15550.781250,-173.977787
15562.500000,-173.981893
15574.218750,-173.985986
15585.937500,-173.990072
15597.656250,-173.994151
15609.375000,-173.998224
15621.093750,-174.002289
15632.812500,-174.006348
15644.531250,-174.010396
15656.250000,-174.014439
15667.968750,-174.018476
15679.687500,-174.022504
15691.406250,-174.026523
15703.125000,-174.030539
15714.843750,-174.034545
15726.562500,-174.038543
15738.281250,-174.042536
15750.000000,-174.046519
15761.718750,-174.050498
15773.437500,-174.054465
15785.156250,-174.058429
15796.875000,-174.062383
15808.593750,-174.066332
15820.312500,-174.070273
15832.031250,-174.074209
15843.750000,-174.078130
15855.468750,-174.082051
15867.187500,-174.085962
15878.906250,-174.089861
15890.625000,-174.093764
15902.343750,-174.097653
15914.062500,-174.101535
15925.781250,-174.105406
15937.500000,-174.109278
15949.218750,-174.113140
15960.937500,-174.117000
15972.656250,-174.120840
15984.375000,-174.124678
15996.093750,-174.128510
16007.812500,-174.132335
16019.531250,-174.136151
16031.250000,-174.139969
16042.968750,-174.143756
16054.687500,-174.147561
16066.406250,-174.151350
16078.125000,-174.155131
16089.843750,-174.158904
16101.562500,-174.162674
16113.281250,-174.166431
16125.000000,-174.170175
16136.718750,-174.173928
16148.437500,-174.177668
16160.156250,-174.181398
16171.875000,-174.185125
16183.593750,-174.188836
16195.312500,-174.192549
16207.031250,-174.196256
16218.750000,-174.199948
16230.468750,-174.203636
16242.187500,-174.207319
16253.906250,-174.210995
16265.625000,-174.214659
16277.343750,-174.218321
16289.062500,-174.221972
16300.781250,-174.225609
16312.500000,-174.229270
16324.218750,-174.232890
16335.937500,-174.236514
16347.656250,-174.240133
16359.375000,-174.243744
16371.093750,-174.247345
16382.812500,-174.250945
16394.531250,-174.254532
16406.250000,-174.258114
16417.968750,-174.261690
16429.687500,-174.265259
16441.406250,-174.268821
16453.125000,-174.272374
16464.843750,-174.275926
16476.562500,-174.279464
16488.281250,-174.282998
16500.000000,-174.286527
16511.718750,-174.290043
16523.437500,-174.293559
16535.156250,-174.297064
16546.875000,-174.300562
16558.593750,-174.304059
16570.312500,-174.307539
16582.031250,-174.311019
16593.750000,-174.314492
16605.468750,-174.317961
16617.187500,-174.321413
16628.906250,-174.324864
16640.625000,-174.328310
16652.343750,-174.331744
16664.062500,-174.335173
16675.781250,-174.338598
16687.500000,-174.342016
16699.218750,-174.345426
16710.937500,-174.348829
16722.656250,-174.352227
16734.375000,-174.355615
16746.093750,-174.358999
16757.812500,-174.362375
16769.531250,-174.365745
16781.250000,-174.369106
16792.968750,-174.372461
16804.687500,-174.375809
16816.406250,-174.379156
16828.125000,-174.382488
16839.843750,-174.385815
16851.562500,-174.389140
16863.281250,-174.392453
16875.000000,-174.395762
16886.718750,-174.399066
16898.437500,-174.402362
16910.156250,-174.405649
16921.875000,-174.408932
16933.593750,-174.412207
16945.312500,-174.415492
16957.031250,-174.418738
16968.750000,-174.421993
16980.468750,-174.425240
16992.187500,-174.428485
17003.906250,-174.431718
17015.625000,-174.434948
17027.343750,-174.438173
17039.062500,-174.441385
17050.781250,-174.444597
17062.500000,-174.447804
17074.218750,-174.450997
17085.937500,-174.454187
17097.656250,-174.457368
17109.375000,-174.460545
17121.093750,-174.463712
17132.812500,-174.466880
17144.531250,-174.470029
17156.250000,-174.473182
17167.968750,-174.476333
17179.687500,-174.479468
17191.406250,-174.482597
17203.125000,-174.485724
17214.843750,-174.488844
17226.562500,-174.491956
17238.281250,-174.495063
17250.000000,-174.498181
17261.718750,-174.501252
17273.437500,-174.504336
17285.156250,-174.507420
17296.875000,-174.510495
17308.593750,-174.513562
17320.312500,-174.516623
17332.031250,-174.519677
17343.750000,-174.522725
17355.468750,-174.525959
17367.187500,-174.528801
17378.906250,-174.531832
17390.625000,-174.534853
17402.343750,-174.537871
17414.062500,-174.540881
17425.781250,-174.543902
17437.500000,-174.546882
17449.218750,-174.549874
17460.937500,-174.552862
17472.656250,-174.555837
17484.375000,-174.558812
17496.093750,-174.561779
17507.812500,-174.564738
17519.531250,-174.567692
17531.250000,-174.570640
17542.968750,-174.573662
17554.687500,-174.576518
17566.406250,-174.579445
17578.125000,-174.582367
17589.843750,-174.585289
17601.562500,-174.588199
17613.281250,-174.591102
17625.000000,-174.594004
17636.718750,-174.596898
17648.437500,-174.599781
17660.156250,-174.602664
17671.875000,-174.605537
17683.593750,-174.608404
17695.312500,-174.611263
17707.031250,-174.614121
17718.750000,-174.616963
17730.468750,-174.619814
17742.187500,-174.622652
17753.906250,-174.625484
17765.625000,-174.628314
17777.343750,-174.631128
17789.062500,-174.633942
17800.781250,-174.636752
17812.500000,-174.639542
17824.218750,-174.642348
17835.937500,-174.645161
17847.656250,-174.647917
17859.375000,-174.650701
17871.093750,-174.653474
17882.812500,-174.656233
17894.531250,-174.658995
17906.250000,-174.661752
17917.968750,-174.664484
17929.687500,-174.667239
17941.406250,-174.669977
17953.125000,-174.672709
17964.843750,-174.675433
17976.562500,-174.678152
17988.281250,-174.680864
18000.000000,-174.683570
18011.718750,-174.686277
18023.437500,-174.688966
18035.156250,-174.691656
18046.875000,-174.694341
18058.593750,-174.697016
18070.312500,-174.699677
18082.031250,-174.702348
18093.750000,-174.705011
18105.468750,-174.707668
18117.187500,-174.710316
18128.906250,-174.712957
18140.625000,-174.715594
18152.343750,-174.718195
18164.062500,-174.720850
18175.781250,-174.723475
18187.500000,-174.726084
18199.218750,-174.728691
18210.937500,-174.731294
18222.656250,-174.733890
18234.375000,-174.736480
18246.093750,-174.739067
18257.812500,-174.741639
18269.531250,-174.744217
18281.250000,-174.746810
18292.968750,-174.749350
18304.687500,-174.751903
18316.406250,-174.754454
18328.125000,-174.757008
18339.843750,-174.759539
18351.562500,-174.762069
18363.281250,-174.764601
18375.000000,-174.767131
18386.718750,-174.769645
18398.437500,-174.772152
18410.156250,-174.774655
18421.875000,-174.777155
18433.593750,-174.779650
18445.312500,-174.782137
18457.031250,-174.784622
18468.750000,-174.787098
18480.468750,-174.789566
18492.187500,-174.792036
18503.906250,-174.794497
18515.625000,-174.796950
18527.343750,-174.799401
18539.062500,-174.801865
18550.781250,-174.804283
18562.500000,-174.806713
18574.218750,-174.809142
18585.937500,-174.811563
18597.656250,-174.813979
18609.375000,-174.816387
18621.093750,-174.818793
18632.812500,-174.821192
18644.531250,-174.823587
18656.250000,-174.825972
18667.968750,-174.828355
18679.687500,-174.830735
18691.406250,-174.833105
18703.125000,-174.835468
18714.843750,-174.837832
18726.562500,-174.840187
18738.281250,-174.842535
18750.000000,-174.844884
18761.718750,-174.847238
18773.437500,-174.849546
18785.156250,-174.851879
18796.875000,-174.854200
18808.593750,-174.856515
18820.312500,-174.858831
18832.031250,-174.861135
18843.750000,-174.863437
18855.468750,-174.865726
18867.187500,-174.868053
18878.906250,-174.870300
18890.625000,-174.872582
18902.343750,-174.874852
18914.062500,-174.877119
18925.781250,-174.879384
18937.500000,-174.881638
18949.218750,-174.883893
18960.937500,-174.886136
18972.656250,-174.888370
18984.375000,-174.890609
18996.093750,-174.892841
19007.812500,-174.895063
19019.531250,-174.897278
19031.250000,-174.899492
19042.968750,-174.901706
19054.687500,-174.903908
19066.406250,-174.906100
19078.125000,-174.908295
19089.843750,-174.910467
19101.562500,-174.912659
19113.281250,-174.914837
19125.000000,-174.917014
19136.718750,-174.919175
19148.437500,-174.921332
19160.156250,-174.923483
19171.875000,-174.925638
19183.593750,-174.927775
19195.312500,-174.929914
19207.031250,-174.932046
19218.750000,-174.934171
19230.468750,-174.936289
19242.187500,-174.938411
19253.906250,-174.940520
19265.625000,-174.942627
19277.343750,-174.944729
19289.062500,-174.946833
19300.781250,-174.948909
19312.500000,-174.950995
19324.218750,-174.953077
19335.937500,-174.955149
19347.656250,-174.957218
19359.375000,-174.959290
19371.093750,-174.961339
19382.812500,-174.963387
19394.531250,-174.965436
19406.250000,-174.967480
19417.968750,-174.969514
19429.687500,-174.971545
19441.406250,-174.973574
19453.125000,-174.975578
19464.843750,-174.977605
19476.562500,-174.979614
19488.281250,-174.981621
19500.000000,-174.983615
19511.718750,-174.985610
19523.437500,-174.987596
19535.156250,-174.989582
19546.875000,-174.991554
19558.593750,-174.993533
19570.312500,-174.995496
19582.031250,-174.997461
19593.750000,-174.999320
19605.468750,-175.001370
19617.187500,-175.003317
19628.906250,-175.005250
19640.625000,-175.007196
19652.343750,-175.009121
19664.062500,-175.011041
19675.781250,-175.012966
19687.500000,-175.014876
19699.218750,-175.016785
19710.937500,-175.018691
19722.656250,-175.020587
19734.375000,-175.022483
19746.093750,-175.024370
19757.812500,-175.026253
19769.531250,-175.028132
19781.250000,-175.029999
19792.968750,-175.031871
19804.687500,-175.033725
19816.406250,-175.035584
19828.125000,-175.037437
19839.843750,-175.039278
19851.562500,-175.041122
19863.281250,-175.042950
19875.000000,-175.044782
19886.718750,-175.046609
19898.437500,-175.048425
19910.156250,-175.050233
19921.875000,-175.052050
19933.593750,-175.053850
19945.312500,-175.055646
19957.031250,-175.057443
19968.750000,-175.059228
19980.468750,-175.061010
19992.187500,-175.062786
20003.906250,-175.064557
20015.625000,-175.066326
20027.343750,-175.068085
20039.062500,-175.069819
20050.781250,-175.071592
20062.500000,-175.073345
20074.218750,-175.075071
20085.937500,-175.076805
20097.656250,-175.078539
20109.375000,-175.080261
20121.093750,-175.081957
20132.812500,-175.083696
20144.531250,-175.085400
20156.250000,-175.087094
20167.968750,-175.088799
20179.687500,-175.090495
20191.406250,-175.092182
20203.125000,-175.093862
20214.843750,-175.095537
20226.562500,-175.097210
20238.281250,-175.098874
20250.000000,-175.100528
20261.718750,-175.102194
20273.437500,-175.103840
20285.156250,-175.105486
20296.875000,-175.107118
20308.593750,-175.108756
20320.312500,-175.110384
20332.031250,-175.112016
20343.750000,-175.113628
20355.468750,-175.115240
20367.187500,-175.116846
20378.906250,-175.118453
20390.625000,-175.120046
20402.343750,-175.121645
20414.062500,-175.123223
20425.781250,-175.124805
20437.500000,-175.126384
20449.218750,-175.127934
20460.937500,-175.129515
20472.656250,-175.131079
20484.375000,-175.132647
20496.093750,-175.134177
20507.812500,-175.135725
20519.531250,-175.137265
20531.250000,-175.138794
20542.968750,-175.140328
20554.687500,-175.141847
20566.406250,-175.143365
20578.125000,-175.144872
20589.843750,-175.146386
20601.562500,-175.147877
20613.281250,-175.149379
20625.000000,-175.150878
20636.718750,-175.152359
20648.437500,-175.153838
20660.156250,-175.155315
20671.875000,-175.156793
20683.593750,-175.158260
20695.312500,-175.159706
20707.031250,-175.161162
20718.750000,-175.162615
20730.468750,-175.164070
20742.187500,-175.165492
20753.906250,-175.166928
20765.625000,-175.168354
20777.343750,-175.169780
20789.062500,-175.171192
20800.781250,-175.172605
20812.500000,-175.174013
20824.218750,-175.175413
20835.937500,-175.176809
20847.656250,-175.178204
20859.375000,-175.179587
20871.093750,-175.180974
20882.812500,-175.182350
20894.531250,-175.183714
20906.250000,-175.185086
20917.968750,-175.186436
20929.687500,-175.187788
20941.406250,-175.189138
20953.125000,-175.190481
20964.843750,-175.191820
20976.562500,-175.193149
20988.281250,-175.194478
21000.000000,-175.195799
21011.718750,-175.197118
21023.437500,-175.198447
21035.156250,-175.199736
21046.875000,-175.201030
21058.593750,-175.202328
21070.312500,-175.203598
21082.031250,-175.204909
21093.750000,-175.206180
21105.468750,-175.207452
21117.187500,-175.208728
21128.906250,-175.209994
21140.625000,-175.211254
21152.343750,-175.212523
21164.062500,-175.213752
21175.781250,-175.214991
21187.500000,-175.216232
21199.218750,-175.217463
21210.937500,-175.218690
21222.656250,-175.219911
21234.375000,-175.221129
21246.093750,-175.222354
21257.812500,-175.223543
21269.531250,-175.224749
21281.250000,-175.225949
21292.968750,-175.227143
21304.687500,-175.228316
21316.406250,-175.229496
21328.125000,-175.230712
21339.843750,-175.231839
21351.562500,-175.233119
21363.281250,-175.234158
21375.000000,-175.235309
21386.718750,-175.236460
21398.437500,-175.237605
21410.156250,-175.238746
21421.875000,-175.239876
21433.593750,-175.240996
21445.312500,-175.242117
21457.031250,-175.243236
21468.750000,-175.244341
21480.468750,-175.245451
21492.187500,-175.246551
21503.906250,-175.247650
21515.625000,-175.248736
21527.343750,-175.249815
21539.062500,-175.250896
21550.781250,-175.251973
21562.500000,-175.253033
21574.218750,-175.254105
21585.937500,-175.255162
21597.656250,-175.256213
21609.375000,-175.257263
21621.093750,-175.258304
21632.812500,-175.259344
21644.531250,-175.260370
21656.250000,-175.261417
21667.968750,-175.262420
21679.687500,-175.263456
21691.406250,-175.264449
21703.125000,-175.265450
21714.843750,-175.266450
21726.562500,-175.267443
21738.281250,-175.268432
21750.000000,-175.269426
21761.718750,-175.270390
21773.437500,-175.271377
21785.156250,-175.272343
21796.875000,-175.273309
21808.593750,-175.274267
21820.312500,-175.275218
21832.031250,-175.276172
21843.750000,-175.277119
21855.468750,-175.278044
21867.187500,-175.278979
21878.906250,-175.279898
21890.625000,-175.280860
21902.343750,-175.281743
21914.062500,-175.282653
21925.781250,-175.283551
21937.500000,-175.284529
21949.218750,-175.285354
21960.937500,-175.286245
21972.656250,-175.287129
21984.375000,-175.288014
21996.093750,-175.288880
22007.812500,-175.289762
22019.531250,-175.290620
22031.250000,-175.291467
22042.968750,-175.292326
22054.687500,-175.293177
22066.406250,-175.294022
22078.125000,-175.294853
22089.843750,-175.295690
22101.562500,-175.296499
22113.281250,-175.297340
22125.000000,-175.298155
22136.718750,-175.298972
22148.437500,-175.299776
22160.156250,-175.300575
22171.875000,-175.301375
22183.593750,-175.302158
22195.312500,-175.302950
22207.031250,-175.303732
22218.750000,-175.304506
22230.468750,-175.305277
22242.187500,-175.306044
22253.906250,-175.306800
22265.625000,-175.307556
22277.343750,-175.308306
22289.062500,-175.309046
22300.781250,-175.309776
22312.500000,-175.310517
22324.218750,-175.311250
22335.937500,-175.311967
22347.656250,-175.312691
22359.375000,-175.313396
22371.093750,-175.314114
22382.812500,-175.314815
22394.531250,-175.315516
22406.250000,-175.316201
22417.968750,-175.316891
22429.687500,-175.317582
22441.406250,-175.318249
22453.125000,-175.318929
22464.843750,-175.319601
22476.562500,-175.320251
22488.281250,-175.320910
22500.000000,-175.321556
22511.718750,-175.322206
22523.437500,-175.322846
22535.156250,-175.323486
22546.875000,-175.324111
22558.593750,-175.324737
22570.312500,-175.325356
22582.031250,-175.325970
22593.750000,-175.326583
22605.468750,-175.327184
22617.187500,-175.327789
22628.906250,-175.328382
22640.625000,-175.328997
22652.343750,-175.329551
22664.062500,-175.330134
22675.781250,-175.330721
22687.500000,-175.331283
22699.218750,-175.331838
22710.937500,-175.332392
22722.656250,-175.332948
22734.375000,-175.333497
22746.093750,-175.334045
22757.812500,-175.334582
22769.531250,-175.335115
22781.250000,-175.335641
22792.968750,-175.336162
22804.687500,-175.336680
22816.406250,-175.337194
22828.125000,-175.337698
22839.843750,-175.338206
22851.562500,-175.338708
22863.281250,-175.339194
22875.000000,-175.339679
22886.718750,-175.340157
22898.437500,-175.340639
22910.156250,-175.341109
22921.875000,-175.341577
22933.593750,-175.342035
22945.312500,-175.342495
22957.031250,-175.342944
22968.750000,-175.343390
22980.468750,-175.343796
22992.187500,-175.344265
23003.906250,-175.344700
23015.625000,-175.345124
23027.343750,-175.345544
23039.062500,-175.345958
23050.781250,-175.346370
23062.500000,-175.346778
23074.218750,-175.347237
23085.937500,-175.347565
23097.656250,-175.347961
23109.375000,-175.348349
23121.093750,-175.348726
23132.812500,-175.349103
23144.531250,-175.349492
23156.250000,-175.349840
23167.968750,-175.350200
23179.687500,-175.350538
23191.406250,-175.350902
23203.125000,-175.351245
23214.843750,-175.351582
23226.562500,-175.351919
23238.281250,-175.352244
23250.000000,-175.352573
23261.718750,-175.352892
23273.437500,-175.353209
23285.156250,-175.353518
23296.875000,-175.353827
23308.593750,-175.354124
23320.312500,-175.354412
23332.031250,-175.354700
23343.750000,-175.354985
23355.468750,-175.355267
23367.187500,-175.355544
23378.906250,-175.355805
23390.625000,-175.355919
23402.343750,-175.356330
23414.062500,-175.356585
23425.781250,-175.356836
23437.500000,-175.357083
23449.218750,-175.357315
23460.937500,-175.357550
23472.656250,-175.357780
23484.375000,-175.357998
23496.093750,-175.358211
23507.812500,-175.358430
23519.531250,-175.358637
23531.250000,-175.358822
23542.968750,-175.359040
23554.687500,-175.359227
23566.406250,-175.359422
23578.125000,-175.359610
23589.843750,-175.359782
23601.562500,-175.359976
23613.281250,-175.360113
23625.000000,-175.360287
23636.718750,-175.360449
23648.437500,-175.360601
23660.156250,-175.360740
23671.875000,-175.360891
23683.593750,-175.361028
23695.312500,-175.361162
23707.031250,-175.361296
23718.750000,-175.361408
23730.468750,-175.361538
23742.187500,-175.361646
23753.906250,-175.361748
23765.625000,-175.361858
23777.343750,-175.361956
23789.062500,-175.362045
23800.781250,-175.362127
23812.500000,-175.362216
23824.218750,-175.362283
23835.937500,-175.362366
23847.656250,-175.362422
23859.375000,-175.362499
23871.093750,-175.362553
23882.812500,-175.362596
23894.531250,-175.362654
23906.250000,-175.362694
23917.968750,-175.362732
23929.687500,-175.362759
23941.406250,-175.362794
23953.125000,-175.362818
23964.843750,-175.362831
23976.562500,-175.362827
23988.281250,-175.362851
