-24000.000000,-197.437829
-23988.281250,-157.532882
-23976.562500,-154.159091
-23964.843750,-151.335772
-23953.125000,-152.647373
-23941.406250,-146.396979
-23929.687500,-145.198881
-23917.968750,-134.535555
-23906.250000,-135.890725
-23894.531250,-148.139748
-23882.812500,-145.131161
-23871.093750,-143.428762
-23859.375000,-137.890276
-23847.656250,-136.048848
-23835.937500,-132.341622
-23824.218750,-136.718586
-23812.500000,-139.961287
-23800.781250,-132.784319
-23789.062500,-125.346258
-23777.343750,-123.953288
-23765.625000,-128.384807
-23753.906250,-133.642164
-23742.187500,-136.922301
-23730.468750,-136.075052
-23718.750000,-130.424102
-23707.031250,-128.266881
-23695.312500,-133.819546
-23683.593750,-128.503066
-23671.875000,-133.440935
-23660.156250,-125.169807
-23648.437500,-122.894707
-23636.718750,-127.145895
-23625.000000,-130.232146
-23613.281250,-123.223081
-23601.562500,-121.344402
-23589.843750,-128.421437
-23578.125000,-129.387789
-23566.406250,-124.924044
-23554.687500,-130.842072
-23542.968750,-123.693477
-23531.250000,-123.508111
-23519.531250,-135.902101
-23507.812500,-125.590686
-23496.093750,-123.176969
-23484.375000,-128.217530
-23472.656250,-122.954675
-23460.937500,-122.444201
-23449.218750,-127.785152
-23437.500000,-128.173890
-23425.781250,-126.904224
-23414.062500,-122.668068
-23402.343750,-122.780205
-23390.625000,-128.671965
-23378.906250,-126.567430
-23367.187500,-121.887320
-23355.468750,-133.522416
-23343.750000,-122.466681
-23332.031250,-118.471283
-23320.312500,-119.045238
-23308.593750,-123.419920
-23296.875000,-141.928842
-23285.156250,-135.801193
-23273.437500,-124.710548
-23261.718750,-125.730303
-23250.000000,-129.549392
-23238.281250,-120.261597
-23226.562500,-131.863648
-23214.843750,-116.572113
-23203.125000,-113.341621
-23191.406250,-118.662261
-23179.687500,-116.631335
-23167.968750,-120.145579
-23156.250000,-118.253888
-23144.531250,-120.410295
-23132.812500,-124.976406
-23121.093750,-126.437331
-23109.375000,-116.848592
-23097.656250,-117.583267
-23085.937500,-125.279123
-23074.218750,-117.541584
-23062.500000,-118.508624
-23050.781250,-118.928645
-23039.062500,-118.914937
-23027.343750,-125.996257
-23015.625000,-122.039337
-23003.906250,-116.028916
-22992.187500,-123.572626
-22980.468750,-136.192904
-22968.750000,-126.379366
-22957.031250,-132.159665
-22945.312500,-122.089563
-22933.593750,-129.458218
-22921.875000,-132.120267
-22910.156250,-119.629535
-22898.437500,-124.661310
-22886.718750,-118.179863
-22875.000000,-121.498985
-22863.281250,-122.172986
-22851.562500,-122.635257
-22839.843750,-128.401023
-22828.125000,-115.237020
-22816.406250,-120.484373
-22804.687500,-118.184191
-22792.968750,-119.399700
-22781.250000,-121.338934
-22769.531250,-126.945342
-22757.812500,-121.018822
-22746.093750,-120.490496
-22734.375000,-120.766528
-22722.656250,-120.502859
-22710.937500,-125.041611
-22699.218750,-123.071411
-22687.500000,-118.265747
-22675.781250,-117.323577
-22664.062500,-123.540871
-22652.343750,-124.920878
-22640.625000,-133.326808
-22628.906250,-121.917345
-22617.187500,-115.226373
-22605.468750,-117.509142
-22593.750000,-116.639170
-22582.031250,-117.848574
-22570.312500,-119.773291
-22558.593750,-122.964452
-22546.875000,-130.547784
-22535.156250,-121.931250
-22523.437500,-122.856871
-22511.718750,-124.774427
-22500.000000,-122.653907
-22488.281250,-121.008834
-22476.562500,-122.179908
-22464.843750,-132.389398
-22453.125000,-121.924115
-22441.406250,-124.364278
-22429.687500,-138.977813
-22417.968750,-129.550188
-22406.250000,-120.507758
-22394.531250,-118.633011
-22382.812500,-117.848590
-22371.093750,-114.745657
-22359.375000,-115.968032
-22347.656250,-121.902403
-22335.937500,-128.950481
-22324.218750,-132.724978
-22312.500000,-117.832852
-22300.781250,-113.948217
-22289.062500,-116.974957
-22277.343750,-120.805937
-22265.625000,-115.884989
-22253.906250,-118.976989
-22242.187500,-121.931138
-22230.468750,-131.471110
-22218.750000,-125.305226
-22207.031250,-114.250879
-22195.312500,-117.162946
-22183.593750,-120.830121
-22171.875000,-128.000694
-22160.156250,-115.947120
-22148.437500,-123.594028
-22136.718750,-119.277882
-22125.000000,-126.022068
-22113.281250,-116.011088
-22101.562500,-114.461534
-22089.843750,-112.683833
-22078.125000,-113.103480
-22066.406250,-113.786305
-22054.687500,-125.335154
-22042.968750,-126.222345
-22031.250000,-121.684015
-22019.531250,-128.077508
-22007.812500,-125.736181
-21996.093750,-122.868549
-21984.375000,-120.674042
-21972.656250,-126.601847
-21960.937500,-123.366403
-21949.218750,-118.420441
-21937.500000,-114.860058
-21925.781250,-128.055739
-21914.062500,-118.931027
-21902.343750,-116.775036
-21890.625000,-124.127993
-21878.906250,-131.046728
-21867.187500,-115.908924
-21855.468750,-113.462599
-21843.750000,-123.294402
-21832.031250,-117.167461
-21820.312500,-118.260341
-21808.593750,-115.785174
-21796.875000,-112.375539
-21785.156250,-122.482928
-21773.437500,-121.425022
-21761.718750,-119.024856
-21750.000000,-121.747784
-21738.281250,-115.224667
-21726.562500,-114.826619
-21714.843750,-122.177292
-21703.125000,-117.943464
-21691.406250,-114.635537
-21679.687500,-113.438152
-21667.968750,-113.913093
-21656.250000,-122.312111
-21644.531250,-123.157777
-21632.812500,-121.756691
-21621.093750,-124.054569
-21609.375000,-118.948834
-21597.656250,-132.052394
-21585.937500,-127.675754
-21574.218750,-118.812210
-21562.500000,-121.623280
-21550.781250,-114.885154
-21539.062500,-119.935925
-21527.343750,-128.946546
-21515.625000,-129.586034
-21503.906250,-136.635982
-21492.187500,-125.435075
-21480.468750,-120.969591
-21468.750000,-123.834522
-21457.031250,-117.505133
-21445.312500,-118.983937
-21433.593750,-116.300580
-21421.875000,-122.339914
-21410.156250,-117.957478
-21398.437500,-112.848548
-21386.718750,-112.374325
-21375.000000,-119.259576
-21363.281250,-118.000685
-21351.562500,-116.848343
-21339.843750,-122.622169
-21328.125000,-119.511495
-21316.406250,-113.236158
-21304.687500,-115.717732
-21292.968750,-126.039208
-21281.250000,-118.671637
-21269.531250,-113.496085
-21257.812500,-116.233508
-21246.093750,-122.155730
-21234.375000,-125.399114
-21222.656250,-122.693384
-21210.937500,-114.654327
-21199.218750,-119.470054
-21187.500000,-123.291676
-21175.781250,-117.921882
-21164.062500,-114.059831
-21152.343750,-129.551274
-21140.625000,-118.562018
-21128.906250,-123.787445
-21117.187500,-113.363034
-21105.468750,-115.576455
-21093.750000,-121.804153
-21082.031250,-118.754131
-21070.312500,-127.065382
-21058.593750,-112.270394
-21046.875000,-118.750013
-21035.156250,-119.398026
-21023.437500,-122.741848
-21011.718750,-125.035282
-21000.000000,-120.175126
-20988.281250,-117.158669
-20976.562500,-117.329157
-20964.843750,-120.547484
-20953.125000,-120.048291
-20941.406250,-109.776090
-20929.687500,-112.410064
-20917.968750,-118.288390
-20906.250000,-120.399002
-20894.531250,-124.719849
-20882.812500,-128.568175
-20871.093750,-119.842081
-20859.375000,-113.058073
-20847.656250,-117.803008
-20835.937500,-129.581416
-20824.218750,-130.970962
-20812.500000,-121.475065
-20800.781250,-110.535481
-20789.062500,-117.560692
-20777.343750,-118.980885
-20765.625000,-121.349298
-20753.906250,-132.671389
-20742.187500,-117.812518
-20730.468750,-117.909662
-20718.750000,-121.099084
-20707.031250,-123.049912
-20695.312500,-118.332250
-20683.593750,-113.942220
-20671.875000,-116.196328
-20660.156250,-124.979510
-20648.437500,-121.086107
-20636.718750,-140.705707
-20625.000000,-123.585572
-20613.281250,-128.144613
-20601.562500,-116.218309
-20589.843750,-117.132264
-20578.125000,-125.007130
-20566.406250,-116.836035
-20554.687500,-114.285999
-20542.968750,-130.505163
-20531.250000,-116.930165
-20519.531250,-117.367831
-20507.812500,-117.760824
-20496.093750,-120.456476
-20484.375000,-118.389309
-20472.656250,-118.246783
-20460.937500,-121.806321
-20449.218750,-123.840646
-20437.500000,-122.763383
-20425.781250,-131.195223
-20414.062500,-128.861537
-20402.343750,-134.082834
-20390.625000,-118.539048
-20378.906250,-119.962120
-20367.187500,-117.594498
-20355.468750,-126.810509
-20343.750000,-127.198457
-20332.031250,-123.404375
-20320.312500,-117.312235
-20308.593750,-116.483372
-20296.875000,-118.194494
-20285.156250,-117.445336
-20273.437500,-115.041877
-20261.718750,-122.939934
-20250.000000,-125.279485
-20238.281250,-128.192054
-20226.562500,-117.297494
-20214.843750,-120.042209
-20203.125000,-125.097438
-20191.406250,-121.777634
-20179.687500,-121.117564
-20167.968750,-116.503566
-20156.250000,-120.336320
-20144.531250,-119.459567
-20132.812500,-121.711727
-20121.093750,-116.474548
-20109.375000,-116.196491
-20097.656250,-121.643536
-20085.937500,-116.909068
-20074.218750,-114.725364
-20062.500000,-115.016644
-20050.781250,-112.189125
-20039.062500,-122.249658
-20027.343750,-122.622880
-20015.625000,-136.385454
-20003.906250,-123.296361
-19992.187500,-120.297910
-19980.468750,-119.336313
-19968.750000,-119.577715
-19957.031250,-121.197355
-19945.312500,-113.162421
-19933.593750,-119.177718
-19921.875000,-130.277351
-19910.156250,-115.734487
-19898.437500,-114.840962
-19886.718750,-127.551706
-19875.000000,-124.394160
-19863.281250,-120.697803
-19851.562500,-118.725005
-19839.843750,-117.544108
-19828.125000,-113.401584
-19816.406250,-115.941574
-19804.687500,-115.161631
-19792.968750,-114.184037
-19781.250000,-123.803055
-19769.531250,-125.373993
-19757.812500,-116.703234
-19746.093750,-125.100129
-19734.375000,-123.272347
-19722.656250,-123.144140
-19710.937500,-117.861063
-19699.218750,-118.946904
-19687.500000,-115.409282
-19675.781250,-117.026328
-19664.062500,-119.716355
-19652.343750,-128.996701
-19640.625000,-116.676637
-19628.906250,-113.899542
-19617.187500,-113.745303
-19605.468750,-123.830379
-19593.750000,-118.781488
-19582.031250,-122.270816
-19570.312500,-119.499878
-19558.593750,-118.751743
-19546.875000,-120.579806
-19535.156250,-125.023741
-19523.437500,-121.056191
-19511.718750,-120.439939
-19500.000000,-123.065994
-19488.281250,-118.698002
-19476.562500,-121.735748
-19464.843750,-126.073376
-19453.125000,-123.032653
-19441.406250,-116.975584
-19429.687500,-115.235888
-19417.968750,-122.096682
-19406.250000,-118.160497
-19394.531250,-116.556636
-19382.812500,-126.702232
-19371.093750,-125.814800
-19359.375000,-144.623445
-19347.656250,-130.003162
-19335.937500,-123.615178
-19324.218750,-122.191307
-19312.500000,-123.355711
-19300.781250,-132.318482
-19289.062500,-129.075224
-19277.343750,-124.801353
-19265.625000,-129.006781
-19253.906250,-128.875472
-19242.187500,-129.471820
-19230.468750,-136.392512
-19218.750000,-142.136800
-19207.031250,-144.551235
-19195.312500,-145.630084
-19183.593750,-135.366923
-19171.875000,-135.405714
-19160.156250,-139.346830
-19148.437500,-134.298610
-19136.718750,-122.872070
-19125.000000,-127.634419
-19113.281250,-127.338264
-19101.562500,-122.530792
-19089.843750,-121.866033
-19078.125000,-123.951876
-19066.406250,-123.475573
-19054.687500,-119.394075
-19042.968750,-128.439941
-19031.250000,-119.101946
-19019.531250,-115.691403
-19007.812500,-119.842112
-18996.093750,-115.663788
-18984.375000,-118.007594
-18972.656250,-125.659088
-18960.937500,-117.158361
-18949.218750,-113.241246
-18937.500000,-115.142203
-18925.781250,-113.804783
-18914.062500,-111.987594
-18902.343750,-111.001074
-18890.625000,-113.200615
-18878.906250,-112.181207
-18867.187500,-111.584222
-18855.468750,-110.820663
-18843.750000,-113.236008
-18832.031250,-110.524038
-18820.312500,-112.528780
-18808.593750,-136.014151
-18796.875000,-113.735772
-18785.156250,-113.279390
-18773.437500,-123.284714
-18761.718750,-116.370692
-18750.000000,-116.026192
-18738.281250,-117.358794
-18726.562500,-117.248567
-18714.843750,-114.516164
-18703.125000,-118.477180
-18691.406250,-113.313778
-18679.687500,-117.149953
-18667.968750,-116.616231
-18656.250000,-111.770740
-18644.531250,-113.858311
-18632.812500,-117.658694
-18621.093750,-113.562637
-18609.375000,-115.250074
-18597.656250,-130.838754
-18585.937500,-115.465626
-18574.218750,-109.378504
-18562.500000,-109.619787
-18550.781250,-121.540934
-18539.062500,-118.072960
-18527.343750,-123.563562
-18515.625000,-117.323257
-18503.906250,-113.519760
-18492.187500,-113.181312
-18480.468750,-116.835958
-18468.750000,-119.289733
-18457.031250,-115.207142
-18445.312500,-108.448219
-18433.593750,-112.625815
-18421.875000,-113.791291
-18410.156250,-116.177557
-18398.437500,-113.788057
-18386.718750,-118.548181
-18375.000000,-119.133526
-18363.281250,-112.712727
-18351.562500,-110.769450
-18339.843750,-112.486803
-18328.125000,-107.471693
-18316.406250,-109.340391
-18304.687500,-107.913182
-18292.968750,-108.940455
-18281.250000,-114.493820
-18269.531250,-114.092378
-18257.812500,-112.901035
-18246.093750,-126.586090
-18234.375000,-114.609893
-18222.656250,-107.661386
-18210.937500,-108.741540
-18199.218750,-115.456982
-18187.500000,-107.596658
-18175.781250,-112.227856
-18164.062500,-119.434602
-18152.343750,-113.552598
-18140.625000,-105.249737
-18128.906250,-112.136914
-18117.187500,-108.242086
-18105.468750,-108.335601
-18093.750000,-107.660524
-18082.031250,-105.705248
-18070.312500,-113.317056
-18058.593750,-110.692951
-18046.875000,-104.442278
-18035.156250,-106.284476
-18023.437500,-114.544239
-18011.718750,-111.640675
-18000.000000,-119.683202
-17988.281250,-108.869007
-17976.562500,-106.116138
-17964.843750,-104.646949
-17953.125000,-105.003103
-17941.406250,-107.837579
-17929.687500,-112.426176
-17917.968750,-113.988083
-17906.250000,-109.566251
-17894.531250,-108.417356
-17882.812500,-106.451788
-17871.093750,-105.926229
-17859.375000,-103.779988
-17847.656250,-103.127353
-17835.937500,-109.608495
-17824.218750,-110.876224
-17812.500000,-104.835737
-17800.781250,-105.924432
-17789.062500,-106.186429
-17777.343750,-106.739395
-17765.625000,-106.617088
-17753.906250,-113.853490
-17742.187500,-108.278300
-17730.468750,-104.725517
-17718.750000,-114.679556
-17707.031250,-111.149893
-17695.312500,-107.015193
-17683.593750,-101.578292
-17671.875000,-100.715286
-17660.156250,-107.219065
-17648.437500,-110.755783
-17636.718750,-108.155881
-17625.000000,-102.927512
-17613.281250,-99.219173
-17601.562500,-106.949721
-17589.843750,-106.218444
-17578.125000,-106.112592
-17566.406250,-109.380663
-17554.687500,-108.581261
-17542.968750,-103.183191
-17531.250000,-106.305829
-17519.531250,-113.676624
-17507.812500,-105.193086
-17496.093750,-103.591723
-17484.375000,-107.991317
-17472.656250,-110.355767
-17460.937500,-104.416516
-17449.218750,-99.730266
-17437.500000,-103.253943
-17425.781250,-100.377452
-17414.062500,-109.804005
-17402.343750,-121.382293
-17390.625000,-103.235879
-17378.906250,-100.118863
-17367.187500,-112.857792
-17355.468750,-110.316126
-17343.750000,-108.702031
-17332.031250,-107.052830
-17320.312500,-112.706742
-17308.593750,-106.690237
-17296.875000,-107.667080
-17285.156250,-109.943645
-17273.437500,-106.918795
-17261.718750,-102.933125
-17250.000000,-101.215191
-17238.281250,-104.688823
-17226.562500,-107.069605
-17214.843750,-106.089377
-17203.125000,-102.034725
-17191.406250,-104.256574
-17179.687500,-109.461068
-17167.968750,-103.886437
-17156.250000,-108.460559
-17144.531250,-103.537287
-17132.812500,-139.298806
-17121.093750,-98.030364
-17109.375000,-98.671204
-17097.656250,-114.791934
-17085.937500,-107.337975
-17074.218750,-102.728306
-17062.500000,-102.912404
-17050.781250,-111.148080
-17039.062500,-103.098744
-17027.343750,-109.760480
-17015.625000,-109.376322
-17003.906250,-103.101789
-16992.187500,-105.932965
-16980.468750,-115.778356
-16968.750000,-102.060390
-16957.031250,-101.395581
-16945.312500,-102.750624
-16933.593750,-102.622310
-16921.875000,-106.064866
-16910.156250,-105.494000
-16898.437500,-107.325875
-16886.718750,-107.559775
-16875.000000,-104.128716
-16863.281250,-107.538252
-16851.562500,-101.066348
-16839.843750,-99.222213
-16828.125000,-116.346830
-16816.406250,-105.011174
-16804.687500,-99.200747
-16792.968750,-97.590671
-16781.250000,-100.489623
-16769.531250,-99.436569
-16757.812500,-103.297342
-16746.093750,-98.588963
-16734.375000,-97.835555
-16722.656250,-105.156930
-16710.937500,-106.237157
-16699.218750,-133.467310
-16687.500000,-99.693223
-16675.781250,-98.147894
-16664.062500,-108.331717
-16652.343750,-100.740527
-16640.625000,-104.840696
-16628.906250,-108.400274
-16617.187500,-102.799562
-16605.468750,-104.447221
-16593.750000,-115.614687
-16582.031250,-104.520575
-16570.312500,-100.859096
-16558.593750,-100.296943
-16546.875000,-107.546744
-16535.156250,-116.014499
-16523.437500,-107.794844
-16511.718750,-104.559863
-16500.000000,-101.844317
-16488.281250,-109.415511
-16476.562500,-122.633795
-16464.843750,-109.344304
-16453.125000,-101.360719
-16441.406250,-103.965147
-16429.687500,-101.795736
-16417.968750,-103.973717
-16406.250000,-100.935700
-16394.531250,-102.615412
-16382.812500,-103.118059
-16371.093750,-120.457367
-16359.375000,-101.709237
-16347.656250,-111.124964
-16335.937500,-99.216454
-16324.218750,-94.774082
-16312.500000,-93.652571
-16300.781250,-94.849281
-16289.062500,-100.599714
-16277.343750,-107.079127
-16265.625000,-105.516776
-16253.906250,-105.375413
-16242.187500,-104.893813
-16230.468750,-100.210673
-16218.750000,-96.503814
-16207.031250,-98.809247
-16195.312500,-108.967937
-16183.593750,-98.191417
-16171.875000,-99.399009
-16160.156250,-106.707981
-16148.437500,-102.329032
-16136.718750,-102.374450
-16125.000000,-97.875372
-16113.281250,-92.332101
-16101.562500,-98.132563
-16089.843750,-96.567976
-16078.125000,-94.239215
-16066.406250,-103.310473
-16054.687500,-93.682808
-16042.968750,-90.975552
-16031.250000,-99.341212
-16019.531250,-109.736373
-16007.812500,-101.199740
-15996.093750,-107.237543
-15984.375000,-96.151641
-15972.656250,-94.339986
-15960.937500,-97.040149
-15949.218750,-102.636140
-15937.500000,-104.589426
-15925.781250,-104.227834
-15914.062500,-101.799901
-15902.343750,-102.424026
-15890.625000,-94.917276
-15878.906250,-93.419413
-15867.187500,-93.361473
-15855.468750,-92.483652
-15843.750000,-92.680433
-15832.031250,-97.569405
-15820.312500,-98.535648
-15808.593750,-94.991003
-15796.875000,-95.046139
-15785.156250,-95.023598
-15773.437500,-92.149171
-15761.718750,-92.946770
-15750.000000,-102.688294
-15738.281250,-92.962775
-15726.562500,-97.852700
-15714.843750,-97.747984
-15703.125000,-113.041791
-15691.406250,-94.509454
-15679.687500,-89.755010
-15667.968750,-91.557265
-15656.250000,-100.086517
-15644.531250,-101.436676
-15632.812500,-96.422527
-15621.093750,-91.233101
-15609.375000,-91.533617
-15597.656250,-93.178943
-15585.937500,-90.058082
-15574.218750,-91.676154
-15562.500000,-93.383631
-15550.781250,-91.570761
-15539.062500,-91.288163
-15527.343750,-97.566290
-15515.625000,-96.816573
-15503.906250,-99.258372
-15492.187500,-99.102251
-15480.468750,-91.997973
-15468.750000,-97.436438
-15457.031250,-92.492847
-15445.312500,-92.953808
-15433.593750,-96.869544
-15421.875000,-91.770025
-15410.156250,-102.901286
-15398.437500,-98.943949
-15386.718750,-88.327285
-15375.000000,-89.142458
-15363.281250,-102.546333
-15351.562500,-104.628062
-15339.843750,-98.953468
-15328.125000,-97.736453
-15316.406250,-91.140878
-15304.687500,-90.429022
-15292.968750,-96.977931
-15281.250000,-89.837317
-15269.531250,-89.923396
-15257.812500,-88.523870
-15246.093750,-89.189842
-15234.375000,-95.284870
-15222.656250,-98.109741
-15210.937500,-89.112226
-15199.218750,-86.087879
-15187.500000,-92.375845
-15175.781250,-90.557436
-15164.062500,-89.157150
-15152.343750,-94.990781
-15140.625000,-108.171184
-15128.906250,-92.157712
-15117.187500,-86.487893
-15105.468750,-93.177635
-15093.750000,-87.289916
-15082.031250,-87.217426
-15070.312500,-91.405499
-15058.593750,-92.669932
-15046.875000,-97.117335
-15035.156250,-96.122128
-15023.437500,-94.821725
-15011.718750,-89.102989
-15000.000000,-90.558480
-14988.281250,-102.536645
-14976.562500,-89.424855
-14964.843750,-86.449699
-14953.125000,-89.966090
-14941.406250,-89.662278
-14929.687500,-89.671157
-14917.968750,-101.851344
-14906.250000,-103.023671
-14894.531250,-92.598608
-14882.812500,-87.793927
-14871.093750,-88.547024
-14859.375000,-93.176005
-14847.656250,-84.631145
-14835.937500,-85.722018
-14824.218750,-88.008224
-14812.500000,-82.060651
-14800.781250,-81.578954
-14789.062500,-83.074918
-14777.343750,-83.387305
-14765.625000,-83.486630
-14753.906250,-83.936908
-14742.187500,-75.284205
-14730.468750,-80.299168
-14718.750000,-86.609331
-14707.031250,-90.024016
-14695.312500,-89.891263
-14683.593750,-84.536045
-14671.875000,-83.038325
-14660.156250,-85.530909
-14648.437500,-77.995293
-14636.718750,-78.100241
-14625.000000,-79.354075
-14613.281250,-80.509403
-14601.562500,-94.492127
-14589.843750,-81.204885
-14578.125000,-86.941616
-14566.406250,-93.832824
-14554.687500,-85.125578
-14542.968750,-80.976209
-14531.250000,-79.735785
-14519.531250,-81.135994
-14507.812500,-88.638673
-14496.093750,-78.743565
-14484.375000,-77.954088
-14472.656250,-80.505849
-14460.937500,-78.236344
-14449.218750,-90.989485
-14437.500000,-90.122890
-14425.781250,-81.942314
-14414.062500,-82.473435
-14402.343750,-80.513884
-14390.625000,-82.465903
-14378.906250,-80.715988
-14367.187500,-90.370620
-14355.468750,-77.401540
-14343.750000,-77.989602
-14332.031250,-78.452920
-14320.312500,-77.437544
-14308.593750,-76.848925
-14296.875000,-84.953030
-14285.156250,-81.624028
-14273.437500,-79.788896
-14261.718750,-80.681754
-14250.000000,-86.215682
-14238.281250,-86.297184
-14226.562500,-85.386951
-14214.843750,-84.735231
-14203.125000,-84.021704
-14191.406250,-86.487437
-14179.687500,-81.184374
-14167.968750,-83.728978
-14156.250000,-89.812942
-14144.531250,-97.625747
-14132.812500,-92.303237
-14121.093750,-87.403012
-14109.375000,-92.322248
-14097.656250,-91.140685
-14085.937500,-90.609390
-14074.218750,-87.641803
-14062.500000,-87.792608
-14050.781250,-84.350092
-14039.062500,-85.254600
-14027.343750,-90.783071
-14015.625000,-97.874298
-14003.906250,-96.582918
-13992.187500,-104.651681
-13980.468750,-98.412670
-13968.750000,-91.967123
-13957.031250,-96.608753
-13945.312500,-111.059883
-13933.593750,-97.311113
-13921.875000,-118.018934
-13910.156250,-103.557349
-13898.437500,-89.717300
-13886.718750,-93.043334
-13875.000000,-99.177467
-13863.281250,-93.733570
-13851.562500,-91.018918
-13839.843750,-92.207939
-13828.125000,-96.555372
-13816.406250,-98.202570
-13804.687500,-103.588253
-13792.968750,-96.180610
-13781.250000,-96.288614
-13769.531250,-92.019061
-13757.812500,-104.976003
-13746.093750,-90.481147
-13734.375000,-92.094756
-13722.656250,-99.512986
-13710.937500,-100.926594
-13699.218750,-99.525344
-13687.500000,-94.506724
-13675.781250,-94.077735
-13664.062500,-97.059097
-13652.343750,-99.495830
-13640.625000,-97.233611
-13628.906250,-95.533643
-13617.187500,-95.717121
-13605.468750,-95.958664
-13593.750000,-96.583517
-13582.031250,-95.997528
-13570.312500,-93.500359
-13558.593750,-94.917934
-13546.875000,-100.898688
-13535.156250,-116.233638
-13523.437500,-110.189901
-13511.718750,-114.196378
-13500.000000,-106.855079
-13488.281250,-98.454979
-13476.562500,-97.016674
-13464.843750,-100.306439
-13453.125000,-98.239744
-13441.406250,-104.056846
-13429.687500,-107.180092
-13417.968750,-100.794351
-13406.250000,-99.546854
-13394.531250,-101.546772
-13382.812500,-103.033005
-13371.093750,-104.893766
-13359.375000,-106.600543
-13347.656250,-106.768134
-13335.937500,-108.236716
-13324.218750,-104.807708
-13312.500000,-100.565471
-13300.781250,-102.827860
-13289.062500,-108.560244
-13277.343750,-105.614759
-13265.625000,-104.689970
-13253.906250,-102.739417
-13242.187500,-100.469170
-13230.468750,-119.677027
-13218.750000,-104.346432
-13207.031250,-101.835119
-13195.312500,-100.774089
-13183.593750,-103.219020
-13171.875000,-107.134153
-13160.156250,-105.933003
-13148.437500,-106.873323
-13136.718750,-109.643543
-13125.000000,-111.320407
-13113.281250,-113.984677
-13101.562500,-107.523914
-13089.843750,-102.421959
-13078.125000,-103.772811
-13066.406250,-109.050921
-13054.687500,-107.928210
-13042.968750,-117.444052
-13031.250000,-114.991001
-13019.531250,-112.520564
-13007.812500,-108.661316
-12996.093750,-110.714070
-12984.375000,-115.950059
-12972.656250,-106.125984
-12960.937500,-106.058012
-12949.218750,-109.406711
-12937.500000,-108.117115
-12925.781250,-121.422930
-12914.062500,-126.294665
-12902.343750,-106.707865
-12890.625000,-121.009334
-12878.906250,-104.303600
-12867.187500,-115.388259
-12855.468750,-120.297386
-12843.750000,-106.415905
-12832.031250,-109.083738
-12820.312500,-113.810788
-12808.593750,-118.527224
-12796.875000,-116.963069
-12785.156250,-117.520831
-12773.437500,-112.712530
-12761.718750,-113.794744
-12750.000000,-106.204764
-12738.281250,-103.877471
-12726.562500,-119.793145
-12714.843750,-113.291793
-12703.125000,-110.508232
-12691.406250,-119.228221
-12679.687500,-116.176029
-12667.968750,-120.315052
-12656.250000,-113.853883
-12644.531250,-110.403664
-12632.812500,-110.553923
-12621.093750,-114.444738
-12609.375000,-116.667625
-12597.656250,-121.826148
-12585.937500,-121.155201
-12574.218750,-124.324717
-12562.500000,-152.527662
-12550.781250,-117.523841
-12539.062500,-117.879597
-12527.343750,-117.263235
-12515.625000,-123.706806
-12503.906250,-127.274001
-12492.187500,-116.845067
-12480.468750,-116.064098
-12468.750000,-128.549005
-12457.031250,-133.542250
-12445.312500,-118.485093
-12433.593750,-123.385691
-12421.875000,-130.451656
-12410.156250,-119.036374
-12398.437500,-126.374419
-12386.718750,-121.993494
-12375.000000,-123.480747
-12363.281250,-120.493325
-12351.562500,-120.616168
-12339.843750,-130.016806
-12328.125000,-142.320545
-12316.406250,-124.225842
-12304.687500,-121.082907
-12292.968750,-123.974080
-12281.250000,-126.284468
-12269.531250,-127.245888
-12257.812500,-129.897942
-12246.093750,-130.701250
-12234.375000,-124.620961
-12222.656250,-132.031066
-12210.937500,-127.128275
-12199.218750,-142.570982
-12187.500000,-128.556483
-12175.781250,-122.653476
-12164.062500,-127.927086
-12152.343750,-138.076958
-12140.625000,-133.803375
-12128.906250,-137.185805
-12117.187500,-149.013004
-12105.468750,-144.476508
-12093.750000,-132.715539
-12082.031250,-142.219653
-12070.312500,-144.750446
-12058.593750,-135.551328
-12046.875000,-139.198927
-12035.156250,-145.694398
-12023.437500,-151.652822
-12011.718750,-150.384176
-12000.000000,-195.546697
-11988.281250,-162.347613
-11976.562500,-148.592612
-11964.843750,-135.371332
-11953.125000,-135.117492
-11941.406250,-137.586543
-11929.687500,-134.930405
-11917.968750,-151.781149
-11906.250000,-133.250973
-11894.531250,-126.304266
-11882.812500,-145.660031
-11871.093750,-156.153176
-11859.375000,-129.192410
-11847.656250,-128.547561
-11835.937500,-128.688223
-11824.218750,-136.286873
-11812.500000,-129.588692
-11800.781250,-121.720969
-11789.062500,-122.248081
-11777.343750,-126.415493
-11765.625000,-129.859325
-11753.906250,-125.938361
-11742.187500,-120.768598
-11730.468750,-124.404132
-11718.750000,-129.688044
-11707.031250,-126.679076
-11695.312500,-121.979011
-11683.593750,-121.534184
-11671.875000,-128.196381
-11660.156250,-123.906146
-11648.437500,-119.339476
-11636.718750,-121.525874
-11625.000000,-123.078883
-11613.281250,-121.363701
-11601.562500,-121.974140
-11589.843750,-124.008210
-11578.125000,-119.432334
-11566.406250,-117.738295
-11554.687500,-125.934483
-11542.968750,-121.710059
-11531.250000,-118.741434
-11519.531250,-118.149149
-11507.812500,-118.906691
-11496.093750,-120.178839
-11484.375000,-123.515565
-11472.656250,-121.190835
-11460.937500,-121.530707
-11449.218750,-127.695111
-11437.500000,-121.434253
-11425.781250,-121.970037
-11414.062500,-113.403456
-11402.343750,-112.455849
-11390.625000,-123.644607
-11378.906250,-122.594617
-11367.187500,-119.973733
-11355.468750,-115.337229
-11343.750000,-124.087853
-11332.031250,-119.362260
-11320.312500,-131.693961
-11308.593750,-122.163634
-11296.875000,-120.462344
-11285.156250,-119.382687
-11273.437500,-114.065022
-11261.718750,-123.091345
-11250.000000,-132.627930
-11238.281250,-121.688902
-11226.562500,-127.055198
-11214.843750,-119.593897
-11203.125000,-120.243307
-11191.406250,-117.743227
-11179.687500,-120.093624
-11167.968750,-119.361667
-11156.250000,-129.021669
-11144.531250,-119.257466
-11132.812500,-123.707747
-11121.093750,-127.967238
-11109.375000,-116.775768
-11097.656250,-117.003682
-11085.937500,-114.952098
-11074.218750,-117.174346
-11062.500000,-114.333355
-11050.781250,-112.264141
-11039.062500,-115.965937
-11027.343750,-116.881155
-11015.625000,-117.648993
-11003.906250,-126.253908
-10992.187500,-124.341349
-10980.468750,-115.018881
-10968.750000,-110.900483
-10957.031250,-109.378653
-10945.312500,-111.739063
-10933.593750,-115.944744
-10921.875000,-112.233206
-10910.156250,-113.677825
-10898.437500,-113.265994
-10886.718750,-111.237750
-10875.000000,-112.303212
-10863.281250,-125.376842
-10851.562500,-116.893540
-10839.843750,-109.217043
-10828.125000,-111.125391
-10816.406250,-113.900161
-10804.687500,-117.709872
-10792.968750,-114.077104
-10781.250000,-112.927192
-10769.531250,-113.894697
-10757.812500,-113.794442
-10746.093750,-110.199385
-10734.375000,-110.965256
-10722.656250,-114.855438
-10710.937500,-110.329603
-10699.218750,-114.476368
-10687.500000,-115.285979
-10675.781250,-114.376380
-10664.062500,-110.482290
-10652.343750,-110.046699
-10640.625000,-110.660923
-10628.906250,-110.708802
-10617.187500,-110.521987
-10605.468750,-110.537668
-10593.750000,-114.209631
-10582.031250,-109.176637
-10570.312500,-110.546357
-10558.593750,-122.531626
-10546.875000,-123.163859
-10535.156250,-109.524707
-10523.437500,-103.765926
-10511.718750,-105.426402
-10500.000000,-113.944490
-10488.281250,-111.745005
-10476.562500,-124.647434
-10464.843750,-109.004137
-10453.125000,-109.763639
-10441.406250,-103.318267
-10429.687500,-107.638105
-10417.968750,-120.741926
-10406.250000,-111.349584
-10394.531250,-119.097041
-10382.812500,-109.069666
-10371.093750,-121.178764
-10359.375000,-107.359923
-10347.656250,-108.992386
-10335.937500,-115.474362
-10324.218750,-108.964630
-10312.500000,-104.871898
-10300.781250,-108.783262
-10289.062500,-125.274160
-10277.343750,-108.149051
-10265.625000,-109.706456
-10253.906250,-123.427997
-10242.187500,-117.305439
-10230.468750,-109.030373
-10218.750000,-110.215914
-10207.031250,-108.640844
-10195.312500,-114.389064
-10183.593750,-114.756163
-10171.875000,-116.457176
-10160.156250,-114.615309
-10148.437500,-127.397556
-10136.718750,-116.840490
-10125.000000,-111.049680
-10113.281250,-113.556740
-10101.562500,-113.740395
-10089.843750,-112.808213
-10078.125000,-122.319879
-10066.406250,-114.475492
-10054.687500,-114.869786
-10042.968750,-113.826174
-10031.250000,-118.543654
-10019.531250,-119.133425
-10007.812500,-121.585004
-9996.093750,-131.462479
-9984.375000,-124.040071
-9972.656250,-115.786244
-9960.937500,-111.385166
-9949.218750,-117.478417
-9937.500000,-115.249864
-9925.781250,-125.499663
-9914.062500,-121.494928
-9902.343750,-125.160081
-9890.625000,-122.794817
-9878.906250,-125.155349
-9867.187500,-126.768406
-9855.468750,-125.169977
-9843.750000,-118.925655
-9832.031250,-128.523842
-9820.312500,-116.332050
-9808.593750,-116.598734
-9796.875000,-119.206258
-9785.156250,-118.898744
-9773.437500,-125.459614
-9761.718750,-121.249411
-9750.000000,-124.462036
-9738.281250,-129.293837
-9726.562500,-150.217465
-9714.843750,-133.283737
-9703.125000,-136.714704
-9691.406250,-143.482597
-9679.687500,-128.807498
-9667.968750,-126.240557
-9656.250000,-135.894521
-9644.531250,-135.896067
-9632.812500,-140.449382
-9621.093750,-148.261489
-9609.375000,-148.368696
-9597.656250,-164.106357
-9585.937500,-154.214156
-9574.218750,-137.351158
-9562.500000,-133.826094
-9550.781250,-133.370136
-9539.062500,-126.340710
-9527.343750,-126.223539
-9515.625000,-135.853010
-9503.906250,-126.281758
-9492.187500,-125.017844
-9480.468750,-123.695959
-9468.750000,-121.724407
-9457.031250,-126.196904
-9445.312500,-119.652780
-9433.593750,-121.000873
-9421.875000,-124.200342
-9410.156250,-131.216868
-9398.437500,-131.055655
-9386.718750,-121.212467
-9375.000000,-117.185414
-9363.281250,-119.070970
-9351.562500,-122.162288
-9339.843750,-135.922198
-9328.125000,-115.830553
-9316.406250,-123.029909
-9304.687500,-119.559667
-9292.968750,-112.242448
-9281.250000,-114.517723
-9269.531250,-117.831801
-9257.812500,-115.246504
-9246.093750,-113.275608
-9234.375000,-114.383523
-9222.656250,-115.585910
-9210.937500,-125.170014
-9199.218750,-121.047823
-9187.500000,-116.573932
-9175.781250,-116.776788
-9164.062500,-111.799325
-9152.343750,-123.247214
-9140.625000,-115.024764
-9128.906250,-113.199402
-9117.187500,-116.631079
-9105.468750,-113.851298
-9093.750000,-118.253396
-9082.031250,-122.894236
-9070.312500,-126.426249
-9058.593750,-117.046753
-9046.875000,-115.037881
-9035.156250,-113.471083
-9023.437500,-113.048876
-9011.718750,-126.398941
-9000.000000,-111.351569
-8988.281250,-113.015831
-8976.562500,-115.265876
-8964.843750,-123.238409
-8953.125000,-115.032958
-8941.406250,-115.054738
-8929.687500,-115.880435
-8917.968750,-109.171221
-8906.250000,-112.015813
-8894.531250,-115.503512
-8882.812500,-111.951441
-8871.093750,-108.065534
-8859.375000,-111.064173
-8847.656250,-120.754982
-8835.937500,-111.152444
-8824.218750,-117.884515
-8812.500000,-124.913996
-8800.781250,-110.354408
-8789.062500,-108.571564
-8777.343750,-107.571380
-8765.625000,-123.927414
-8753.906250,-114.983662
-8742.187500,-112.605278
-8730.468750,-110.486608
-8718.750000,-106.438928
-8707.031250,-110.906518
-8695.312500,-122.451345
-8683.593750,-105.065156
-8671.875000,-109.743810
-8660.156250,-109.608703
-8648.437500,-109.267177
-8636.718750,-109.709460
-8625.000000,-118.364205
-8613.281250,-108.958952
-8601.562500,-102.592236
-8589.843750,-105.079445
-8578.125000,-105.232610
-8566.406250,-103.478447
-8554.687500,-110.792149
-8542.968750,-105.249867
-8531.250000,-116.302870
-8519.531250,-103.695314
-8507.812500,-109.368590
-8496.093750,-102.169477
-8484.375000,-100.814231
-8472.656250,-106.590975
-8460.937500,-107.468130
-8449.218750,-109.992620
-8437.500000,-115.768255
-8425.781250,-107.656331
-8414.062500,-99.445496
-8402.343750,-103.585410
-8390.625000,-105.871769
-8378.906250,-104.776907
-8367.187500,-102.414721
-8355.468750,-103.670349
-8343.750000,-105.559714
-8332.031250,-105.226248
-8320.312500,-104.740504
-8308.593750,-120.628292
-8296.875000,-105.051042
-8285.156250,-101.058912
-8273.437500,-98.328530
-8261.718750,-98.457008
-8250.000000,-100.914444
-8238.281250,-105.500553
-8226.562500,-112.281160
-8214.843750,-102.469739
-8203.125000,-101.844205
-8191.406250,-108.409353
-8179.687500,-108.028120
-8167.968750,-106.745238
-8156.250000,-102.979385
-8144.531250,-100.450190
-8132.812500,-102.000334
-8121.093750,-101.393570
-8109.375000,-104.683560
-8097.656250,-101.353781
-8085.937500,-99.719841
-8074.218750,-107.931843
-8062.500000,-105.461732
-8050.781250,-102.871077
-8039.062500,-104.914923
-8027.343750,-117.396992
-8015.625000,-101.572997
-8003.906250,-103.739957
-7992.187500,-98.795371
-7980.468750,-100.887658
-7968.750000,-95.813001
-7957.031250,-92.572249
-7945.312500,-98.129687
-7933.593750,-97.097254
-7921.875000,-103.203220
-7910.156250,-100.027179
-7898.437500,-110.261316
-7886.718750,-98.888893
-7875.000000,-102.320179
-7863.281250,-108.122769
-7851.562500,-103.514587
-7839.843750,-97.509622
-7828.125000,-104.923638
-7816.406250,-105.045083
-7804.687500,-105.270883
-7792.968750,-102.572678
-7781.250000,-96.081628
-7769.531250,-94.451498
-7757.812500,-97.168582
-7746.093750,-99.800984
-7734.375000,-99.811876
-7722.656250,-95.127344
-7710.937500,-97.970522
-7699.218750,-99.661385
-7687.500000,-95.327179
-7675.781250,-99.689858
-7664.062500,-105.825829
-7652.343750,-109.471778
-7640.625000,-106.519891
-7628.906250,-100.911260
-7617.187500,-98.032242
-7605.468750,-99.363382
-7593.750000,-95.972813
-7582.031250,-94.762833
-7570.312500,-92.681048
-7558.593750,-97.927511
-7546.875000,-100.257587
-7535.156250,-102.580117
-7523.437500,-101.347981
-7511.718750,-106.891140
-7500.000000,-102.535222
-7488.281250,-100.026671
-7476.562500,-95.770759
-7464.843750,-100.314095
-7453.125000,-104.505992
-7441.406250,-96.750746
-7429.687500,-101.147315
-7417.968750,-94.504683
-7406.250000,-93.190018
-7394.531250,-99.897337
-7382.812500,-102.544854
-7371.093750,-99.348213
-7359.375000,-102.129212
-7347.656250,-110.966787
-7335.937500,-97.609029
-7324.218750,-93.222208
-7312.500000,-97.535968
-7300.781250,-95.755097
-7289.062500,-99.724611
-7277.343750,-96.644812
-7265.625000,-101.643838
-7253.906250,-99.369081
-7242.187500,-97.762654
-7230.468750,-106.242507
-7218.750000,-97.227047
-7207.031250,-93.363046
-7195.312500,-97.375040
-7183.593750,-104.373129
-7171.875000,-96.401212
-7160.156250,-97.478318
-7148.437500,-102.782680
-7136.718750,-106.648466
-7125.000000,-93.911677
-7113.281250,-93.504132
-7101.562500,-104.046831
-7089.843750,-120.385953
-7078.125000,-102.766168
-7066.406250,-98.231132
-7054.687500,-92.173694
-7042.968750,-92.850403
-7031.250000,-101.237328
-7019.531250,-96.492928
-7007.812500,-93.701249
-6996.093750,-97.078926
-6984.375000,-101.226159
-6972.656250,-108.163324
-6960.937500,-94.849933
-6949.218750,-94.591983
-6937.500000,-103.495567
-6925.781250,-94.015334
-6914.062500,-97.157295
-6902.343750,-99.072394
-6890.625000,-108.214188
-6878.906250,-96.479060
-6867.187500,-107.025086
-6855.468750,-99.135615
-6843.750000,-93.203653
-6832.031250,-88.131910
-6820.312500,-93.038807
-6808.593750,-91.362847
-6796.875000,-89.390279
-6785.156250,-93.017533
-6773.437500,-91.399349
-6761.718750,-92.720687
-6750.000000,-102.215793
-6738.281250,-96.763299
-6726.562500,-100.474188
-6714.843750,-95.022988
-6703.125000,-100.900634
-6691.406250,-96.691186
-6679.687500,-97.035536
-6667.968750,-112.504951
-6656.250000,-93.142364
-6644.531250,-90.014441
-6632.812500,-94.682053
-6621.093750,-106.175757
-6609.375000,-96.249347
-6597.656250,-88.007854
-6585.937500,-89.864822
-6574.218750,-90.074656
-6562.500000,-98.443786
-6550.781250,-94.511768
-6539.062500,-98.115222
-6527.343750,-90.672494
-6515.625000,-92.210395
-6503.906250,-88.956046
-6492.187500,-89.013699
-6480.468750,-94.370154
-6468.750000,-93.144565
-6457.031250,-92.819529
-6445.312500,-89.757377
-6433.593750,-90.684282
-6421.875000,-88.846292
-6410.156250,-87.562976
-6398.437500,-91.817151
-6386.718750,-93.486855
-6375.000000,-98.018467
-6363.281250,-91.745930
-6351.562500,-93.056464
-6339.843750,-97.250953
-6328.125000,-92.997196
-6316.406250,-88.381778
-6304.687500,-92.449141
-6292.968750,-87.882464
-6281.250000,-85.922592
-6269.531250,-86.368561
-6257.812500,-84.580100
-6246.093750,-86.121001
-6234.375000,-92.916658
-6222.656250,-99.283990
-6210.937500,-93.797028
-6199.218750,-92.649943
-6187.500000,-101.984081
-6175.781250,-99.761940
-6164.062500,-88.816669
-6152.343750,-87.409877
-6140.625000,-92.562409
-6128.906250,-93.772908
-6117.187500,-89.704345
-6105.468750,-90.423891
-6093.750000,-85.627801
-6082.031250,-89.040522
-6070.312500,-104.890375
-6058.593750,-98.394290
-6046.875000,-97.385396
-6035.156250,-91.152252
-6023.437500,-92.301492
-6011.718750,-88.205226
-6000.000000,-87.451997
-5988.281250,-85.287219
-5976.562500,-86.371196
-5964.843750,-83.190523
-5953.125000,-83.718060
-5941.406250,-85.959747
-5929.687500,-86.345636
-5917.968750,-95.434432
-5906.250000,-90.761286
-5894.531250,-92.146790
-5882.812500,-92.470911
-5871.093750,-106.677514
-5859.375000,-100.437337
-5847.656250,-92.797297
-5835.937500,-91.344092
-5824.218750,-90.984536
-5812.500000,-89.977897
-5800.781250,-96.274824
-5789.062500,-100.871386
-5777.343750,-88.899097
-5765.625000,-90.190144
-5753.906250,-92.374900
-5742.187500,-90.787185
-5730.468750,-91.354157
-5718.750000,-89.869099
-5707.031250,-93.663472
-5695.312500,-89.510086
-5683.593750,-86.738652
-5671.875000,-92.145617
-5660.156250,-97.563266
-5648.437500,-95.061395
-5636.718750,-99.094585
-5625.000000,-92.062496
-5613.281250,-95.504944
-5601.562500,-89.224744
-5589.843750,-84.424689
-5578.125000,-93.925848
-5566.406250,-95.653806
-5554.687500,-87.447478
-5542.968750,-91.004602
-5531.250000,-89.802787
-5519.531250,-104.616340
-5507.812500,-95.082619
-5496.093750,-91.091399
-5484.375000,-93.507835
-5472.656250,-86.355322
-5460.937500,-91.066122
-5449.218750,-93.182953
-5437.500000,-90.683351
-5425.781250,-92.684764
-5414.062500,-97.842638
-5402.343750,-91.671423
-5390.625000,-92.117327
-5378.906250,-94.092447
-5367.187500,-88.571839
-5355.468750,-84.752325
-5343.750000,-82.564968
-5332.031250,-84.650718
-5320.312500,-90.067841
-5308.593750,-85.307552
-5296.875000,-83.294343
-5285.156250,-82.762919
-5273.437500,-86.059864
-5261.718750,-83.212574
-5250.000000,-85.341895
-5238.281250,-92.068715
-5226.562500,-82.408993
-5214.843750,-83.748612
-5203.125000,-83.250770
-5191.406250,-99.780455
-5179.687500,-88.465744
-5167.968750,-91.029343
-5156.250000,-82.937450
-5144.531250,-84.407410
-5132.812500,-95.894939
-5121.093750,-86.619049
-5109.375000,-86.099009
-5097.656250,-80.070331
-5085.937500,-80.567133
-5074.218750,-85.354448
-5062.500000,-86.064123
-5050.781250,-82.715648
-5039.062500,-83.601216
-5027.343750,-83.475815
-5015.625000,-80.106807
-5003.906250,-81.475999
-4992.187500,-84.105759
-4980.468750,-81.245365
-4968.750000,-85.005524
-4957.031250,-82.466363
-4945.312500,-81.443152
-4933.593750,-80.250047
-4921.875000,-79.699609
-4910.156250,-83.589252
-4898.437500,-81.847386
-4886.718750,-81.097566
-4875.000000,-92.081199
-4863.281250,-92.530319
-4851.562500,-79.892913
-4839.843750,-74.005842
-4828.125000,-77.317569
-4816.406250,-90.174078
-4804.687500,-87.342767
-4792.968750,-91.331181
-4781.250000,-81.734501
-4769.531250,-82.943083
-4757.812500,-79.373559
-4746.093750,-79.405985
-4734.375000,-88.668459
-4722.656250,-84.567716
-4710.937500,-82.303081
-4699.218750,-78.588862
-4687.500000,-80.098723
-4675.781250,-76.443907
-4664.062500,-82.876407
-4652.343750,-83.142953
-4640.625000,-75.844029
-4628.906250,-77.417684
-4617.187500,-82.400691
-4605.468750,-79.257523
-4593.750000,-72.771072
-4582.031250,-77.299992
-4570.312500,-80.213466
-4558.593750,-82.738429
-4546.875000,-75.608526
-4535.156250,-84.787210
-4523.437500,-87.316837
-4511.718750,-84.923475
-4500.000000,-77.925115
-4488.281250,-74.405084
-4476.562500,-80.234789
-4464.843750,-72.786700
-4453.125000,-72.758790
-4441.406250,-74.909030
-4429.687500,-96.117106
-4417.968750,-81.572667
-4406.250000,-100.548368
-4394.531250,-89.626408
-4382.812500,-81.179931
-4371.093750,-73.613093
-4359.375000,-72.973284
-4347.656250,-76.087469
-4335.937500,-82.001862
-4324.218750,-88.363598
-4312.500000,-91.039796
-4300.781250,-80.847650
-4289.062500,-78.378817
-4277.343750,-74.930555
-4265.625000,-76.370931
-4253.906250,-77.580711
-4242.187500,-82.021783
-4230.468750,-82.444163
-4218.750000,-78.061997
-4207.031250,-79.169063
-4195.312500,-99.569782
-4183.593750,-76.896262
-4171.875000,-80.602481
-4160.156250,-84.232601
-4148.437500,-80.116716
-4136.718750,-87.639496
-4125.000000,-82.090343
-4113.281250,-82.136416
-4101.562500,-87.236048
-4089.843750,-80.767527
-4078.125000,-80.121098
-4066.406250,-78.656219
-4054.687500,-82.508590
-4042.968750,-88.407293
-4031.250000,-90.680436
-4019.531250,-87.395446
-4007.812500,-75.865719
-3996.093750,-73.391431
-3984.375000,-78.402926
-3972.656250,-94.675348
-3960.937500,-83.799538
-3949.218750,-82.637950
-3937.500000,-96.724233
-3925.781250,-82.441318
-3914.062500,-79.590537
-3902.343750,-77.577668
-3890.625000,-75.295065
-3878.906250,-83.962184
-3867.187500,-80.035087
-3855.468750,-81.891787
-3843.750000,-93.097182
-3832.031250,-87.527796
-3820.312500,-86.675062
-3808.593750,-90.967766
-3796.875000,-78.101520
-3785.156250,-77.020485
-3773.437500,-77.222476
-3761.718750,-78.371037
-3750.000000,-81.258053
-3738.281250,-83.451035
-3726.562500,-79.207541
-3714.843750,-76.721493
-3703.125000,-83.215909
-3691.406250,-81.509063
-3679.687500,-83.812103
-3667.968750,-84.637547
-3656.250000,-77.258621
-3644.531250,-75.255787
-3632.812500,-80.331342
-3621.093750,-80.849781
-3609.375000,-78.793167
-3597.656250,-81.013373
-3585.937500,-79.981300
-3574.218750,-83.492374
-3562.500000,-85.429211
-3550.781250,-78.990305
-3539.062500,-82.719670
-3527.343750,-85.742872
-3515.625000,-81.055856
-3503.906250,-77.748950
-3492.187500,-78.594640
-3480.468750,-86.574326
-3468.750000,-83.488590
-3457.031250,-86.403109
-3445.312500,-85.894810
-3433.593750,-82.218142
-3421.875000,-84.060131
-3410.156250,-86.314917
-3398.437500,-84.158359
-3386.718750,-96.787789
-3375.000000,-79.485232
-3363.281250,-74.052021
-3351.562500,-76.263215
-3339.843750,-87.310892
-3328.125000,-86.581025
-3316.406250,-84.079477
-3304.687500,-85.650934
-3292.968750,-74.902489
-3281.250000,-72.088718
-3269.531250,-72.096824
-3257.812500,-72.494907
-3246.093750,-76.645524
-3234.375000,-82.504984
-3222.656250,-83.087901
-3210.937500,-90.405242
-3199.218750,-86.244241
-3187.500000,-74.037441
-3175.781250,-76.941543
-3164.062500,-86.855585
-3152.343750,-81.049785
-3140.625000,-78.156626
-3128.906250,-78.370785
-3117.187500,-84.319357
-3105.468750,-90.036503
-3093.750000,-86.803861
-3082.031250,-84.368848
-3070.312500,-77.667401
-3058.593750,-79.175621
-3046.875000,-86.796046
-3035.156250,-78.415082
-3023.437500,-76.871214
-3011.718750,-72.754868
-3000.000000,-70.216914
-2988.281250,-71.928880
-2976.562500,-77.924078
-2964.843750,-83.308414
-2953.125000,-80.593705
-2941.406250,-77.073563
-2929.687500,-77.353662
-2917.968750,-77.278966
-2906.250000,-78.352544
-2894.531250,-81.296957
-2882.812500,-78.247206
-2871.093750,-79.703256
-2859.375000,-79.150719
-2847.656250,-88.445719
-2835.937500,-85.832862
-2824.218750,-97.926179
-2812.500000,-90.498905
-2800.781250,-80.513863
-2789.062500,-79.068132
-2777.343750,-77.814790
-2765.625000,-76.894997
-2753.906250,-76.890537
-2742.187500,-77.951277
-2730.468750,-100.100232
-2718.750000,-82.014475
-2707.031250,-79.447040
-2695.312500,-70.056591
-2683.593750,-71.034297
-2671.875000,-81.737952
-2660.156250,-81.517851
-2648.437500,-72.616832
-2636.718750,-70.750446
-2625.000000,-73.610005
-2613.281250,-73.082482
-2601.562500,-82.412122
-2589.843750,-81.935183
-2578.125000,-79.440101
-2566.406250,-79.775102
-2554.687500,-81.883010
-2542.968750,-82.208157
-2531.250000,-85.005225
-2519.531250,-81.239043
-2507.812500,-74.031395
-2496.093750,-70.989569
-2484.375000,-77.135351
-2472.656250,-84.287192
-2460.937500,-78.317548
-2449.218750,-76.530518
-2437.500000,-80.971967
-2425.781250,-99.800310
-2414.062500,-83.722344
-2402.343750,-79.255388
-2390.625000,-91.762285
-2378.906250,-76.890823
-2367.187500,-70.255953
-2355.468750,-71.643116
-2343.750000,-81.407765
-2332.031250,-83.949455
-2320.312500,-87.649055
-2308.593750,-83.983445
-2296.875000,-72.314457
-2285.156250,-70.869804
-2273.437500,-73.779659
-2261.718750,-74.404118
-2250.000000,-73.307569
-2238.281250,-76.989031
-2226.562500,-83.467707
-2214.843750,-80.932573
-2203.125000,-79.547733
-2191.406250,-72.696284
-2179.687500,-72.185378
-2167.968750,-81.224549
-2156.250000,-77.501452
-2144.531250,-73.705503
-2132.812500,-77.206661
-2121.093750,-83.969260
-2109.375000,-80.818213
-2097.656250,-78.525438
-2085.937500,-74.158026
-2074.218750,-76.049607
-2062.500000,-85.375136
-2050.781250,-82.700749
-2039.062500,-81.900639
-2027.343750,-78.183806
-2015.625000,-73.568849
-2003.906250,-64.699230
-1992.187500,-66.281199
-1980.468750,-77.719322
-1968.750000,-81.682512
-1957.031250,-83.320693
-1945.312500,-86.718762
-1933.593750,-105.951096
-1921.875000,-74.503512
-1910.156250,-70.833789
-1898.437500,-71.664183
-1886.718750,-72.957507
-1875.000000,-76.664725
-1863.281250,-70.302534
-1851.562500,-79.845350
-1839.843750,-73.946478
-1828.125000,-75.846362
-1816.406250,-78.690498
-1804.687500,-73.156461
-1792.968750,-71.923803
-1781.250000,-77.821086
-1769.531250,-75.937551
-1757.812500,-70.359874
-1746.093750,-74.624935
-1734.375000,-95.144995
-1722.656250,-88.066406
-1710.937500,-76.372270
-1699.218750,-69.515810
-1687.500000,-68.705347
-1675.781250,-71.377573
-1664.062500,-69.082727
-1652.343750,-67.171215
-1640.625000,-67.464371
-1628.906250,-68.412267
-1617.187500,-69.305199
-1605.468750,-87.053586
-1593.750000,-69.101832
-1582.031250,-69.001749
-1570.312500,-71.540035
-1558.593750,-75.393436
-1546.875000,-74.576568
-1535.156250,-80.019701
-1523.437500,-78.921588
-1511.718750,-66.477358
-1500.000000,-62.699057
-1488.281250,-65.128533
-1476.562500,-71.231436
-1464.843750,-74.257875
-1453.125000,-77.809816
-1441.406250,-73.057237
-1429.687500,-71.457725
-1417.968750,-77.468562
-1406.250000,-72.806484
-1394.531250,-72.427416
-1382.812500,-72.787211
-1371.093750,-65.094361
-1359.375000,-66.451523
-1347.656250,-78.006315
-1335.937500,-77.403383
-1324.218750,-68.840701
-1312.500000,-68.399168
-1300.781250,-66.404409
-1289.062500,-66.665378
-1277.343750,-65.941880
-1265.625000,-63.883358
-1253.906250,-62.908471
-1242.187500,-67.135574
-1230.468750,-72.557485
-1218.750000,-76.757613
-1207.031250,-69.466656
-1195.312500,-65.035310
-1183.593750,-63.354471
-1171.875000,-76.968917
-1160.156250,-70.036957
-1148.437500,-70.474508
-1136.718750,-68.975050
-1125.000000,-68.280591
-1113.281250,-78.413115
-1101.562500,-69.132953
-1089.843750,-72.979841
-1078.125000,-75.392101
-1066.406250,-71.234975
-1054.687500,-76.914132
-1042.968750,-67.779833
-1031.250000,-66.233331
-1019.531250,-67.766803
-1007.812500,-60.068517
-996.093750,-58.109279
-984.375000,-62.225216
-972.656250,-78.713064
-960.937500,-72.812580
-949.218750,-86.540701
-937.500000,-74.984995
-925.781250,-69.394211
-914.062500,-67.988541
-902.343750,-71.360799
-890.625000,-92.250596
-878.906250,-67.531299
-867.187500,-67.285593
-855.468750,-66.885162
-843.750000,-67.108002
-832.031250,-78.721676
-820.312500,-70.266911
-808.593750,-69.456236
-796.875000,-71.758001
-785.156250,-73.816932
-773.437500,-73.040702
-761.718750,-69.312535
-750.000000,-62.984435
-738.281250,-64.569424
-726.562500,-67.272381
-714.843750,-66.001859
-703.125000,-59.288599
-691.406250,-57.976587
-679.687500,-65.225503
-667.968750,-68.767112
-656.250000,-65.477984
-644.531250,-59.595112
-632.812500,-57.430782
-621.093750,-62.693369
-609.375000,-68.984272
-597.656250,-62.512586
-585.937500,-60.246090
-574.218750,-56.900291
-562.500000,-61.400339
-550.781250,-60.915981
-539.062500,-63.145281
-527.343750,-61.590010
-515.625000,-58.376297
-503.906250,-52.109240
-492.187500,-51.939602
-480.468750,-59.729459
-468.750000,-65.400158
-457.031250,-60.475454
-445.312500,-63.225676
-433.593750,-63.535061
-421.875000,-64.273494
-410.156250,-57.858217
-398.437500,-61.328929
-386.718750,-75.960362
-375.000000,-62.002916
-363.281250,-55.024028
-351.562500,-57.392107
-339.843750,-55.827651
-328.125000,-51.730067
-316.406250,-52.203777
-304.687500,-51.772533
-292.968750,-50.523196
-281.250000,-53.026837
-269.531250,-58.960502
-257.812500,-52.898684
-246.093750,-49.928238
-234.375000,-56.648423
-222.656250,-57.856206
-210.937500,-53.899060
-199.218750,-57.727629
-187.500000,-60.551604
-175.781250,-57.986549
-164.062500,-64.784013
-152.343750,-53.114525
-140.625000,-47.260844
-128.906250,-48.857053
-117.187500,-51.322615
-105.468750,-57.941497
-93.750000,-56.488561
-82.031250,-49.261325
-70.312500,-47.464602
-58.593750,-48.408127
-46.875000,-50.710235
-35.156250,-55.623907
-23.437500,-50.134018
-11.718750,-35.287938
0.000000,-27.898365
11.718750,-35.287938
23.437500,-50.134018
35.156250,-55.623907
46.875000,-50.710235
58.593750,-48.408127
70.312500,-47.464602
82.031250,-49.261325
93.750000,-56.488561
105.468750,-57.941497
117.187500,-51.322615
128.906250,-48.857053
140.625000,-47.260844
152.343750,-53.114525
164.062500,-64.784013
175.781250,-57.986549
187.500000,-60.551604
199.218750,-57.727629
210.937500,-53.899060
222.656250,-57.856206
234.375000,-56.648423
246.093750,-49.928238
257.812500,-52.898684
269.531250,-58.960502
281.250000,-53.026837
292.968750,-50.523196
304.687500,-51.772533
316.406250,-52.203777
328.125000,-51.730067
339.843750,-55.827651
351.562500,-57.392107
363.281250,-55.024028
375.000000,-62.002916
386.718750,-75.960362
398.437500,-61.328929
410.156250,-57.858217
421.875000,-64.273494
433.593750,-63.535061
445.312500,-63.225676
457.031250,-60.475454
468.750000,-65.400158
480.468750,-59.729459
492.187500,-51.939602
503.906250,-52.109240
515.625000,-58.376297
527.343750,-61.590010
539.062500,-63.145281
550.781250,-60.915981
562.500000,-61.400339
574.218750,-56.900291
585.937500,-60.246090
597.656250,-62.512586
609.375000,-68.984272
621.093750,-62.693369
632.812500,-57.430782
644.531250,-59.595112
656.250000,-65.477984
667.968750,-68.767112
679.687500,-65.225503
691.406250,-57.976587
703.125000,-59.288599
714.843750,-66.001859
726.562500,-67.272381
738.281250,-64.569424
750.000000,-62.984435
761.718750,-69.312535
773.437500,-73.040702
785.156250,-73.816932
796.875000,-71.758001
808.593750,-69.456236
820.312500,-70.266911
832.031250,-78.721676
843.750000,-67.108002
855.468750,-66.885162
867.187500,-67.285593
878.906250,-67.531299
890.625000,-92.250596
902.343750,-71.360799
914.062500,-67.988541
925.781250,-69.394211
937.500000,-74.984995
949.218750,-86.540701
960.937500,-72.812580
972.656250,-78.713064
984.375000,-62.225216
996.093750,-58.109279
1007.812500,-60.068517
1019.531250,-67.766803
1031.250000,-66.233331
1042.968750,-67.779833
1054.687500,-76.914132
1066.406250,-71.234975
1078.125000,-75.392101
1089.843750,-72.979841
1101.562500,-69.132953
1113.281250,-78.413115
1125.000000,-68.280591
1136.718750,-68.975050
1148.437500,-70.474508
1160.156250,-70.036957
1171.875000,-76.968917
1183.593750,-63.354471
1195.312500,-65.035310
1207.031250,-69.466656
1218.750000,-76.757613
1230.468750,-72.557485
1242.187500,-67.135574
1253.906250,-62.908471
1265.625000,-63.883358
1277.343750,-65.941880
1289.062500,-66.665378
1300.781250,-66.404409
1312.500000,-68.399168
1324.218750,-68.840701
1335.937500,-77.403383
1347.656250,-78.006315
1359.375000,-66.451523
1371.093750,-65.094361
1382.812500,-72.787211
1394.531250,-72.427416
1406.250000,-72.806484
1417.968750,-77.468562
1429.687500,-71.457725
1441.406250,-73.057237
1453.125000,-77.809816
1464.843750,-74.257875
1476.562500,-71.231436
1488.281250,-65.128533
1500.000000,-62.699057
1511.718750,-66.477358
1523.437500,-78.921588
1535.156250,-80.019701
1546.875000,-74.576568
1558.593750,-75.393436
1570.312500,-71.540035
1582.031250,-69.001749
1593.750000,-69.101832
1605.468750,-87.053586
1617.187500,-69.305199
1628.906250,-68.412267
1640.625000,-67.464371
1652.343750,-67.171215
1664.062500,-69.082727
1675.781250,-71.377573
1687.500000,-68.705347
1699.218750,-69.515810
1710.937500,-76.372270
1722.656250,-88.066406
1734.375000,-95.144995
1746.093750,-74.624935
1757.812500,-70.359874
1769.531250,-75.937551
1781.250000,-77.821086
1792.968750,-71.923803
1804.687500,-73.156461
1816.406250,-78.690498
1828.125000,-75.846362
1839.843750,-73.946478
1851.562500,-79.845350
1863.281250,-70.302534
1875.000000,-76.664725
1886.718750,-72.957507
1898.437500,-71.664183
1910.156250,-70.833789
1921.875000,-74.503512
1933.593750,-105.951096
1945.312500,-86.718762
1957.031250,-83.320693
1968.750000,-81.682512
1980.468750,-77.719322
1992.187500,-66.281199
2003.906250,-64.699230
2015.625000,-73.568849
2027.343750,-78.183806
2039.062500,-81.900639
2050.781250,-82.700749
2062.500000,-85.375136
2074.218750,-76.049607
2085.937500,-74.158026
2097.656250,-78.525438
2109.375000,-80.818213
2121.093750,-83.969260
2132.812500,-77.206661
2144.531250,-73.705503
2156.250000,-77.501452
2167.968750,-81.224549
2179.687500,-72.185378
2191.406250,-72.696284
2203.125000,-79.547733
2214.843750,-80.932573
2226.562500,-83.467707
2238.281250,-76.989031
2250.000000,-73.307569
2261.718750,-74.404118
2273.437500,-73.779659
2285.156250,-70.869804
2296.875000,-72.314457
2308.593750,-83.983445
2320.312500,-87.649055
2332.031250,-83.949455
2343.750000,-81.407765
2355.468750,-71.643116
2367.187500,-70.255953
2378.906250,-76.890823
2390.625000,-91.762285
2402.343750,-79.255388
2414.062500,-83.722344
2425.781250,-99.800310
2437.500000,-80.971967
2449.218750,-76.530518
2460.937500,-78.317548
2472.656250,-84.287192
2484.375000,-77.135351
2496.093750,-70.989569
2507.812500,-74.031395
2519.531250,-81.239043
2531.250000,-85.005225
2542.968750,-82.208157
2554.687500,-81.883010
2566.406250,-79.775102
2578.125000,-79.440101
2589.843750,-81.935183
2601.562500,-82.412122
2613.281250,-73.082482
2625.000000,-73.610005
2636.718750,-70.750446
2648.437500,-72.616832
2660.156250,-81.517851
2671.875000,-81.737952
2683.593750,-71.034297
2695.312500,-70.056591
2707.031250,-79.447040
2718.750000,-82.014475
2730.468750,-100.100232
2742.187500,-77.951277
2753.906250,-76.890537
2765.625000,-76.894997
2777.343750,-77.814790
2789.062500,-79.068132
2800.781250,-80.513863
2812.500000,-90.498905
2824.218750,-97.926179
2835.937500,-85.832862
2847.656250,-88.445719
2859.375000,-79.150719
2871.093750,-79.703256
2882.812500,-78.247206
2894.531250,-81.296957
2906.250000,-78.352544
2917.968750,-77.278966
2929.687500,-77.353662
2941.406250,-77.073563
2953.125000,-80.593705
2964.843750,-83.308414
2976.562500,-77.924078
2988.281250,-71.928880
3000.000000,-70.216914
3011.718750,-72.754868
3023.437500,-76.871214
3035.156250,-78.415082
3046.875000,-86.796046
3058.593750,-79.175621
3070.312500,-77.667401
3082.031250,-84.368848
3093.750000,-86.803861
3105.468750,-90.036503
3117.187500,-84.319357
3128.906250,-78.370785
3140.625000,-78.156626
3152.343750,-81.049785
3164.062500,-86.855585
3175.781250,-76.941543
3187.500000,-74.037441
3199.218750,-86.244241
3210.937500,-90.405242
3222.656250,-83.087901
3234.375000,-82.504984
3246.093750,-76.645524
3257.812500,-72.494907
3269.531250,-72.096824
3281.250000,-72.088718
3292.968750,-74.902489
3304.687500,-85.650934
3316.406250,-84.079477
3328.125000,-86.581025
3339.843750,-87.310892
3351.562500,-76.263215
3363.281250,-74.052021
3375.000000,-79.485232
3386.718750,-96.787789
3398.437500,-84.158359
3410.156250,-86.314917
3421.875000,-84.060131
3433.593750,-82.218142
3445.312500,-85.894810
3457.031250,-86.403109
3468.750000,-83.488590
3480.468750,-86.574326
3492.187500,-78.594640
3503.906250,-77.748950
3515.625000,-81.055856
3527.343750,-85.742872
3539.062500,-82.719670
3550.781250,-78.990305
3562.500000,-85.429211
3574.218750,-83.492374
3585.937500,-79.981300
3597.656250,-81.013373
3609.375000,-78.793167
3621.093750,-80.849781
3632.812500,-80.331342
3644.531250,-75.255787
3656.250000,-77.258621
3667.968750,-84.637547
3679.687500,-83.812103
3691.406250,-81.509063
3703.125000,-83.215909
3714.843750,-76.721493
3726.562500,-79.207541
3738.281250,-83.451035
3750.000000,-81.258053
3761.718750,-78.371037
3773.437500,-77.222476
3785.156250,-77.020485
3796.875000,-78.101520
3808.593750,-90.967766
3820.312500,-86.675062
3832.031250,-87.527796
3843.750000,-93.097182
3855.468750,-81.891787
3867.187500,-80.035087
3878.906250,-83.962184
3890.625000,-75.295065
3902.343750,-77.577668
3914.062500,-79.590537
3925.781250,-82.441318
3937.500000,-96.724233
3949.218750,-82.637950
3960.937500,-83.799538
3972.656250,-94.675348
3984.375000,-78.402926
3996.093750,-73.391431
4007.812500,-75.865719
4019.531250,-87.395446
4031.250000,-90.680436
4042.968750,-88.407293
4054.687500,-82.508590
4066.406250,-78.656219
4078.125000,-80.121098
4089.843750,-80.767527
4101.562500,-87.236048
4113.281250,-82.136416
4125.000000,-82.090343
4136.718750,-87.639496
4148.437500,-80.116716
4160.156250,-84.232601
4171.875000,-80.602481
4183.593750,-76.896262
4195.312500,-99.569782
4207.031250,-79.169063
4218.750000,-78.061997
4230.468750,-82.444163
4242.187500,-82.021783
4253.906250,-77.580711
4265.625000,-76.370931
4277.343750,-74.930555
4289.062500,-78.378817
4300.781250,-80.847650
4312.500000,-91.039796
4324.218750,-88.363598
4335.937500,-82.001862
4347.656250,-76.087469
4359.375000,-72.973284
4371.093750,-73.613093
4382.812500,-81.179931
4394.531250,-89.626408
4406.250000,-100.548368
4417.968750,-81.572667
4429.687500,-96.117106
4441.406250,-74.909030
4453.125000,-72.758790
4464.843750,-72.786700
4476.562500,-80.234789
4488.281250,-74.405084
4500.000000,-77.925115
4511.718750,-84.923475
4523.437500,-87.316837
4535.156250,-84.787210
4546.875000,-75.608526
4558.593750,-82.738429
4570.312500,-80.213466
4582.031250,-77.299992
4593.750000,-72.771072
4605.468750,-79.257523
4617.187500,-82.400691
4628.906250,-77.417684
4640.625000,-75.844029
4652.343750,-83.142953
4664.062500,-82.876407
4675.781250,-76.443907
4687.500000,-80.098723
4699.218750,-78.588862
4710.937500,-82.303081
4722.656250,-84.567716
4734.375000,-88.668459
4746.093750,-79.405985
4757.812500,-79.373559
4769.531250,-82.943083
4781.250000,-81.734501
4792.968750,-91.331181
4804.687500,-87.342767
4816.406250,-90.174078
4828.125000,-77.317569
4839.843750,-74.005842
4851.562500,-79.892913
4863.281250,-92.530319
4875.000000,-92.081199
4886.718750,-81.097566
4898.437500,-81.847386
4910.156250,-83.589252
4921.875000,-79.699609
4933.593750,-80.250047
4945.312500,-81.443152
4957.031250,-82.466363
4968.750000,-85.005524
4980.468750,-81.245365
4992.187500,-84.105759
5003.906250,-81.475999
5015.625000,-80.106807
5027.343750,-83.475815
5039.062500,-83.601216
5050.781250,-82.715648
5062.500000,-86.064123
5074.218750,-85.354448
5085.937500,-80.567133
5097.656250,-80.070331
5109.375000,-86.099009
5121.093750,-86.619049
5132.812500,-95.894939
5144.531250,-84.407410
5156.250000,-82.937450
5167.968750,-91.029343
5179.687500,-88.465744
5191.406250,-99.780455
5203.125000,-83.250770
5214.843750,-83.748612
5226.562500,-82.408993
5238.281250,-92.068715
5250.000000,-85.341895
5261.718750,-83.212574
5273.437500,-86.059864
5285.156250,-82.762919
5296.875000,-83.294343
5308.593750,-85.307552
5320.312500,-90.067841
5332.031250,-84.650718
5343.750000,-82.564968
5355.468750,-84.752325
5367.187500,-88.571839
5378.906250,-94.092447
5390.625000,-92.117327
5402.343750,-91.671423
5414.062500,-97.842638
5425.781250,-92.684764
5437.500000,-90.683351
5449.218750,-93.182953
5460.937500,-91.066122
5472.656250,-86.355322
5484.375000,-93.507835
5496.093750,-91.091399
5507.812500,-95.082619
5519.531250,-104.616340
5531.250000,-89.802787
5542.968750,-91.004602
5554.687500,-87.447478
5566.406250,-95.653806
5578.125000,-93.925848
5589.843750,-84.424689
5601.562500,-89.224744
5613.281250,-95.504944
5625.000000,-92.062496
5636.718750,-99.094585
5648.437500,-95.061395
5660.156250,-97.563266
5671.875000,-92.145617
5683.593750,-86.738652
5695.312500,-89.510086
5707.031250,-93.663472
5718.750000,-89.869099
5730.468750,-91.354157
5742.187500,-90.787185
5753.906250,-92.374900
5765.625000,-90.190144
5777.343750,-88.899097
5789.062500,-100.871386
5800.781250,-96.274824
5812.500000,-89.977897
5824.218750,-90.984536
5835.937500,-91.344092
5847.656250,-92.797297
5859.375000,-100.437337
5871.093750,-106.677514
5882.812500,-92.470911
5894.531250,-92.146790
5906.250000,-90.761286
5917.968750,-95.434432
5929.687500,-86.345636
5941.406250,-85.959747
5953.125000,-83.718060
5964.843750,-83.190523
5976.562500,-86.371196
5988.281250,-85.287219
6000.000000,-87.451997
6011.718750,-88.205226
6023.437500,-92.301492
6035.156250,-91.152252
6046.875000,-97.385396
6058.593750,-98.394290
6070.312500,-104.890375
6082.031250,-89.040522
6093.750000,-85.627801
6105.468750,-90.423891
6117.187500,-89.704345
6128.906250,-93.772908
6140.625000,-92.562409
6152.343750,-87.409877
6164.062500,-88.816669
6175.781250,-99.761940
6187.500000,-101.984081
6199.218750,-92.649943
6210.937500,-93.797028
6222.656250,-99.283990
6234.375000,-92.916658
6246.093750,-86.121001
6257.812500,-84.580100
6269.531250,-86.368561
6281.250000,-85.922592
6292.968750,-87.882464
6304.687500,-92.449141
6316.406250,-88.381778
6328.125000,-92.997196
6339.843750,-97.250953
6351.562500,-93.056464
6363.281250,-91.745930
6375.000000,-98.018467
6386.718750,-93.486855
6398.437500,-91.817151
6410.156250,-87.562976
6421.875000,-88.846292
6433.593750,-90.684282
6445.312500,-89.757377
6457.031250,-92.819529
6468.750000,-93.144565
6480.468750,-94.370154
6492.187500,-89.013699
6503.906250,-88.956046
6515.625000,-92.210395
6527.343750,-90.672494
6539.062500,-98.115222
6550.781250,-94.511768
6562.500000,-98.443786
6574.218750,-90.074656
6585.937500,-89.864822
6597.656250,-88.007854
6609.375000,-96.249347
6621.093750,-106.175757
6632.812500,-94.682053
6644.531250,-90.014441
6656.250000,-93.142364
6667.968750,-112.504951
6679.687500,-97.035536
6691.406250,-96.691186
6703.125000,-100.900634
6714.843750,-95.022988
6726.562500,-100.474188
6738.281250,-96.763299
6750.000000,-102.215793
6761.718750,-92.720687
6773.437500,-91.399349
6785.156250,-93.017533
6796.875000,-89.390279
6808.593750,-91.362847
6820.312500,-93.038807
6832.031250,-88.131910
6843.750000,-93.203653
6855.468750,-99.135615
6867.187500,-107.025086
6878.906250,-96.479060
6890.625000,-108.214188
6902.343750,-99.072394
6914.062500,-97.157295
6925.781250,-94.015334
6937.500000,-103.495567
6949.218750,-94.591983
6960.937500,-94.849933
6972.656250,-108.163324
6984.375000,-101.226159
6996.093750,-97.078926
7007.812500,-93.701249
7019.531250,-96.492928
7031.250000,-101.237328
7042.968750,-92.850403
7054.687500,-92.173694
7066.406250,-98.231132
7078.125000,-102.766168
7089.843750,-120.385953
7101.562500,-104.046831
7113.281250,-93.504132
7125.000000,-93.911677
7136.718750,-106.648466
7148.437500,-102.782680
7160.156250,-97.478318
7171.875000,-96.401212
7183.593750,-104.373129
7195.312500,-97.375040
7207.031250,-93.363046
7218.750000,-97.227047
7230.468750,-106.242507
7242.187500,-97.762654
7253.906250,-99.369081
7265.625000,-101.643838
7277.343750,-96.644812
7289.062500,-99.724611
7300.781250,-95.755097
7312.500000,-97.535968
7324.218750,-93.222208
7335.937500,-97.609029
7347.656250,-110.966787
7359.375000,-102.129212
7371.093750,-99.348213
7382.812500,-102.544854
7394.531250,-99.897337
7406.250000,-93.190018
7417.968750,-94.504683
7429.687500,-101.147315
7441.406250,-96.750746
7453.125000,-104.505992
7464.843750,-100.314095
7476.562500,-95.770759
7488.281250,-100.026671
7500.000000,-102.535222
7511.718750,-106.891140
7523.437500,-101.347981
7535.156250,-102.580117
7546.875000,-100.257587
7558.593750,-97.927511
7570.312500,-92.681048
7582.031250,-94.762833
7593.750000,-95.972813
7605.468750,-99.363382
7617.187500,-98.032242
7628.906250,-100.911260
7640.625000,-106.519891
7652.343750,-109.471778
7664.062500,-105.825829
7675.781250,-99.689858
7687.500000,-95.327179
7699.218750,-99.661385
7710.937500,-97.970522
7722.656250,-95.127344
7734.375000,-99.811876
7746.093750,-99.800984
7757.812500,-97.168582
7769.531250,-94.451498
7781.250000,-96.081628
7792.968750,-102.572678
7804.687500,-105.270883
7816.406250,-105.045083
7828.125000,-104.923638
7839.843750,-97.509622
7851.562500,-103.514587
7863.281250,-108.122769
7875.000000,-102.320179
7886.718750,-98.888893
7898.437500,-110.261316
7910.156250,-100.027179
7921.875000,-103.203220
7933.593750,-97.097254
7945.312500,-98.129687
7957.031250,-92.572249
7968.750000,-95.813001
7980.468750,-100.887658
7992.187500,-98.795371
8003.906250,-103.739957
8015.625000,-101.572997
8027.343750,-117.396992
8039.062500,-104.914923
8050.781250,-102.871077
8062.500000,-105.461732
8074.218750,-107.931843
8085.937500,-99.719841
8097.656250,-101.353781
8109.375000,-104.683560
8121.093750,-101.393570
8132.812500,-102.000334
8144.531250,-100.450190
8156.250000,-102.979385
8167.968750,-106.745238
8179.687500,-108.028120
8191.406250,-108.409353
8203.125000,-101.844205
8214.843750,-102.469739
8226.562500,-112.281160
8238.281250,-105.500553
8250.000000,-100.914444
8261.718750,-98.457008
8273.437500,-98.328530
8285.156250,-101.058912
8296.875000,-105.051042
8308.593750,-120.628292
8320.312500,-104.740504
8332.031250,-105.226248
8343.750000,-105.559714
8355.468750,-103.670349
8367.187500,-102.414721
8378.906250,-104.776907
8390.625000,-105.871769
8402.343750,-103.585410
8414.062500,-99.445496
8425.781250,-107.656331
8437.500000,-115.768255
8449.218750,-109.992620
8460.937500,-107.468130
8472.656250,-106.590975
8484.375000,-100.814231
8496.093750,-102.169477
8507.812500,-109.368590
8519.531250,-103.695314
8531.250000,-116.302870
8542.968750,-105.249867
8554.687500,-110.792149
8566.406250,-103.478447
8578.125000,-105.232610
8589.843750,-105.079445
8601.562500,-102.592236
8613.281250,-108.958952
8625.000000,-118.364205
8636.718750,-109.709460
8648.437500,-109.267177
8660.156250,-109.608703
8671.875000,-109.743810
8683.593750,-105.065156
8695.312500,-122.451345
8707.031250,-110.906518
8718.750000,-106.438928
8730.468750,-110.486608
8742.187500,-112.605278
8753.906250,-114.983662
8765.625000,-123.927414
8777.343750,-107.571380
8789.062500,-108.571564
8800.781250,-110.354408
8812.500000,-124.913996
8824.218750,-117.884515
8835.937500,-111.152444
8847.656250,-120.754982
8859.375000,-111.064173
8871.093750,-108.065534
8882.812500,-111.951441
8894.531250,-115.503512
8906.250000,-112.015813
8917.968750,-109.171221
8929.687500,-115.880435
8941.406250,-115.054738
8953.125000,-115.032958
8964.843750,-123.238409
8976.562500,-115.265876
8988.281250,-113.015831
9000.000000,-111.351569
9011.718750,-126.398941
9023.437500,-113.048876
9035.156250,-113.471083
9046.875000,-115.037881
9058.593750,-117.046753
9070.312500,-126.426249
9082.031250,-122.894236
9093.750000,-118.253396
9105.468750,-113.851298
9117.187500,-116.631079
9128.906250,-113.199402
9140.625000,-115.024764
9152.343750,-123.247214
9164.062500,-111.799325
9175.781250,-116.776788
9187.500000,-116.573932
9199.218750,-121.047823
9210.937500,-125.170014
9222.656250,-115.585910
9234.375000,-114.383523
9246.093750,-113.275608
9257.812500,-115.246504
9269.531250,-117.831801
9281.250000,-114.517723
9292.968750,-112.242448
9304.687500,-119.559667
9316.406250,-123.029909
9328.125000,-115.830553
9339.843750,-135.922198
9351.562500,-122.162288
9363.281250,-119.070970
9375.000000,-117.185414
9386.718750,-121.212467
9398.437500,-131.055655
9410.156250,-131.216868
9421.875000,-124.200342
9433.593750,-121.000873
9445.312500,-119.652780
9457.031250,-126.196904
9468.750000,-121.724407
9480.468750,-123.695959
9492.187500,-125.017844
9503.906250,-126.281758
9515.625000,-135.853010
9527.343750,-126.223539
9539.062500,-126.340710
9550.781250,-133.370136
9562.500000,-133.826094
9574.218750,-137.351158
9585.937500,-154.214156
9597.656250,-164.106357
9609.375000,-148.368696
9621.093750,-148.261489
9632.812500,-140.449382
9644.531250,-135.896067
9656.250000,-135.894521
9667.968750,-126.240557
9679.687500,-128.807498
9691.406250,-143.482597
9703.125000,-136.714705
9714.843750,-133.283737
9726.562500,-150.217465
9738.281250,-129.293837
9750.000000,-124.462036
9761.718750,-121.249411
9773.437500,-125.459614
9785.156250,-118.898744
9796.875000,-119.206258
9808.593750,-116.598734
9820.312500,-116.332050
9832.031250,-128.523842
9843.750000,-118.925655
9855.468750,-125.169977
9867.187500,-126.768406
9878.906250,-125.155349
9890.625000,-122.794817
9902.343750,-125.160081
9914.062500,-121.494928
9925.781250,-125.499663
9937.500000,-115.249864
9949.218750,-117.478417
9960.937500,-111.385166
9972.656250,-115.786244
9984.375000,-124.040071
9996.093750,-131.462479
10007.812500,-121.585004
10019.531250,-119.133425
10031.250000,-118.543654
10042.968750,-113.826174
10054.687500,-114.869786
10066.406250,-114.475492
10078.125000,-122.319879
10089.843750,-112.808213
10101.562500,-113.740395
10113.281250,-113.556740
10125.000000,-111.049680
10136.718750,-116.840490
10148.437500,-127.397556
10160.156250,-114.615309
10171.875000,-116.457176
10183.593750,-114.756163
10195.312500,-114.389064
10207.031250,-108.640844
10218.750000,-110.215914
10230.468750,-109.030373
10242.187500,-117.305439
10253.906250,-123.427997
10265.625000,-109.706456
10277.343750,-108.149051
10289.062500,-125.274160
10300.781250,-108.783262
10312.500000,-104.871898
10324.218750,-108.964630
10335.937500,-115.474362
10347.656250,-108.992386
10359.375000,-107.359923
10371.093750,-121.178764
10382.812500,-109.069666
10394.531250,-119.097041
10406.250000,-111.349584
10417.968750,-120.741926
10429.687500,-107.638105
10441.406250,-103.318267
10453.125000,-109.763639
10464.843750,-109.004137
10476.562500,-124.647434
10488.281250,-111.745005
10500.000000,-113.944490
10511.718750,-105.426402
10523.437500,-103.765926
10535.156250,-109.524707
10546.875000,-123.163859
10558.593750,-122.531626
10570.312500,-110.546357
10582.031250,-109.176637
10593.750000,-114.209631
10605.468750,-110.537668
10617.187500,-110.521987
10628.906250,-110.708802
10640.625000,-110.660923
10652.343750,-110.046699
10664.062500,-110.482290
10675.781250,-114.376380
10687.500000,-115.285979
10699.218750,-114.476368
10710.937500,-110.329603
10722.656250,-114.855438
10734.375000,-110.965256
10746.093750,-110.199385
10757.812500,-113.794442
10769.531250,-113.894697
10781.250000,-112.927192
10792.968750,-114.077104
10804.687500,-117.709872
10816.406250,-113.900161
10828.125000,-111.125391
10839.843750,-109.217043
10851.562500,-116.893540
10863.281250,-125.376842
10875.000000,-112.303212
10886.718750,-111.237750
10898.437500,-113.265994
10910.156250,-113.677825
10921.875000,-112.233206
10933.593750,-115.944744
10945.312500,-111.739063
10957.031250,-109.378653
10968.750000,-110.900483
10980.468750,-115.018881
10992.187500,-124.341349
11003.906250,-126.253908
11015.625000,-117.648993
11027.343750,-116.881155
11039.062500,-115.965937
11050.781250,-112.264141
11062.500000,-114.333355
11074.218750,-117.174346
11085.937500,-114.952098
11097.656250,-117.003682
11109.375000,-116.775768
11121.093750,-127.967238
11132.812500,-123.707747
11144.531250,-119.257466
11156.250000,-129.021669
11167.968750,-119.361667
11179.687500,-120.093624
11191.406250,-117.743227
11203.125000,-120.243307
11214.843750,-119.593897
11226.562500,-127.055198
11238.281250,-121.688902
11250.000000,-132.627930
11261.718750,-123.091345
11273.437500,-114.065022
11285.156250,-119.382687
11296.875000,-120.462344
11308.593750,-122.163634
11320.312500,-131.693961
11332.031250,-119.362260
11343.750000,-124.087853
11355.468750,-115.337229
11367.187500,-119.973733
11378.906250,-122.594617
11390.625000,-123.644607
11402.343750,-112.455849
11414.062500,-113.403456
11425.781250,-121.970037
11437.500000,-121.434253
11449.218750,-127.695111
11460.937500,-121.530707
11472.656250,-121.190835
11484.375000,-123.515565
11496.093750,-120.178839
11507.812500,-118.906691
11519.531250,-118.149149
11531.250000,-118.741434
11542.968750,-121.710059
11554.687500,-125.934483
11566.406250,-117.738295
11578.125000,-119.432334
11589.843750,-124.008210
11601.562500,-121.974140
11613.281250,-121.363701
11625.000000,-123.078883
11636.718750,-121.525874
11648.437500,-119.339476
11660.156250,-123.906146
11671.875000,-128.196381
11683.593750,-121.534184
11695.312500,-121.979011
11707.031250,-126.679076
11718.750000,-129.688044
11730.468750,-124.404132
11742.187500,-120.768598
11753.906250,-125.938361
11765.625000,-129.859325
11777.343750,-126.415493
11789.062500,-122.248081
11800.781250,-121.720969
11812.500000,-129.588692
11824.218750,-136.286873
11835.937500,-128.688223
11847.656250,-128.547561
11859.375000,-129.192410
11871.093750,-156.153176
11882.812500,-145.660031
11894.531250,-126.304266
11906.250000,-133.250973
11917.968750,-151.781149
11929.687500,-134.930405
11941.406250,-137.586543
11953.125000,-135.117492
11964.843750,-135.371332
11976.562500,-148.592612
11988.281250,-162.347613
12000.000000,-195.546697
12011.718750,-150.384176
12023.437500,-151.652822
12035.156250,-145.694398
12046.875000,-139.198927
12058.593750,-135.551328
12070.312500,-144.750446
12082.031250,-142.219653
12093.750000,-132.715539
12105.468750,-144.476508
12117.187500,-149.013004
12128.906250,-137.185805
12140.625000,-133.803375
12152.343750,-138.076958
12164.062500,-127.927086
12175.781250,-122.653476
12187.500000,-128.556483
12199.218750,-142.570982
12210.937500,-127.128275
12222.656250,-132.031066
12234.375000,-124.620961
12246.093750,-130.701250
12257.812500,-129.897942
12269.531250,-127.245888
12281.250000,-126.284468
12292.968750,-123.974080
12304.687500,-121.082907
12316.406250,-124.225842
12328.125000,-142.320545
12339.843750,-130.016806
12351.562500,-120.616168
12363.281250,-120.493325
12375.000000,-123.480747
12386.718750,-121.993494
12398.437500,-126.374419
12410.156250,-119.036374
12421.875000,-130.451656
12433.593750,-123.385691
12445.312500,-118.485093
12457.031250,-133.542250
12468.750000,-128.549005
12480.468750,-116.064098
12492.187500,-116.845067
12503.906250,-127.274001
12515.625000,-123.706806
12527.343750,-117.263235
12539.062500,-117.879597
12550.781250,-117.523841
12562.500000,-152.527662
12574.218750,-124.324717
12585.937500,-121.155201
12597.656250,-121.826148
12609.375000,-116.667625
12621.093750,-114.444738
12632.812500,-110.553923
12644.531250,-110.403664
12656.250000,-113.853883
12667.968750,-120.315052
12679.687500,-116.176029
12691.406250,-119.228221
12703.125000,-110.508232
12714.843750,-113.291793
12726.562500,-119.793145
12738.281250,-103.877471
12750.000000,-106.204764
12761.718750,-113.794744
12773.437500,-112.712530
12785.156250,-117.520831
12796.875000,-116.963069
12808.593750,-118.527224
12820.312500,-113.810788
12832.031250,-109.083738
12843.750000,-106.415905
12855.468750,-120.297386
12867.187500,-115.388259
12878.906250,-104.303600
12890.625000,-121.009334
12902.343750,-106.707865
12914.062500,-126.294665
12925.781250,-121.422930
12937.500000,-108.117115
12949.218750,-109.406711
12960.937500,-106.058012
12972.656250,-106.125984
12984.375000,-115.950059
12996.093750,-110.714070
13007.812500,-108.661316
13019.531250,-112.520564
13031.250000,-114.991001
13042.968750,-117.444052
13054.687500,-107.928210
13066.406250,-109.050921
13078.125000,-103.772811
13089.843750,-102.421959
13101.562500,-107.523914
13113.281250,-113.984677
13125.000000,-111.320407
13136.718750,-109.643543
13148.437500,-106.873323
13160.156250,-105.933003
13171.875000,-107.134153
13183.593750,-103.219020
13195.312500,-100.774089
13207.031250,-101.835119
13218.750000,-104.346432
13230.468750,-119.677027
13242.187500,-100.469170
13253.906250,-102.739417
13265.625000,-104.689970
13277.343750,-105.614759
13289.062500,-108.560244
13300.781250,-102.827860
13312.500000,-100.565471
13324.218750,-104.807708
13335.937500,-108.236716
13347.656250,-106.768134
13359.375000,-106.600543
13371.093750,-104.893766
13382.812500,-103.033005
13394.531250,-101.546772
13406.250000,-99.546854
13417.968750,-100.794351
13429.687500,-107.180092
13441.406250,-104.056846
13453.125000,-98.239744
13464.843750,-100.306439
13476.562500,-97.016674
13488.281250,-98.454979
13500.000000,-106.855079
13511.718750,-114.196378
13523.437500,-110.189901
13535.156250,-116.233638
13546.875000,-100.898688
13558.593750,-94.917934
13570.312500,-93.500359
13582.031250,-95.997528
13593.750000,-96.583517
13605.468750,-95.958664
13617.187500,-95.717121
13628.906250,-95.533643
13640.625000,-97.233611
13652.343750,-99.495830
13664.062500,-97.059097
13675.781250,-94.077735
13687.500000,-94.506724
13699.218750,-99.525344
13710.937500,-100.926594
13722.656250,-99.512986
13734.375000,-92.094756
13746.093750,-90.481147
13757.812500,-104.976003
13769.531250,-92.019061
13781.250000,-96.288614
13792.968750,-96.180610
13804.687500,-103.588253
13816.406250,-98.202570
13828.125000,-96.555372
13839.843750,-92.207939
13851.562500,-91.018918
13863.281250,-93.733570
13875.000000,-99.177467
13886.718750,-93.043334
13898.437500,-89.717300
13910.156250,-103.557349
13921.875000,-118.018934
13933.593750,-97.311113
13945.312500,-111.059883
13957.031250,-96.608753
13968.750000,-91.967123
13980.468750,-98.412670
13992.187500,-104.651681
14003.906250,-96.582918
14015.625000,-97.874298
14027.343750,-90.783071
14039.062500,-85.254600
14050.781250,-84.350092
14062.500000,-87.792608
14074.218750,-87.641803
14085.937500,-90.609390
14097.656250,-91.140685
14109.375000,-92.322248
14121.093750,-87.403012
14132.812500,-92.303237
14144.531250,-97.625747
14156.250000,-89.812942
14167.968750,-83.728978
14179.687500,-81.184374
14191.406250,-86.487437
14203.125000,-84.021704
14214.843750,-84.735231
14226.562500,-85.386951
14238.281250,-86.297184
14250.000000,-86.215682
14261.718750,-80.681754
14273.437500,-79.788896
14285.156250,-81.624028
14296.875000,-84.953030
14308.593750,-76.848925
14320.312500,-77.437544
14332.031250,-78.452920
14343.750000,-77.989602
14355.468750,-77.401540
14367.187500,-90.370620
14378.906250,-80.715988
14390.625000,-82.465903
14402.343750,-80.513884
14414.062500,-82.473435
14425.781250,-81.942314
14437.500000,-90.122890
14449.218750,-90.989485
14460.937500,-78.236344
14472.656250,-80.505849
14484.375000,-77.954088
14496.093750,-78.743565
14507.812500,-88.638673
14519.531250,-81.135994
14531.250000,-79.735785
14542.968750,-80.976209
14554.687500,-85.125578
14566.406250,-93.832824
14578.125000,-86.941616
14589.843750,-81.204885
14601.562500,-94.492127
14613.281250,-80.509403
14625.000000,-79.354075
14636.718750,-78.100241
14648.437500,-77.995293
14660.156250,-85.530909
14671.875000,-83.038325
14683.593750,-84.536045
14695.312500,-89.891263
14707.031250,-90.024016
14718.750000,-86.609331
14730.468750,-80.299168
14742.187500,-75.284205
14753.906250,-83.936908
14765.625000,-83.486630
14777.343750,-83.387305
14789.062500,-83.074918
14800.781250,-81.578954
14812.500000,-82.060651
14824.218750,-88.008224
14835.937500,-85.722018
14847.656250,-84.631145
14859.375000,-93.176005
14871.093750,-88.547024
14882.812500,-87.793927
14894.531250,-92.598608
14906.250000,-103.023671
14917.968750,-101.851344
14929.687500,-89.671157
14941.406250,-89.662278
14953.125000,-89.966090
14964.843750,-86.449699
14976.562500,-89.424855
14988.281250,-102.536645
15000.000000,-90.558480
15011.718750,-89.102989
15023.437500,-94.821725
15035.156250,-96.122128
15046.875000,-97.117335
15058.593750,-92.669932
15070.312500,-91.405499
15082.031250,-87.217426
15093.750000,-87.289916
15105.468750,-93.177635
15117.187500,-86.487893
15128.906250,-92.157712
15140.625000,-108.171184
15152.343750,-94.990781
15164.062500,-89.157150
15175.781250,-90.557436
15187.500000,-92.375845
15199.218750,-86.087879
15210.937500,-89.112226
15222.656250,-98.109741
15234.375000,-95.284870
15246.093750,-89.189842
15257.812500,-88.523870
15269.531250,-89.923396
15281.250000,-89.837317
15292.968750,-96.977931
15304.687500,-90.429022
15316.406250,-91.140878
15328.125000,-97.736453
15339.843750,-98.953468
15351.562500,-104.628062
15363.281250,-102.546333
15375.000000,-89.142458
15386.718750,-88.327285
15398.437500,-98.943949
15410.156250,-102.901286
15421.875000,-91.770025
15433.593750,-96.869544
15445.312500,-92.953808
15457.031250,-92.492847
15468.750000,-97.436438
15480.468750,-91.997973
15492.187500,-99.102251
15503.906250,-99.258372
15515.625000,-96.816573
15527.343750,-97.566290
15539.062500,-91.288163
15550.781250,-91.570761
15562.500000,-93.383631
15574.218750,-91.676154
15585.937500,-90.058082
15597.656250,-93.178943
15609.375000,-91.533617
15621.093750,-91.233101
15632.812500,-96.422527
15644.531250,-101.436676
15656.250000,-100.086517
15667.968750,-91.557265
15679.687500,-89.755010
15691.406250,-94.509454
15703.125000,-113.041791
15714.843750,-97.747984
15726.562500,-97.852700
15738.281250,-92.962775
15750.000000,-102.688294
15761.718750,-92.946770
15773.437500,-92.149171
15785.156250,-95.023598
15796.875000,-95.046139
15808.593750,-94.991003
15820.312500,-98.535648
15832.031250,-97.569405
15843.750000,-92.680433
15855.468750,-92.483652
15867.187500,-93.361473
15878.906250,-93.419413
15890.625000,-94.917276
15902.343750,-102.424026
15914.062500,-101.799901
15925.781250,-104.227834
15937.500000,-104.589426
15949.218750,-102.636140
15960.937500,-97.040149
15972.656250,-94.339986
15984.375000,-96.151641
15996.093750,-107.237543
16007.812500,-101.199740
16019.531250,-109.736373
16031.250000,-99.341212
16042.968750,-90.975552
16054.687500,-93.682808
16066.406250,-103.310473
16078.125000,-94.239215
16089.843750,-96.567976
16101.562500,-98.132563
16113.281250,-92.332101
16125.000000,-97.875372
16136.718750,-102.374450
16148.437500,-102.329032
16160.156250,-106.707981
16171.875000,-99.399009
16183.593750,-98.191417
16195.312500,-108.967937
16207.031250,-98.809247
16218.750000,-96.503814
16230.468750,-100.210673
16242.187500,-104.893813
16253.906250,-105.375413
16265.625000,-105.516776
16277.343750,-107.079127
16289.062500,-100.599714
16300.781250,-94.849281
16312.500000,-93.652571
16324.218750,-94.774082
16335.937500,-99.216454
16347.656250,-111.124964
16359.375000,-101.709237
16371.093750,-120.457367
16382.812500,-103.118059
16394.531250,-102.615412
16406.250000,-100.935700
16417.968750,-103.973717
16429.687500,-101.795736
16441.406250,-103.965147
16453.125000,-101.360719
16464.843750,-109.344304
16476.562500,-122.633795
16488.281250,-109.415511
16500.000000,-101.844317
16511.718750,-104.559863
16523.437500,-107.794844
16535.156250,-116.014499
16546.875000,-107.546744
16558.593750,-100.296943
16570.312500,-100.859096
16582.031250,-104.520575
16593.750000,-115.614687
16605.468750,-104.447221
16617.187500,-102.799562
16628.906250,-108.400274
16640.625000,-104.840696
16652.343750,-100.740527
16664.062500,-108.331717
16675.781250,-98.147894
16687.500000,-99.693223
16699.218750,-133.467310
16710.937500,-106.237157
16722.656250,-105.156930
16734.375000,-97.835555
16746.093750,-98.588963
16757.812500,-103.297342
16769.531250,-99.436569
16781.250000,-100.489623
16792.968750,-97.590671
16804.687500,-99.200747
16816.406250,-105.011174
16828.125000,-116.346830
16839.843750,-99.222213
16851.562500,-101.066348
16863.281250,-107.538252
16875.000000,-104.128716
16886.718750,-107.559775
16898.437500,-107.325875
16910.156250,-105.494000
16921.875000,-106.064866
16933.593750,-102.622310
16945.312500,-102.750624
16957.031250,-101.395581
16968.750000,-102.060390
16980.468750,-115.778356
16992.187500,-105.932965
17003.906250,-103.101789
17015.625000,-109.376322
17027.343750,-109.760480
17039.062500,-103.098744
17050.781250,-111.148080
17062.500000,-102.912404
17074.218750,-102.728306
17085.937500,-107.337975
17097.656250,-114.791934
17109.375000,-98.671204
17121.093750,-98.030364
17132.812500,-139.298806
17144.531250,-103.537287
17156.250000,-108.460559
17167.968750,-103.886437
17179.687500,-109.461068
17191.406250,-104.256574
17203.125000,-102.034725
17214.843750,-106.089377
17226.562500,-107.069605
17238.281250,-104.688823
17250.000000,-101.215191
17261.718750,-102.933125
17273.437500,-106.918795
17285.156250,-109.943645
17296.875000,-107.667080
17308.593750,-106.690237
17320.312500,-112.706742
17332.031250,-107.052830
17343.750000,-108.702031
17355.468750,-110.316126
17367.187500,-112.857792
17378.906250,-100.118863
17390.625000,-103.235879
17402.343750,-121.382293
17414.062500,-109.804005
17425.781250,-100.377452
17437.500000,-103.253943
17449.218750,-99.730266
17460.937500,-104.416516
17472.656250,-110.355767
17484.375000,-107.991317
17496.093750,-103.591723
17507.812500,-105.193086
17519.531250,-113.676624
17531.250000,-106.305829
17542.968750,-103.183191
17554.687500,-108.581261
17566.406250,-109.380663
17578.125000,-106.112592
17589.843750,-106.218444
17601.562500,-106.949721
17613.281250,-99.219173
17625.000000,-102.927512
17636.718750,-108.155881
17648.437500,-110.755783
17660.156250,-107.219065
17671.875000,-100.715286
17683.593750,-101.578292
17695.312500,-107.015193
17707.031250,-111.149893
17718.750000,-114.679556
17730.468750,-104.725517
17742.187500,-108.278300
17753.906250,-113.853490
17765.625000,-106.617088
17777.343750,-106.739395
17789.062500,-106.186429
17800.781250,-105.924432
17812.500000,-104.835737
17824.218750,-110.876224
17835.937500,-109.608495
17847.656250,-103.127353
17859.375000,-103.779988
17871.093750,-105.926229
17882.812500,-106.451788
17894.531250,-108.417356
17906.250000,-109.566251
17917.968750,-113.988083
17929.687500,-112.426176
17941.406250,-107.837579
17953.125000,-105.003103
17964.843750,-104.646949
17976.562500,-106.116138
17988.281250,-108.869007
18000.000000,-119.683202
18011.718750,-111.640675
18023.437500,-114.544239
18035.156250,-106.284476
18046.875000,-104.442278
18058.593750,-110.692951
18070.312500,-113.317056
18082.031250,-105.705248
18093.750000,-107.660524
18105.468750,-108.335601
18117.187500,-108.242086
18128.906250,-112.136914
18140.625000,-105.249737
18152.343750,-113.552598
18164.062500,-119.434602
18175.781250,-112.227856
18187.500000,-107.596658
18199.218750,-115.456982
18210.937500,-108.741540
18222.656250,-107.661386
18234.375000,-114.609893
18246.093750,-126.586090
18257.812500,-112.901035
18269.531250,-114.092378
18281.250000,-114.493820
18292.968750,-108.940455
18304.687500,-107.913182
18316.406250,-109.340391
18328.125000,-107.471693
18339.843750,-112.486803
18351.562500,-110.769450
18363.281250,-112.712727
18375.000000,-119.133526
18386.718750,-118.548181
18398.437500,-113.788057
18410.156250,-116.177557
18421.875000,-113.791291
18433.593750,-112.625815
18445.312500,-108.448219
18457.031250,-115.207142
18468.750000,-119.289733
18480.468750,-116.835958
18492.187500,-113.181312
18503.906250,-113.519760
18515.625000,-117.323257
18527.343750,-123.563562
18539.062500,-118.072960
18550.781250,-121.540934
18562.500000,-109.619787
18574.218750,-109.378504
18585.937500,-115.465626
18597.656250,-130.838754
18609.375000,-115.250074
18621.093750,-113.562637
18632.812500,-117.658694
18644.531250,-113.858311
18656.250000,-111.770740
18667.968750,-116.616231
18679.687500,-117.149953
18691.406250,-113.313778
18703.125000,-118.477180
18714.843750,-114.516164
18726.562500,-117.248567
18738.281250,-117.358794
18750.000000,-116.026192
18761.718750,-116.370692
18773.437500,-123.284714
18785.156250,-113.279390
18796.875000,-113.735772
18808.593750,-136.014151
18820.312500,-112.528780
18832.031250,-110.524038
18843.750000,-113.236008
18855.468750,-110.820663
18867.187500,-111.584222
18878.906250,-112.181207
18890.625000,-113.200615
18902.343750,-111.001074
18914.062500,-111.987594
18925.781250,-113.804783
18937.500000,-115.142202
18949.218750,-113.241246
18960.937500,-117.158361
18972.656250,-125.659088
18984.375000,-118.007594
18996.093750,-115.663788
19007.812500,-119.842112
19019.531250,-115.691403
19031.250000,-119.101946
19042.968750,-128.439941
19054.687500,-119.394075
19066.406250,-123.475573
19078.125000,-123.951876
19089.843750,-121.866033
19101.562500,-122.530792
19113.281250,-127.338264
19125.000000,-127.634419
19136.718750,-122.872070
19148.437500,-134.298610
19160.156250,-139.346830
19171.875000,-135.405714
19183.593750,-135.366923
19195.312500,-145.630084
19207.031250,-144.551235
19218.750000,-142.136800
19230.468750,-136.392512
19242.187500,-129.471820
19253.906250,-128.875472
19265.625000,-129.006781
19277.343750,-124.801353
19289.062500,-129.075224
19300.781250,-132.318482
19312.500000,-123.355711
19324.218750,-122.191307
19335.937500,-123.615178
19347.656250,-130.003162
19359.375000,-144.623445
19371.093750,-125.814800
19382.812500,-126.702232
19394.531250,-116.556636
19406.250000,-118.160497
19417.968750,-122.096682
19429.687500,-115.235888
19441.406250,-116.975584
19453.125000,-123.032653
19464.843750,-126.073376
19476.562500,-121.735748
19488.281250,-118.698002
19500.000000,-123.065994
19511.718750,-120.439939
19523.437500,-121.056191
19535.156250,-125.023741
19546.875000,-120.579806
19558.593750,-118.751743
19570.312500,-119.499878
19582.031250,-122.270816
19593.750000,-118.781488
19605.468750,-123.830379
19617.187500,-113.745303
19628.906250,-113.899542
19640.625000,-116.676637
19652.343750,-128.996701
19664.062500,-119.716355
19675.781250,-117.026328
19687.500000,-115.409282
19699.218750,-118.946904
19710.937500,-117.861063
19722.656250,-123.144140
19734.375000,-123.272347
19746.093750,-125.100129
19757.812500,-116.703234
19769.531250,-125.373993
19781.250000,-123.803055
19792.968750,-114.184037
19804.687500,-115.161631
19816.406250,-115.941574
19828.125000,-113.401584
19839.843750,-117.544108
19851.562500,-118.725005
19863.281250,-120.697803
19875.000000,-124.394160
19886.718750,-127.551706
19898.437500,-114.840962
19910.156250,-115.734487
19921.875000,-130.277351
19933.593750,-119.177718
19945.312500,-113.162421
19957.031250,-121.197355
19968.750000,-119.577715
19980.468750,-119.336313
19992.187500,-120.297910
20003.906250,-123.296361
20015.625000,-136.385454
20027.343750,-122.622880
20039.062500,-122.249658
20050.781250,-112.189125
20062.500000,-115.016644
20074.218750,-114.725364
20085.937500,-116.909068
20097.656250,-121.643536
20109.375000,-116.196491
20121.093750,-116.474548
20132.812500,-121.711727
20144.531250,-119.459567
20156.250000,-120.336320
20167.968750,-116.503566
20179.687500,-121.117564
20191.406250,-121.777634
20203.125000,-125.097438
20214.843750,-120.042209
20226.562500,-117.297494
20238.281250,-128.192054
20250.000000,-125.279485
20261.718750,-122.939934
20273.437500,-115.041877
20285.156250,-117.445336
20296.875000,-118.194494
20308.593750,-116.483372
20320.312500,-117.312235
20332.031250,-123.404375
20343.750000,-127.198457
20355.468750,-126.810509
20367.187500,-117.594498
20378.906250,-119.962120
20390.625000,-118.539048
20402.343750,-134.082834
20414.062500,-128.861537
20425.781250,-131.195223
20437.500000,-122.763383
20449.218750,-123.840646
20460.937500,-121.806321
20472.656250,-118.246783
20484.375000,-118.389309
20496.093750,-120.456476
20507.812500,-117.760824
20519.531250,-117.367831
20531.250000,-116.930165
20542.968750,-130.505163
20554.687500,-114.285999
20566.406250,-116.836035
20578.125000,-125.007130
20589.843750,-117.132264
20601.562500,-116.218309
20613.281250,-128.144613
20625.000000,-123.585572
20636.718750,-140.705707
20648.437500,-121.086107
20660.156250,-124.979510
20671.875000,-116.196328
20683.593750,-113.942220
20695.312500,-118.332250
20707.031250,-123.049912
20718.750000,-121.099084
20730.468750,-117.909662
20742.187500,-117.812518
20753.906250,-132.671389
20765.625000,-121.349298
20777.343750,-118.980885
20789.062500,-117.560692
20800.781250,-110.535481
20812.500000,-121.475065
20824.218750,-130.970962
20835.937500,-129.581416
20847.656250,-117.803008
20859.375000,-113.058073
20871.093750,-119.842081
20882.812500,-128.568175
20894.531250,-124.719849
20906.250000,-120.399002
20917.968750,-118.288390
20929.687500,-112.410064
20941.406250,-109.776090
20953.125000,-120.048291
20964.843750,-120.547484
20976.562500,-117.329157
20988.281250,-117.158669
21000.000000,-120.175126
21011.718750,-125.035282
21023.437500,-122.741848
21035.156250,-119.398026
21046.875000,-118.750013
21058.593750,-112.270394
21070.312500,-127.065382
21082.031250,-118.754131
21093.750000,-121.804153
21105.468750,-115.576455
21117.187500,-113.363034
21128.906250,-123.787445
21140.625000,-118.562018
21152.343750,-129.551274
21164.062500,-114.059831
21175.781250,-117.921882
21187.500000,-123.291676
21199.218750,-119.470054
21210.937500,-114.654327
21222.656250,-122.693384
21234.375000,-125.399114
21246.093750,-122.155730
21257.812500,-116.233508
21269.531250,-113.496085
21281.250000,-118.671637
21292.968750,-126.039208
21304.687500,-115.717732
21316.406250,-113.236158
21328.125000,-119.511495
21339.843750,-122.622169
21351.562500,-116.848343
21363.281250,-118.000685
21375.000000,-119.259576
21386.718750,-112.374325
21398.437500,-112.848548
21410.156250,-117.957478
21421.875000,-122.339914
21433.593750,-116.300580
21445.312500,-118.983937
21457.031250,-117.505133
21468.750000,-123.834522
21480.468750,-120.969591
21492.187500,-125.435075
21503.906250,-136.635982
21515.625000,-129.586034
21527.343750,-128.946546
21539.062500,-119.935925
21550.781250,-114.885154
21562.500000,-121.623280
21574.218750,-118.812210
21585.937500,-127.675754
21597.656250,-132.052394
21609.375000,-118.948834
21621.093750,-124.054569
21632.812500,-121.756691
21644.531250,-123.157777
21656.250000,-122.312111
21667.968750,-113.913093
21679.687500,-113.438152
21691.406250,-114.635537
21703.125000,-117.943464
21714.843750,-122.177292
21726.562500,-114.826619
21738.281250,-115.224667
21750.000000,-121.747784
21761.718750,-119.024856
21773.437500,-121.425022
21785.156250,-122.482928
21796.875000,-112.375539
21808.593750,-115.785174
21820.312500,-118.260341
21832.031250,-117.167461
21843.750000,-123.294402
21855.468750,-113.462599
21867.187500,-115.908924
21878.906250,-131.046728
21890.625000,-124.127993
21902.343750,-116.775036
21914.062500,-118.931027
21925.781250,-128.055739
21937.500000,-114.860058
21949.218750,-118.420441
21960.937500,-123.366403
21972.656250,-126.601847
21984.375000,-120.674042
21996.093750,-122.868549
22007.812500,-125.736181
22019.531250,-128.077508
22031.250000,-121.684015
22042.968750,-126.222345
22054.687500,-125.335154
22066.406250,-113.786305
22078.125000,-113.103480
22089.843750,-112.683833
22101.562500,-114.461534
22113.281250,-116.011088
22125.000000,-126.022068
22136.718750,-119.277882
22148.437500,-123.594028
22160.156250,-115.947120
22171.875000,-128.000694
22183.593750,-120.830121
22195.312500,-117.162946
22207.031250,-114.250879
22218.750000,-125.305226
22230.468750,-131.471110
22242.187500,-121.931138
22253.906250,-118.976989
22265.625000,-115.884989
22277.343750,-120.805937
22289.062500,-116.974957
22300.781250,-113.948217
22312.500000,-117.832852
22324.218750,-132.724978
22335.937500,-128.950481
22347.656250,-121.902403
22359.375000,-115.968032
22371.093750,-114.745657
22382.812500,-117.848590
22394.531250,-118.633011
22406.250000,-120.507758
22417.968750,-129.550188
22429.687500,-138.977813
22441.406250,-124.364278
22453.125000,-121.924115
22464.843750,-132.389398
22476.562500,-122.179908
22488.281250,-121.008834
22500.000000,-122.653907
22511.718750,-124.774427
22523.437500,-122.856871
22535.156250,-121.931250
22546.875000,-130.547784
22558.593750,-122.964452
22570.312500,-119.773291
22582.031250,-117.848574
22593.750000,-116.639170
22605.468750,-117.509142
22617.187500,-115.226373
22628.906250,-121.917345
22640.625000,-133.326808
22652.343750,-124.920878
22664.062500,-123.540871
22675.781250,-117.323577
22687.500000,-118.265747
22699.218750,-123.071411
22710.937500,-125.041611
22722.656250,-120.502859
22734.375000,-120.766528
22746.093750,-120.490496
22757.812500,-121.018822
22769.531250,-126.945342
22781.250000,-121.338934
22792.968750,-119.399700
22804.687500,-118.184191
22816.406250,-120.484373
22828.125000,-115.237020
22839.843750,-128.401023
22851.562500,-122.635257
22863.281250,-122.172986
22875.000000,-121.498985
22886.718750,-118.179863
22898.437500,-124.661310
22910.156250,-119.629535
22921.875000,-132.120267
22933.593750,-129.458218
22945.312500,-122.089563
22957.031250,-132.159665
22968.750000,-126.379366
22980.468750,-136.192904
22992.187500,-123.572626
23003.906250,-116.028916
23015.625000,-122.039337
23027.343750,-125.996257
23039.062500,-118.914937
23050.781250,-118.928645
23062.500000,-118.508624
23074.218750,-117.541584
23085.937500,-125.279123
23097.656250,-117.583267
23109.375000,-116.848592
23121.093750,-126.437331
23132.812500,-124.976406
23144.531250,-120.410295
23156.250000,-118.253888
23167.968750,-120.145579
23179.687500,-116.631335
23191.406250,-118.662261
23203.125000,-113.341621
23214.843750,-116.572113
23226.562500,-131.863648
23238.281250,-120.261597
23250.000000,-129.549392
23261.718750,-125.730303
23273.437500,-124.710548
23285.156250,-135.801193
23296.875000,-141.928842
23308.593750,-123.419920
23320.312500,-119.045238
23332.031250,-118.471283
23343.750000,-122.466681
23355.468750,-133.522416
23367.187500,-121.887320
23378.906250,-126.567430
23390.625000,-128.671965
23402.343750,-122.780205
23414.062500,-122.668068
23425.781250,-126.904224
23437.500000,-128.173890
23449.218750,-127.785152
23460.937500,-122.444201
23472.656250,-122.954675
23484.375000,-128.217530
23496.093750,-123.176969
23507.812500,-125.590686
23519.531250,-135.902101
23531.250000,-123.508111
23542.968750,-123.693477
23554.687500,-130.842072
23566.406250,-124.924044
23578.125000,-129.387789
23589.843750,-128.421437
23601.562500,-121.344402
23613.281250,-123.223081
23625.000000,-130.232146
23636.718750,-127.145895
23648.437500,-122.894707
23660.156250,-125.169807
23671.875000,-133.440935
23683.593750,-128.503066
23695.312500,-133.819546
23707.031250,-128.266881
23718.750000,-130.424102
23730.468750,-136.075052
23742.187500,-136.922301
23753.906250,-133.642164
23765.625000,-128.384807
23777.343750,-123.953288
23789.062500,-125.346258
23800.781250,-132.784319
23812.500000,-139.961287
23824.218750,-136.718586
23835.937500,-132.341622
23847.656250,-136.048848
23859.375000,-137.890276
23871.093750,-143.428762
23882.812500,-145.131161
23894.531250,-148.139748
23906.250000,-135.890725
23917.968750,-134.535555
23929.687500,-145.198881
23941.406250,-146.396979
23953.125000,-152.647373
23964.843750,-151.335773
23976.562500,-154.159092
23988.281250,-157.532882
