-24000.000000,-187.404672
-23988.281250,-159.381727
-23976.562500,-153.053688
-23964.843750,-149.796597
-23953.125000,-147.103607
-23941.406250,-145.269188
-23929.687500,-143.655071
-23917.968750,-142.291692
-23906.250000,-141.194490
-23894.531250,-140.102999
-23882.812500,-139.260873
-23871.093750,-138.386741
-23859.375000,-137.648415
-23847.656250,-136.966209
-23835.937500,-136.280864
-23824.218750,-135.727058
-23812.500000,-135.137501
-23800.781250,-134.642127
-23789.062500,-134.136642
-23777.343750,-133.663865
-23765.625000,-133.241903
-23753.906250,-132.793775
-23742.187500,-132.422647
-23730.468750,-132.013821
-23718.750000,-131.658844
-23707.031250,-131.314689
-23695.312500,-130.956120
-23683.593750,-130.654456
-23671.875000,-130.316631
-23660.156250,-130.030000
-23648.437500,-129.732077
-23636.718750,-129.452505
-23625.000000,-129.195307
-23613.281250,-128.914300
-23601.562500,-128.677500
-23589.843750,-128.418696
-23578.125000,-128.188962
-23566.406250,-127.957199
-23554.687500,-127.720863
-23542.968750,-127.519728
-23531.250000,-127.291254
-23519.531250,-127.097040
-23507.812500,-126.883781
-23496.093750,-126.679555
-23484.375000,-126.489928
-23472.656250,-126.284273
-23460.937500,-126.122401
-23449.218750,-125.933144
-23437.500000,-125.758681
-23425.781250,-125.590347
-23414.062500,-125.406281
-23402.343750,-125.253712
-23390.625000,-125.088552
-23378.906250,-124.943322
-23367.187500,-124.785082
-23355.468750,-124.630126
-23343.750000,-124.487879
-23332.031250,-124.329724
-23320.312500,-124.197056
-23308.593750,-124.047429
-23296.875000,-123.921065
-23285.156250,-123.790045
-23273.437500,-123.639082
-23261.718750,-123.520911
-23250.000000,-123.391640
-23238.281250,-123.274153
-23226.562500,-123.143937
-23214.843750,-123.019397
-23203.125000,-122.903490
-23191.406250,-122.779560
-23179.687500,-122.677807
-23167.968750,-122.552757
-23156.250000,-122.450107
-23144.531250,-122.342614
-23132.812500,-122.228635
-23121.093750,-122.131494
-23109.375000,-122.014729
-23097.656250,-121.922340
-23085.937500,-121.829152
-23074.218750,-121.729488
-23062.500000,-121.627569
-23050.781250,-121.524645
-23039.062500,-121.446710
-23027.343750,-121.346883
-23015.625000,-121.254104
-23003.906250,-121.163035
-22992.187500,-121.069813
-22980.468750,-120.984422
-22968.750000,-120.888932
-22957.031250,-120.811317
-22945.312500,-120.722301
-22933.593750,-120.643700
-22921.875000,-120.569866
-22910.156250,-120.482296
-22898.437500,-120.409946
-22886.718750,-120.324642
-22875.000000,-120.254294
-22863.281250,-120.174249
-22851.562500,-120.096210
-22839.843750,-120.041777
-22828.125000,-119.962809
-22816.406250,-119.887834
-22804.687500,-119.812116
-22792.968750,-119.749343
-22781.250000,-119.683178
-22769.531250,-119.605247
-22757.812500,-119.548684
-22746.093750,-119.476361
-22734.375000,-119.411007
-22722.656250,-119.354318
-22710.937500,-119.291847
-22699.218750,-119.231673
-22687.500000,-119.161553
-22675.781250,-119.105834
-22664.062500,-119.044672
-22652.343750,-118.985491
-22640.625000,-118.934707
-22628.906250,-118.885554
-22617.187500,-118.839765
-22605.468750,-118.767077
-22593.750000,-118.711061
-22582.031250,-118.658732
-22570.312500,-118.603863
-22558.593750,-118.550836
-22546.875000,-118.491429
-22535.156250,-118.452227
-22523.437500,-118.399840
-22511.718750,-118.349201
-22500.000000,-118.303143
-22488.281250,-118.253238
-22476.562500,-118.220075
-22464.843750,-118.167930
-22453.125000,-118.121618
-22441.406250,-118.072001
-22429.687500,-118.021775
-22417.968750,-117.985775
-22406.250000,-117.938596
-22394.531250,-117.901421
-22382.812500,-117.860144
-22371.093750,-117.817385
-22359.375000,-117.780516
-22347.656250,-117.737250
-22335.937500,-117.703208
-22324.218750,-117.663470
-22312.500000,-117.633439
-22300.781250,-117.598978
-22289.062500,-117.554013
-22277.343750,-117.519022
-22265.625000,-117.477021
-22253.906250,-117.450051
-22242.187500,-117.416641
-22230.468750,-117.383281
-22218.750000,-117.352521
-22207.031250,-117.311960
-22195.312500,-117.283745
-22183.593750,-117.252098
-22171.875000,-117.220678
-22160.156250,-117.188050
-22148.437500,-117.157117
-22136.718750,-117.133445
-22125.000000,-117.096703
-22113.281250,-117.066930
-22101.562500,-117.048506
-22089.843750,-117.032320
-22078.125000,-117.004764
-22066.406250,-116.973902
-22054.687500,-116.951085
-22042.968750,-116.921370
-22031.250000,-116.900784
-22019.531250,-116.878765
-22007.812500,-116.851390
-21996.093750,-116.828418
-21984.375000,-116.805855
-21972.656250,-116.791031
-21960.937500,-116.772088
-21949.218750,-116.754462
-21937.500000,-116.727155
-21925.781250,-116.697646
-21914.062500,-116.685634
-21902.343750,-116.661466
-21890.625000,-116.649475
-21878.906250,-116.629656
-21867.187500,-116.607911
-21855.468750,-116.597141
-21843.750000,-116.578507
-21832.031250,-116.569092
-21820.312500,-116.550885
-21808.593750,-116.538552
-21796.875000,-116.522746
-21785.156250,-116.507434
-21773.437500,-116.506816
-21761.718750,-116.486543
-21750.000000,-116.479434
-21738.281250,-116.467385
-21726.562500,-116.447275
-21714.843750,-116.439579
-21703.125000,-116.429105
-21691.406250,-116.429196
-21679.687500,-116.419236
-21667.968750,-116.407443
-21656.250000,-116.395388
-21644.531250,-116.385310
-21632.812500,-116.380477
-21621.093750,-116.370731
-21609.375000,-116.366775
-21597.656250,-116.361344
-21585.937500,-116.358516
-21574.218750,-116.361497
-21562.500000,-116.350994
-21550.781250,-116.348003
-21539.062500,-116.341276
-21527.343750,-116.341094
-21515.625000,-116.344024
-21503.906250,-116.345767
-21492.187500,-116.343922
-21480.468750,-116.325541
-21468.750000,-116.329254
-21457.031250,-116.335098
-21445.312500,-116.331304
-21433.593750,-116.333426
-21421.875000,-116.330417
-21410.156250,-116.344974
-21398.437500,-116.348096
-21386.718750,-116.350196
-21375.000000,-116.353781
-21363.281250,-116.354443
-21351.562500,-116.358410
-21339.843750,-116.359569
-21328.125000,-116.371478
-21316.406250,-116.375233
-21304.687500,-116.383172
-21292.968750,-116.394117
-21281.250000,-116.396145
-21269.531250,-116.410771
-21257.812500,-116.413317
-21246.093750,-116.421391
-21234.375000,-116.428975
-21222.656250,-116.433616
-21210.937500,-116.451624
-21199.218750,-116.455317
-21187.500000,-116.475638
-21175.781250,-116.491567
-21164.062500,-116.496439
-21152.343750,-116.513976
-21140.625000,-116.528285
-21128.906250,-116.538683
-21117.187500,-116.545388
-21105.468750,-116.560671
-21093.750000,-116.580024
-21082.031250,-116.599778
-21070.312500,-116.624664
-21058.593750,-116.633436
-21046.875000,-116.654009
-21035.156250,-116.672949
-21023.437500,-116.691636
-21011.718750,-116.716836
-21000.000000,-116.731785
-20988.281250,-116.756959
-20976.562500,-116.773762
-20964.843750,-116.793836
-20953.125000,-116.815296
-20941.406250,-116.833025
-20929.687500,-116.866865
-20917.968750,-116.886793
-20906.250000,-116.915229
-20894.531250,-116.937739
-20882.812500,-116.963521
-20871.093750,-116.998306
-20859.375000,-117.016005
-20847.656250,-117.048492
-20835.937500,-117.087224
-20824.218750,-117.118406
-20812.500000,-117.141336
-20800.781250,-117.166623
-20789.062500,-117.195552
-20777.343750,-117.224297
-20765.625000,-117.266252
-20753.906250,-117.297775
-20742.187500,-117.332436
-20730.468750,-117.369351
-20718.750000,-117.395230
-20707.031250,-117.435668
-20695.312500,-117.470489
-20683.593750,-117.512583
-20671.875000,-117.550232
-20660.156250,-117.581611
-20648.437500,-117.629232
-20636.718750,-117.667604
-20625.000000,-117.709635
-20613.281250,-117.746286
-20601.562500,-117.786601
-20589.843750,-117.835955
-20578.125000,-117.874547
-20566.406250,-117.924043
-20554.687500,-117.966825
-20542.968750,-118.012814
-20531.250000,-118.057375
-20519.531250,-118.097623
-20507.812500,-118.156437
-20496.093750,-118.205766
-20484.375000,-118.260827
-20472.656250,-118.309257
-20460.937500,-118.364258
-20449.218750,-118.417351
-20437.500000,-118.463055
-20425.781250,-118.529936
-20414.062500,-118.585138
-20402.343750,-118.642278
-20390.625000,-118.692265
-20378.906250,-118.748840
-20367.187500,-118.819976
-20355.468750,-118.877230
-20343.750000,-118.951867
-20332.031250,-119.010364
-20320.312500,-119.071114
-20308.593750,-119.134924
-20296.875000,-119.190869
-20285.156250,-119.272836
-20273.437500,-119.336612
-20261.718750,-119.404010
-20250.000000,-119.477156
-20238.281250,-119.546506
-20226.562500,-119.629313
-20214.843750,-119.701399
-20203.125000,-119.780864
-20191.406250,-119.849880
-20179.687500,-119.925990
-20167.968750,-120.019818
-20156.250000,-120.100979
-20144.531250,-120.190685
-20132.812500,-120.268735
-20121.093750,-120.356139
-20109.375000,-120.444646
-20097.656250,-120.526038
-20085.937500,-120.620865
-20074.218750,-120.706115
-20062.500000,-120.808959
-20050.781250,-120.900983
-20039.062500,-120.997871
-20027.343750,-121.105236
-20015.625000,-121.197404
-20003.906250,-121.312430
-19992.187500,-121.411479
-19980.468750,-121.524986
-19968.750000,-121.638610
-19957.031250,-121.746980
-19945.312500,-121.862220
-19933.593750,-121.967267
-19921.875000,-122.095357
-19910.156250,-122.203443
-19898.437500,-122.328218
-19886.718750,-122.464474
-19875.000000,-122.586490
-19863.281250,-122.725963
-19851.562500,-122.857383
-19839.843750,-123.005494
-19828.125000,-123.139725
-19816.406250,-123.279136
-19804.687500,-123.436250
-19792.968750,-123.572401
-19781.250000,-123.729950
-19769.531250,-123.883142
-19757.812500,-124.047111
-19746.093750,-124.219038
-19734.375000,-124.378679
-19722.656250,-124.566711
-19710.937500,-124.734540
-19699.218750,-124.926886
-19687.500000,-125.116526
-19675.781250,-125.302709
-19664.062500,-125.511188
-19652.343750,-125.694408
-19640.625000,-125.916143
-19628.906250,-126.130124
-19617.187500,-126.358680
-19605.468750,-126.592117
-19593.750000,-126.812723
-19582.031250,-127.078238
-19570.312500,-127.320558
-19558.593750,-127.590055
-19546.875000,-127.859111
-19535.156250,-128.129477
-19523.437500,-128.436885
-19511.718750,-128.723738
-19500.000000,-129.061732
-19488.281250,-129.380702
-19476.562500,-129.722822
-19464.843750,-130.092670
-19453.125000,-130.447452
-19441.406250,-130.875276
-19429.687500,-131.271993
-19417.968750,-131.726154
-19406.250000,-132.185329
-19394.531250,-132.657762
-19382.812500,-133.213618
-19371.093750,-133.741808
-19359.375000,-134.377110
-19347.656250,-135.000799
-19335.937500,-135.708859
-19324.218750,-136.497944
-19312.500000,-137.304981
-19300.781250,-138.307847
-19289.062500,-139.305792
-19277.343750,-140.555949
-19265.625000,-141.957689
-19253.906250,-143.610214
-19242.187500,-145.832844
-19230.468750,-148.468721
-19218.750000,-152.909303
-19207.031250,-161.103152
-19195.312500,-164.860408
-19183.593750,-153.784852
-19171.875000,-149.315842
-19160.156250,-146.092579
-19148.437500,-143.962128
-19136.718750,-142.109735
-19125.000000,-140.640117
-19113.281250,-139.389609
-19101.562500,-138.224709
-19089.843750,-137.291967
-19078.125000,-136.347758
-19066.406250,-135.569379
-19054.687500,-134.819942
-19042.968750,-134.127519
-19031.250000,-133.523038
-19019.531250,-132.888295
-19007.812500,-132.360232
-18996.093750,-131.814041
-18984.375000,-131.320111
-18972.656250,-130.868203
-18960.937500,-130.396378
-18949.218750,-129.985903
-18937.500000,-129.563352
-18925.781250,-129.191783
-18914.062500,-128.815396
-18902.343750,-128.455010
-18890.625000,-128.120406
-18878.906250,-127.761893
-18867.187500,-127.454615
-18855.468750,-127.137909
-18843.750000,-126.841089
-18832.031250,-126.559127
-18820.312500,-126.276855
-18808.593750,-126.016727
-18796.875000,-125.729505
-18785.156250,-125.480189
-18773.437500,-125.225359
-18761.718750,-124.977447
-18750.000000,-124.749790
-18738.281250,-124.507547
-18726.562500,-124.294831
-18714.843750,-124.064428
-18703.125000,-123.857687
-18691.406250,-123.653981
-18679.687500,-123.434890
-18667.968750,-123.240362
-18656.250000,-123.034266
-18644.531250,-122.850742
-18632.812500,-122.661369
-18621.093750,-122.472614
-18609.375000,-122.296783
-18597.656250,-122.108735
-18585.937500,-121.946037
-18574.218750,-121.771376
-18562.500000,-121.602567
-18550.781250,-121.438834
-18539.062500,-121.270520
-18527.343750,-121.118977
-18515.625000,-120.955444
-18503.906250,-120.805026
-18492.187500,-120.647298
-18480.468750,-120.499185
-18468.750000,-120.358952
-18457.031250,-120.208554
-18445.312500,-120.080459
-18433.593750,-119.939126
-18421.875000,-119.800750
-18410.156250,-119.666431
-18398.437500,-119.532183
-18386.718750,-119.403689
-18375.000000,-119.264469
-18363.281250,-119.144527
-18351.562500,-119.019500
-18339.843750,-118.891721
-18328.125000,-118.769845
-18316.406250,-118.646854
-18304.687500,-118.541357
-18292.968750,-118.419703
-18281.250000,-118.301174
-18269.531250,-118.191098
-18257.812500,-118.081069
-18246.093750,-117.972127
-18234.375000,-117.844316
-18222.656250,-117.738134
-18210.937500,-117.633788
-18199.218750,-117.530563
-18187.500000,-117.433035
-18175.781250,-117.325260
-18164.062500,-117.230472
-18152.343750,-117.125340
-18140.625000,-117.022401
-18128.906250,-116.924907
-18117.187500,-116.831643
-18105.468750,-116.746101
-18093.750000,-116.639195
-18082.031250,-116.546552
-18070.312500,-116.456388
-18058.593750,-116.361252
-18046.875000,-116.270639
-18035.156250,-116.171380
-18023.437500,-116.092699
-18011.718750,-116.014791
-18000.000000,-115.931663
-17988.281250,-115.848222
-17976.562500,-115.764894
-17964.843750,-115.678738
-17953.125000,-115.584622
-17941.406250,-115.508529
-17929.687500,-115.429120
-17917.968750,-115.349129
-17906.250000,-115.262016
-17894.531250,-115.173378
-17882.812500,-115.108899
-17871.093750,-115.025989
-17859.375000,-114.953146
-17847.656250,-114.879346
-17835.937500,-114.797583
-17824.218750,-114.731418
-17812.500000,-114.650609
-17800.781250,-114.571864
-17789.062500,-114.510038
-17777.343750,-114.448772
-17765.625000,-114.377138
-17753.906250,-114.297953
-17742.187500,-114.231780
-17730.468750,-114.157882
-17718.750000,-114.095947
-17707.031250,-114.038259
-17695.312500,-113.964649
-17683.593750,-113.897631
-17671.875000,-113.837207
-17660.156250,-113.781845
-17648.437500,-113.705007
-17636.718750,-113.646819
-17625.000000,-113.596361
-17613.281250,-113.520851
-17601.562500,-113.455786
-17589.843750,-113.392593
-17578.125000,-113.335990
-17566.406250,-113.277952
-17554.687500,-113.221238
-17542.968750,-113.160376
-17531.250000,-113.097508
-17519.531250,-113.055530
-17507.812500,-113.000211
-17496.093750,-112.943794
-17484.375000,-112.885638
-17472.656250,-112.821636
-17460.937500,-112.776654
-17449.218750,-112.719453
-17437.500000,-112.655022
-17425.781250,-112.598762
-17414.062500,-112.556428
-17402.343750,-112.517136
-17390.625000,-112.453380
-17378.906250,-112.400332
-17367.187500,-112.353624
-17355.468750,-112.302639
-17343.750000,-112.259053
-17332.031250,-112.199676
-17320.312500,-112.142982
-17308.593750,-112.096847
-17296.875000,-112.050928
-17285.156250,-111.999650
-17273.437500,-111.958198
-17261.718750,-111.910438
-17250.000000,-111.868557
-17238.281250,-111.827628
-17226.562500,-111.772614
-17214.843750,-111.728343
-17203.125000,-111.688807
-17191.406250,-111.646970
-17179.687500,-111.604654
-17167.968750,-111.553112
-17156.250000,-111.513738
-17144.531250,-111.472599
-17132.812500,-111.424450
-17121.093750,-111.394652
-17109.375000,-111.346043
-17097.656250,-111.297299
-17085.937500,-111.264965
-17074.218750,-111.233638
-17062.500000,-111.197730
-17050.781250,-111.157602
-17039.062500,-111.110391
-17027.343750,-111.069784
-17015.625000,-111.033848
-17003.906250,-110.995356
-16992.187500,-110.960774
-16980.468750,-110.931622
-16968.750000,-110.886476
-16957.031250,-110.837823
-16945.312500,-110.800886
-16933.593750,-110.776367
-16921.875000,-110.742960
-16910.156250,-110.707786
-16898.437500,-110.677574
-16886.718750,-110.634478
-16875.000000,-110.598022
-16863.281250,-110.561583
-16851.562500,-110.526097
-16839.843750,-110.494753
-16828.125000,-110.464726
-16816.406250,-110.445187
-16804.687500,-110.414455
-16792.968750,-110.382144
-16781.250000,-110.353231
-16769.531250,-110.314362
-16757.812500,-110.288867
-16746.093750,-110.254966
-16734.375000,-110.229760
-16722.656250,-110.199666
-16710.937500,-110.165691
-16699.218750,-110.143953
-16687.500000,-110.111066
-16675.781250,-110.087393
-16664.062500,-110.066437
-16652.343750,-110.029933
-16640.625000,-109.991032
-16628.906250,-109.969884
-16617.187500,-109.948792
-16605.468750,-109.910950
-16593.750000,-109.893352
-16582.031250,-109.877745
-16570.312500,-109.843589
-16558.593750,-109.813348
-16546.875000,-109.791347
-16535.156250,-109.769851
-16523.437500,-109.730927
-16511.718750,-109.713958
-16500.000000,-109.695344
-16488.281250,-109.669098
-16476.562500,-109.658976
-16464.843750,-109.627569
-16453.125000,-109.603033
-16441.406250,-109.590506
-16429.687500,-109.560006
-16417.968750,-109.534175
-16406.250000,-109.516659
-16394.531250,-109.504287
-16382.812500,-109.479050
-16371.093750,-109.459921
-16359.375000,-109.439668
-16347.656250,-109.414031
-16335.937500,-109.391342
-16324.218750,-109.371549
-16312.500000,-109.355531
-16300.781250,-109.338920
-16289.062500,-109.320051
-16277.343750,-109.298672
-16265.625000,-109.272920
-16253.906250,-109.254994
-16242.187500,-109.240283
-16230.468750,-109.223269
-16218.750000,-109.219120
-16207.031250,-109.202916
-16195.312500,-109.181340
-16183.593750,-109.161911
-16171.875000,-109.149528
-16160.156250,-109.134919
-16148.437500,-109.122011
-16136.718750,-109.110054
-16125.000000,-109.093296
-16113.281250,-109.078912
-16101.562500,-109.058125
-16089.843750,-109.043825
-16078.125000,-109.038075
-16066.406250,-109.019144
-16054.687500,-109.002617
-16042.968750,-108.997327
-16031.250000,-108.990533
-16019.531250,-108.976042
-16007.812500,-108.961011
-15996.093750,-108.951835
-15984.375000,-108.936661
-15972.656250,-108.925412
-15960.937500,-108.912274
-15949.218750,-108.898125
-15937.500000,-108.894028
-15925.781250,-108.890853
-15914.062500,-108.883263
-15902.343750,-108.870594
-15890.625000,-108.860371
-15878.906250,-108.853294
-15867.187500,-108.841576
-15855.468750,-108.834255
-15843.750000,-108.832725
-15832.031250,-108.822866
-15820.312500,-108.803906
-15808.593750,-108.790644
-15796.875000,-108.785203
-15785.156250,-108.783020
-15773.437500,-108.777437
-15761.718750,-108.767678
-15750.000000,-108.775260
-15738.281250,-108.779106
-15726.562500,-108.772427
-15714.843750,-108.755957
-15703.125000,-108.740874
-15691.406250,-108.735116
-15679.687500,-108.736577
-15667.968750,-108.731904
-15656.250000,-108.732518
-15644.531250,-108.727654
-15632.812500,-108.730008
-15621.093750,-108.727209
-15609.375000,-108.716723
-15597.656250,-108.715475
-15585.937500,-108.719135
-15574.218750,-108.713737
-15562.500000,-108.708900
-15550.781250,-108.715071
-15539.062500,-108.708684
-15527.343750,-108.698654
-15515.625000,-108.697089
-15503.906250,-108.693312
-15492.187500,-108.697037
-15480.468750,-108.700273
-15468.750000,-108.692646
-15457.031250,-108.691789
-15445.312500,-108.700710
-15433.593750,-108.704425
-15421.875000,-108.695148
-15410.156250,-108.697698
-15398.437500,-108.697536
-15386.718750,-108.701447
-15375.000000,-108.708902
-15363.281250,-108.714844
-15351.562500,-108.716753
-15339.843750,-108.717760
-15328.125000,-108.737194
-15316.406250,-108.743984
-15304.687500,-108.745386
-15292.968750,-108.753500
-15281.250000,-108.752560
-15269.531250,-108.755892
-15257.812500,-108.766502
-15246.093750,-108.760880
-15234.375000,-108.760281
-15222.656250,-108.768224
-15210.937500,-108.765122
-15199.218750,-108.773586
-15187.500000,-108.789653
-15175.781250,-108.800932
-15164.062500,-108.806181
-15152.343750,-108.803649
-15140.625000,-108.808301
-15128.906250,-108.813030
-15117.187500,-108.822833
-15105.468750,-108.834622
-15093.750000,-108.832499
-15082.031250,-108.844299
-15070.312500,-108.862740
-15058.593750,-108.865392
-15046.875000,-108.880656
-15035.156250,-108.888232
-15023.437500,-108.897002
-15011.718750,-108.920096
-15000.000000,-108.924339
-14988.281250,-108.930331
-14976.562500,-108.948645
-14964.843750,-108.965347
-14953.125000,-108.980239
-14941.406250,-108.995574
-14929.687500,-109.012159
-14917.968750,-109.012445
-14906.250000,-109.023241
-14894.531250,-109.056557
-14882.812500,-109.072194
-14871.093750,-109.073294
-14859.375000,-109.086533
-14847.656250,-109.102255
-14835.937500,-109.105024
-14824.218750,-109.118440
-14812.500000,-109.131645
-14800.781250,-109.148253
-14789.062500,-109.172309
-14777.343750,-109.192242
-14765.625000,-109.205539
-14753.906250,-109.227074
-14742.187500,-109.244696
-14730.468750,-109.251390
-14718.750000,-109.279229
-14707.031250,-109.305057
-14695.312500,-109.301122
-14683.593750,-109.323854
-14671.875000,-109.354177
-14660.156250,-109.373150
-14648.437500,-109.391466
-14636.718750,-109.404716
-14625.000000,-109.424471
-14613.281250,-109.442016
-14601.562500,-109.466658
-14589.843750,-109.496356
-14578.125000,-109.521027
-14566.406250,-109.545344
-14554.687500,-109.562847
-14542.968750,-109.571231
-14531.250000,-109.593619
-14519.531250,-109.619233
-14507.812500,-109.645713
-14496.093750,-109.681009
-14484.375000,-109.704514
-14472.656250,-109.723636
-14460.937500,-109.756913
-14449.218750,-109.769793
-14437.500000,-109.802336
-14425.781250,-109.839824
-14414.062500,-109.865637
-14402.343750,-109.893683
-14390.625000,-109.907799
-14378.906250,-109.935521
-14367.187500,-109.966819
-14355.468750,-109.984135
-14343.750000,-110.016543
-14332.031250,-110.046615
-14320.312500,-110.076538
-14308.593750,-110.098233
-14296.875000,-110.122844
-14285.156250,-110.174540
-14273.437500,-110.200446
-14261.718750,-110.228213
-14250.000000,-110.274269
-14238.281250,-110.307815
-14226.562500,-110.318835
-14214.843750,-110.345173
-14203.125000,-110.387073
-14191.406250,-110.418039
-14179.687500,-110.455081
-14167.968750,-110.484493
-14156.250000,-110.515945
-14144.531250,-110.563027
-14132.812500,-110.600296
-14121.093750,-110.638822
-14109.375000,-110.677813
-14097.656250,-110.710924
-14085.937500,-110.750289
-14074.218750,-110.777878
-14062.500000,-110.826050
-14050.781250,-110.865067
-14039.062500,-110.903932
-14027.343750,-110.941799
-14015.625000,-110.970108
-14003.906250,-111.013122
-13992.187500,-111.061685
-13980.468750,-111.099691
-13968.750000,-111.136977
-13957.031250,-111.186479
-13945.312500,-111.218905
-13933.593750,-111.253360
-13921.875000,-111.307537
-13910.156250,-111.347795
-13898.437500,-111.392256
-13886.718750,-111.439617
-13875.000000,-111.476967
-13863.281250,-111.531966
-13851.562500,-111.575396
-13839.843750,-111.624836
-13828.125000,-111.673353
-13816.406250,-111.728362
-13804.687500,-111.780309
-13792.968750,-111.825628
-13781.250000,-111.875755
-13769.531250,-111.922616
-13757.812500,-111.964172
-13746.093750,-112.011766
-13734.375000,-112.060277
-13722.656250,-112.112328
-13710.937500,-112.160765
-13699.218750,-112.226060
-13687.500000,-112.278619
-13675.781250,-112.338641
-13664.062500,-112.392200
-13652.343750,-112.427879
-13640.625000,-112.490415
-13628.906250,-112.549553
-13617.187500,-112.596668
-13605.468750,-112.657010
-13593.750000,-112.713881
-13582.031250,-112.765725
-13570.312500,-112.827408
-13558.593750,-112.901866
-13546.875000,-112.962386
-13535.156250,-113.027718
-13523.437500,-113.104165
-13511.718750,-113.147996
-13500.000000,-113.216071
-13488.281250,-113.281093
-13476.562500,-113.343727
-13464.843750,-113.403255
-13453.125000,-113.467509
-13441.406250,-113.537711
-13429.687500,-113.592116
-13417.968750,-113.673833
-13406.250000,-113.740265
-13394.531250,-113.808331
-13382.812500,-113.905099
-13371.093750,-113.960779
-13359.375000,-114.016628
-13347.656250,-114.091926
-13335.937500,-114.153594
-13324.218750,-114.231281
-13312.500000,-114.316461
-13300.781250,-114.390346
-13289.062500,-114.452810
-13277.343750,-114.533087
-13265.625000,-114.614186
-13253.906250,-114.696898
-13242.187500,-114.784935
-13230.468750,-114.868100
-13218.750000,-114.974502
-13207.031250,-115.042925
-13195.312500,-115.119891
-13183.593750,-115.206518
-13171.875000,-115.293778
-13160.156250,-115.387035
-13148.437500,-115.453683
-13136.718750,-115.550672
-13125.000000,-115.648202
-13113.281250,-115.715342
-13101.562500,-115.821228
-13089.843750,-115.929876
-13078.125000,-116.020436
-13066.406250,-116.111763
-13054.687500,-116.206202
-13042.968750,-116.299989
-13031.250000,-116.405409
-13019.531250,-116.516644
-13007.812500,-116.610259
-12996.093750,-116.722997
-12984.375000,-116.817647
-12972.656250,-116.919175
-12960.937500,-117.041642
-12949.218750,-117.148741
-12937.500000,-117.269499
-12925.781250,-117.376509
-12914.062500,-117.497927
-12902.343750,-117.605898
-12890.625000,-117.710260
-12878.906250,-117.841289
-12867.187500,-117.958239
-12855.468750,-118.085784
-12843.750000,-118.214610
-12832.031250,-118.331531
-12820.312500,-118.453661
-12808.593750,-118.580547
-12796.875000,-118.730711
-12785.156250,-118.841500
-12773.437500,-118.984010
-12761.718750,-119.149243
-12750.000000,-119.275438
-12738.281250,-119.423828
-12726.562500,-119.551622
-12714.843750,-119.694512
-12703.125000,-119.851885
-12691.406250,-119.996638
-12679.687500,-120.156495
-12667.968750,-120.317754
-12656.250000,-120.495352
-12644.531250,-120.651694
-12632.812500,-120.826006
-12621.093750,-121.016134
-12609.375000,-121.179516
-12597.656250,-121.355753
-12585.937500,-121.515628
-12574.218750,-121.706202
-12562.500000,-121.896688
-12550.781250,-122.106825
-12539.062500,-122.298428
-12527.343750,-122.474078
-12515.625000,-122.701139
-12503.906250,-122.892538
-12492.187500,-123.115878
-12480.468750,-123.339462
-12468.750000,-123.537583
-12457.031250,-123.796345
-12445.312500,-124.009141
-12433.593750,-124.262208
-12421.875000,-124.505584
-12410.156250,-124.733015
-12398.437500,-125.026323
-12386.718750,-125.294256
-12375.000000,-125.584465
-12363.281250,-125.857949
-12351.562500,-126.172427
-12339.843750,-126.497264
-12328.125000,-126.808725
-12316.406250,-127.143964
-12304.687500,-127.485533
-12292.968750,-127.858081
-12281.250000,-128.203526
-12269.531250,-128.595283
-12257.812500,-128.985068
-12246.093750,-129.356882
-12234.375000,-129.844703
-12222.656250,-130.294469
-12210.937500,-130.775067
-12199.218750,-131.300293
-12187.500000,-131.826162
-12175.781250,-132.438209
-12164.062500,-133.002834
-12152.343750,-133.705429
-12140.625000,-134.389105
-12128.906250,-135.162017
-12117.187500,-136.043127
-12105.468750,-136.908857
-12093.750000,-138.021980
-12082.031250,-139.148745
-12070.312500,-140.569068
-12058.593750,-142.162659
-12046.875000,-144.010455
-12035.156250,-146.713727
-12023.437500,-149.993480
-12011.718750,-156.428161
-12000.000000,-184.428067
-11988.281250,-156.360097
-11976.562500,-150.143651
-11964.843750,-146.851235
-11953.125000,-144.157965
-11941.406250,-142.388060
-11929.687500,-140.755030
-11917.968750,-139.448559
-11906.250000,-138.378177
-11894.531250,-137.303217
-11882.812500,-136.466114
-11871.093750,-135.587365
-11859.375000,-134.867786
-11847.656250,-134.185864
-11835.937500,-133.542636
-11824.218750,-133.013655
-11812.500000,-132.457147
-11800.781250,-131.988338
-11789.062500,-131.476766
-11777.343750,-131.056304
-11765.625000,-130.650486
-11753.906250,-130.246295
-11742.187500,-129.893070
-11730.468750,-129.472321
-11718.750000,-129.183557
-11707.031250,-128.843147
-11695.312500,-128.492794
-11683.593750,-128.257397
-11671.875000,-127.957025
-11660.156250,-127.706838
-11648.437500,-127.396153
-11636.718750,-127.130232
-11625.000000,-126.893309
-11613.281250,-126.640590
-11601.562500,-126.453455
-11589.843750,-126.202257
-11578.125000,-125.972187
-11566.406250,-125.765201
-11554.687500,-125.560674
-11542.968750,-125.348461
-11531.250000,-125.153471
-11519.531250,-125.064093
-11507.812500,-124.850530
-11496.093750,-124.664582
-11484.375000,-124.520148
-11472.656250,-124.309434
-11460.937500,-124.174902
-11449.218750,-124.027612
-11437.500000,-123.877306
-11425.781250,-123.723403
-11414.062500,-123.585647
-11402.343750,-123.502603
-11390.625000,-123.336514
-11378.906250,-123.205793
-11367.187500,-123.093468
-11355.468750,-122.959196
-11343.750000,-122.893374
-11332.031250,-122.778722
-11320.312500,-122.625572
-11308.593750,-122.508496
-11296.875000,-122.455401
-11285.156250,-122.303039
-11273.437500,-122.149534
-11261.718750,-122.063872
-11250.000000,-121.938719
-11238.281250,-121.878486
-11226.562500,-121.796771
-11214.843750,-121.741294
-11203.125000,-121.670078
-11191.406250,-121.543727
-11179.687500,-121.463234
-11167.968750,-121.365626
-11156.250000,-121.293810
-11144.531250,-121.252540
-11132.812500,-121.184876
-11121.093750,-121.177050
-11109.375000,-121.103227
-11097.656250,-121.020074
-11085.937500,-120.974965
-11074.218750,-120.899644
-11062.500000,-120.826026
-11050.781250,-120.793673
-11039.062500,-120.753715
-11027.343750,-120.662054
-11015.625000,-120.600952
-11003.906250,-120.584079
-10992.187500,-120.546027
-10980.468750,-120.486976
-10968.750000,-120.421757
-10957.031250,-120.361080
-10945.312500,-120.316781
-10933.593750,-120.321334
-10921.875000,-120.279774
-10910.156250,-120.248959
-10898.437500,-120.212110
-10886.718750,-120.129517
-10875.000000,-120.135319
-10863.281250,-120.102076
-10851.562500,-120.034394
-10839.843750,-120.031458
-10828.125000,-120.016532
-10816.406250,-120.009169
-10804.687500,-119.969038
-10792.968750,-119.980325
-10781.250000,-120.011177
-10769.531250,-119.935524
-10757.812500,-119.966493
-10746.093750,-119.959974
-10734.375000,-119.938917
-10722.656250,-119.959348
-10710.937500,-119.925916
-10699.218750,-119.932027
-10687.500000,-119.963012
-10675.781250,-119.938319
-10664.062500,-119.944727
-10652.343750,-119.955529
-10640.625000,-119.963949
-10628.906250,-119.975603
-10617.187500,-119.993856
-10605.468750,-120.003868
-10593.750000,-119.982163
-10582.031250,-119.958023
-10570.312500,-119.992839
-10558.593750,-120.020325
-10546.875000,-120.024092
-10535.156250,-120.103480
-10523.437500,-120.090922
-10511.718750,-120.106252
-10500.000000,-120.132577
-10488.281250,-120.115770
-10476.562500,-120.190057
-10464.843750,-120.209390
-10453.125000,-120.236160
-10441.406250,-120.325977
-10429.687500,-120.333276
-10417.968750,-120.378478
-10406.250000,-120.414995
-10394.531250,-120.464979
-10382.812500,-120.513390
-10371.093750,-120.535448
-10359.375000,-120.600881
-10347.656250,-120.669347
-10335.937500,-120.731210
-10324.218750,-120.851915
-10312.500000,-120.954423
-10300.781250,-120.995422
-10289.062500,-121.068701
-10277.343750,-121.131740
-10265.625000,-121.232158
-10253.906250,-121.323407
-10242.187500,-121.361632
-10230.468750,-121.469465
-10218.750000,-121.589456
-10207.031250,-121.637488
-10195.312500,-121.730485
-10183.593750,-121.822377
-10171.875000,-121.953591
-10160.156250,-122.046808
-10148.437500,-122.182436
-10136.718750,-122.295515
-10125.000000,-122.386427
-10113.281250,-122.541264
-10101.562500,-122.629573
-10089.843750,-122.736061
-10078.125000,-122.876577
-10066.406250,-123.009570
-10054.687500,-123.163606
-10042.968750,-123.331107
-10031.250000,-123.528507
-10019.531250,-123.716456
-10007.812500,-123.862766
-9996.093750,-124.062212
-9984.375000,-124.232386
-9972.656250,-124.482907
-9960.937500,-124.725860
-9949.218750,-124.950666
-9937.500000,-125.168411
-9925.781250,-125.396880
-9914.062500,-125.636786
-9902.343750,-125.896898
-9890.625000,-126.233806
-9878.906250,-126.526541
-9867.187500,-126.862630
-9855.468750,-127.257603
-9843.750000,-127.575784
-9832.031250,-127.945794
-9820.312500,-128.295847
-9808.593750,-128.685060
-9796.875000,-129.160508
-9785.156250,-129.556684
-9773.437500,-130.039770
-9761.718750,-130.564071
-9750.000000,-131.235858
-9738.281250,-131.888629
-9726.562500,-132.581653
-9714.843750,-133.410530
-9703.125000,-134.242516
-9691.406250,-135.233021
-9679.687500,-136.328514
-9667.968750,-137.707058
-9656.250000,-139.313497
-9644.531250,-141.246497
-9632.812500,-143.961458
-9621.093750,-147.454246
-9609.375000,-154.815041
-9597.656250,-166.764884
-9585.937500,-151.097329
-9574.218750,-145.643860
-9562.500000,-142.493340
-9550.781250,-139.938539
-9539.062500,-138.132331
-9527.343750,-136.458953
-9515.625000,-135.063105
-9503.906250,-133.958923
-9492.187500,-132.873063
-9480.468750,-131.978786
-9468.750000,-131.045318
-9457.031250,-130.270567
-9445.312500,-129.518264
-9433.593750,-128.822857
-9421.875000,-128.286275
-9410.156250,-127.610250
-9398.437500,-127.001838
-9386.718750,-126.495364
-9375.000000,-125.987137
-9363.281250,-125.527602
-9351.562500,-125.017166
-9339.843750,-124.543006
-9328.125000,-124.118984
-9316.406250,-123.693451
-9304.687500,-123.270280
-9292.968750,-122.923808
-9281.250000,-122.652371
-9269.531250,-122.278596
-9257.812500,-121.909268
-9246.093750,-121.565856
-9234.375000,-121.228701
-9222.656250,-120.866228
-9210.937500,-120.526501
-9199.218750,-120.279699
-9187.500000,-119.973467
-9175.781250,-119.695936
-9164.062500,-119.396787
-9152.343750,-119.076028
-9140.625000,-118.829432
-9128.906250,-118.539188
-9117.187500,-118.250028
-9105.468750,-118.028067
-9093.750000,-117.771796
-9082.031250,-117.507303
-9070.312500,-117.300011
-9058.593750,-117.050110
-9046.875000,-116.774784
-9035.156250,-116.583454
-9023.437500,-116.399175
-9011.718750,-116.185275
-9000.000000,-115.985620
-8988.281250,-115.770097
-8976.562500,-115.540090
-8964.843750,-115.303492
-8953.125000,-115.136645
-8941.406250,-114.920359
-8929.687500,-114.693828
-8917.968750,-114.518741
-8906.250000,-114.344482
-8894.531250,-114.208261
-8882.812500,-113.997929
-8871.093750,-113.796779
-8859.375000,-113.627361
-8847.656250,-113.425233
-8835.937500,-113.263482
-8824.218750,-113.137220
-8812.500000,-113.023228
-8800.781250,-112.848586
-8789.062500,-112.552504
-8777.343750,-112.487593
-8765.625000,-112.298255
-8753.906250,-112.051962
-8742.187500,-111.918889
-8730.468750,-111.691189
-8718.750000,-111.571280
-8707.031250,-111.491972
-8695.312500,-111.282969
-8683.593750,-111.154085
-8671.875000,-110.967946
-8660.156250,-110.780219
-8648.437500,-110.643978
-8636.718750,-110.448612
-8625.000000,-110.353078
-8613.281250,-110.191938
-8601.562500,-110.024526
-8589.843750,-109.883326
-8578.125000,-109.753835
-8566.406250,-109.653236
-8554.687500,-109.557839
-8542.968750,-109.318443
-8531.250000,-109.279367
-8519.531250,-109.215730
-8507.812500,-108.992408
-8496.093750,-108.878621
-8484.375000,-108.752051
-8472.656250,-108.591429
-8460.937500,-108.535718
-8449.218750,-108.369192
-8437.500000,-108.309313
-8425.781250,-108.212077
-8414.062500,-108.066071
-8402.343750,-108.042291
-8390.625000,-107.905588
-8378.906250,-107.762699
-8367.187500,-107.621654
-8355.468750,-107.497579
-8343.750000,-107.470040
-8332.031250,-107.219973
-8320.312500,-106.933423
-8308.593750,-106.901077
-8296.875000,-106.703995
-8285.156250,-106.526703
-8273.437500,-106.351051
-8261.718750,-106.272440
-8250.000000,-106.299991
-8238.281250,-106.230359
-8226.562500,-106.107668
-8214.843750,-106.007408
-8203.125000,-105.880856
-8191.406250,-105.767280
-8179.687500,-105.611326
-8167.968750,-105.510231
-8156.250000,-105.369877
-8144.531250,-105.233203
-8132.812500,-105.261226
-8121.093750,-105.128980
-8109.375000,-105.100908
-8097.656250,-105.174905
-8085.937500,-105.109746
-8074.218750,-104.906335
-8062.500000,-104.802375
-8050.781250,-104.737916
-8039.062500,-104.649382
-8027.343750,-104.366609
-8015.625000,-104.302567
-8003.906250,-104.204578
-7992.187500,-104.079160
-7980.468750,-104.063086
-7968.750000,-103.936389
-7957.031250,-103.864453
-7945.312500,-103.823085
-7933.593750,-103.736129
-7921.875000,-103.775712
-7910.156250,-103.604826
-7898.437500,-103.140894
-7886.718750,-103.059506
-7875.000000,-103.066454
-7863.281250,-102.923672
-7851.562500,-102.782043
-7839.843750,-102.731129
-7828.125000,-102.621721
-7816.406250,-102.584493
-7804.687500,-102.464596
-7792.968750,-102.669610
-7781.250000,-102.793793
-7769.531250,-102.660182
-7757.812500,-102.519230
-7746.093750,-102.214857
-7734.375000,-102.163326
-7722.656250,-102.158261
-7710.937500,-101.826180
-7699.218750,-101.867817
-7687.500000,-101.816165
-7675.781250,-101.573327
-7664.062500,-101.627003
-7652.343750,-101.497772
-7640.625000,-101.565696
-7628.906250,-101.845063
-7617.187500,-101.643355
-7605.468750,-101.313253
-7593.750000,-101.063897
-7582.031250,-100.901881
-7570.312500,-100.781410
-7558.593750,-100.907355
-7546.875000,-101.082140
-7535.156250,-100.927271
-7523.437500,-100.844136
-7511.718750,-100.775892
-7500.000000,-100.682599
-7488.281250,-100.621706
-7476.562500,-100.525820
-7464.843750,-100.477563
-7453.125000,-100.465346
-7441.406250,-100.532692
-7429.687500,-99.651751
-7417.968750,-99.411470
-7406.250000,-100.400441
-7394.531250,-100.116605
-7382.812500,-99.678845
-7371.093750,-99.680533
-7359.375000,-99.337469
-7347.656250,-99.569140
-7335.937500,-99.750061
-7324.218750,-100.106948
-7312.500000,-100.519350
-7300.781250,-100.218357
-7289.062500,-99.480211
-7277.343750,-98.103854
-7265.625000,-98.174371
-7253.906250,-98.848754
-7242.187500,-99.067835
-7230.468750,-98.646453
-7218.750000,-98.997747
-7207.031250,-99.024745
-7195.312500,-97.789853
-7183.593750,-97.801670
-7171.875000,-97.892211
-7160.156250,-97.217378
-7148.437500,-97.281403
-7136.718750,-98.579480
-7125.000000,-98.382101
-7113.281250,-98.098232
-7101.562500,-98.510869
-7089.843750,-98.459008
-7078.125000,-98.091652
-7066.406250,-97.700382
-7054.687500,-97.845253
-7042.968750,-98.022524
-7031.250000,-97.596965
-7019.531250,-97.276220
-7007.812500,-97.635504
-6996.093750,-97.839317
-6984.375000,-97.633559
-6972.656250,-97.589262
-6960.937500,-97.396887
-6949.218750,-97.034317
-6937.500000,-97.008670
-6925.781250,-97.225229
-6914.062500,-97.226128
-6902.343750,-97.002710
-6890.625000,-96.735116
-6878.906250,-96.965650
-6867.187500,-96.966714
-6855.468750,-96.697570
-6843.750000,-96.644410
-6832.031250,-96.718862
-6820.312500,-96.811619
-6808.593750,-96.945757
-6796.875000,-96.627659
-6785.156250,-96.722749
-6773.437500,-96.761948
-6761.718750,-96.385409
-6750.000000,-96.288172
-6738.281250,-96.107668
-6726.562500,-96.085801
-6714.843750,-96.174262
-6703.125000,-95.997701
-6691.406250,-96.059031
-6679.687500,-96.002988
-6667.968750,-95.829620
-6656.250000,-95.857962
-6644.531250,-95.685016
-6632.812500,-95.836141
-6621.093750,-95.830436
-6609.375000,-95.544257
-6597.656250,-95.418181
-6585.937500,-95.292522
-6574.218750,-95.245279
-6562.500000,-95.326974
-6550.781250,-95.307657
-6539.062500,-95.303248
-6527.343750,-95.312248
-6515.625000,-95.195811
-6503.906250,-95.147066
-6492.187500,-95.080329
-6480.468750,-94.909480
-6468.750000,-94.813279
-6457.031250,-94.818599
-6445.312500,-94.825217
-6433.593750,-94.811837
-6421.875000,-94.709648
-6410.156250,-94.816611
-6398.437500,-94.833782
-6386.718750,-94.691124
-6375.000000,-94.571803
-6363.281250,-94.484378
-6351.562500,-94.524394
-6339.843750,-94.455852
-6328.125000,-94.268834
-6316.406250,-94.234681
-6304.687500,-94.136345
-6292.968750,-94.009104
-6281.250000,-93.974152
-6269.531250,-93.971876
-6257.812500,-94.084433
-6246.093750,-94.051330
-6234.375000,-93.961590
-6222.656250,-93.868040
-6210.937500,-93.803266
-6199.218750,-93.799758
-6187.500000,-93.722637
-6175.781250,-93.618745
-6164.062500,-93.632571
-6152.343750,-93.510369
-6140.625000,-93.425355
-6128.906250,-93.386430
-6117.187500,-93.414873
-6105.468750,-93.404166
-6093.750000,-93.336597
-6082.031250,-93.310669
-6070.312500,-93.251939
-6058.593750,-93.156583
-6046.875000,-93.150952
-6035.156250,-93.080390
-6023.437500,-93.025285
-6011.718750,-92.938001
-6000.000000,-92.761854
-5988.281250,-92.817650
-5976.562500,-92.881214
-5964.843750,-92.828203
-5953.125000,-92.845662
-5941.406250,-92.841837
-5929.687500,-92.747492
-5917.968750,-92.670079
-5906.250000,-92.540409
-5894.531250,-92.533787
-5882.812500,-92.511820
-5871.093750,-92.423789
-5859.375000,-92.389913
-5847.656250,-92.344541
-5835.937500,-92.286652
-5824.218750,-92.250443
-5812.500000,-92.198178
-5800.781250,-92.246653
-5789.062500,-92.267402
-5777.343750,-92.138432
-5765.625000,-92.093623
-5753.906250,-92.001055
-5742.187500,-91.938699
-5730.468750,-91.952054
-5718.750000,-91.872868
-5707.031250,-91.787983
-5695.312500,-91.752419
-5683.593750,-91.677565
-5671.875000,-91.678853
-5660.156250,-91.660194
-5648.437500,-91.633954
-5636.718750,-91.599889
-5625.000000,-91.515342
-5613.281250,-91.500653
-5601.562500,-91.491583
-5589.843750,-91.464059
-5578.125000,-91.404441
-5566.406250,-91.338385
-5554.687500,-91.339781
-5542.968750,-91.297028
-5531.250000,-91.210058
-5519.531250,-91.190374
-5507.812500,-91.184585
-5496.093750,-91.174736
-5484.375000,-91.116079
-5472.656250,-91.131215
-5460.937500,-91.075919
-5449.218750,-90.957313
-5437.500000,-90.907123
-5425.781250,-90.848284
-5414.062500,-90.825087
-5402.343750,-90.809903
-5390.625000,-90.763138
-5378.906250,-90.757696
-5367.187500,-90.685855
-5355.468750,-90.622928
-5343.750000,-90.588977
-5332.031250,-90.591847
-5320.312500,-90.596468
-5308.593750,-90.521602
-5296.875000,-90.455281
-5285.156250,-90.421918
-5273.437500,-90.359674
-5261.718750,-90.315253
-5250.000000,-90.264355
-5238.281250,-90.237022
-5226.562500,-90.233472
-5214.843750,-90.207871
-5203.125000,-90.156023
-5191.406250,-90.126993
-5179.687500,-90.125941
-5167.968750,-90.096904
-5156.250000,-90.058431
-5144.531250,-90.025562
-5132.812500,-90.006286
-5121.093750,-89.950958
-5109.375000,-89.892967
-5097.656250,-89.860714
-5085.937500,-89.829986
-5074.218750,-89.799317
-5062.500000,-89.771950
-5050.781250,-89.718166
-5039.062500,-89.680391
-5027.343750,-89.650158
-5015.625000,-89.633073
-5003.906250,-89.619405
-4992.187500,-89.574514
-4980.468750,-89.475355
-4968.750000,-89.402672
-4957.031250,-89.401005
-4945.312500,-89.381141
-4933.593750,-89.353146
-4921.875000,-89.325231
-4910.156250,-89.289348
-4898.437500,-89.284802
-4886.718750,-89.220202
-4875.000000,-89.169229
-4863.281250,-89.166986
-4851.562500,-89.128534
-4839.843750,-89.096105
-4828.125000,-89.073809
-4816.406250,-89.013480
-4804.687500,-88.998122
-4792.968750,-88.964479
-4781.250000,-88.922019
-4769.531250,-88.930375
-4757.812500,-88.908191
-4746.093750,-88.894275
-4734.375000,-88.839858
-4722.656250,-88.774172
-4710.937500,-88.793376
-4699.218750,-88.759797
-4687.500000,-88.681684
-4675.781250,-88.676896
-4664.062500,-88.622854
-4652.343750,-88.599311
-4640.625000,-88.572891
-4628.906250,-88.527328
-4617.187500,-88.530410
-4605.468750,-88.468047
-4593.750000,-88.405007
-4582.031250,-88.376628
-4570.312500,-88.349948
-4558.593750,-88.316529
-4546.875000,-88.278834
-4535.156250,-88.278629
-4523.437500,-88.265834
-4511.718750,-88.193981
-4500.000000,-88.167219
-4488.281250,-88.148670
-4476.562500,-88.140776
-4464.843750,-88.094544
-4453.125000,-88.065306
-4441.406250,-88.054061
-4429.687500,-88.035831
-4417.968750,-87.993625
-4406.250000,-87.934159
-4394.531250,-87.926092
-4382.812500,-87.914049
-4371.093750,-87.893274
-4359.375000,-87.870006
-4347.656250,-87.840894
-4335.937500,-87.822472
-4324.218750,-87.809178
-4312.500000,-87.765428
-4300.781250,-87.731172
-4289.062500,-87.702997
-4277.343750,-87.674632
-4265.625000,-87.620467
-4253.906250,-87.607082
-4242.187500,-87.575127
-4230.468750,-87.530069
-4218.750000,-87.501291
-4207.031250,-87.450021
-4195.312500,-87.421890
-4183.593750,-87.412454
-4171.875000,-87.370019
-4160.156250,-87.356286
-4148.437500,-87.348885
-4136.718750,-87.313650
-4125.000000,-87.245785
-4113.281250,-87.216745
-4101.562500,-87.241011
-4089.843750,-87.210715
-4078.125000,-87.161889
-4066.406250,-87.166423
-4054.687500,-87.148772
-4042.968750,-87.124301
-4031.250000,-87.095070
-4019.531250,-87.062872
-4007.812500,-87.050556
-3996.093750,-87.027154
-3984.375000,-86.991095
-3972.656250,-86.972002
-3960.937500,-86.972857
-3949.218750,-86.932906
-3937.500000,-86.913966
-3925.781250,-86.896159
-3914.062500,-86.881962
-3902.343750,-86.837098
-3890.625000,-86.791360
-3878.906250,-86.777411
-3867.187500,-86.737471
-3855.468750,-86.723274
-3843.750000,-86.714211
-3832.031250,-86.651959
-3820.312500,-86.622484
-3808.593750,-86.602983
-3796.875000,-86.538613
-3785.156250,-86.528295
-3773.437500,-86.539022
-3761.718750,-86.509565
-3750.000000,-86.482642
-3738.281250,-86.463948
-3726.562500,-86.438317
-3714.843750,-86.421632
-3703.125000,-86.383744
-3691.406250,-86.383859
-3679.687500,-86.393893
-3667.968750,-86.346412
-3656.250000,-86.309654
-3644.531250,-86.279530
-3632.812500,-86.291393
-3621.093750,-86.277982
-3609.375000,-86.229379
-3597.656250,-86.222922
-3585.937500,-86.215596
-3574.218750,-86.175181
-3562.500000,-86.140664
-3550.781250,-86.134163
-3539.062500,-86.107836
-3527.343750,-86.076147
-3515.625000,-86.052409
-3503.906250,-86.005685
-3492.187500,-86.011114
-3480.468750,-86.011890
-3468.750000,-85.960903
-3457.031250,-85.961744
-3445.312500,-85.923918
-3433.593750,-85.895771
-3421.875000,-85.892002
-3410.156250,-85.832347
-3398.437500,-85.807711
-3386.718750,-85.805410
-3375.000000,-85.812664
-3363.281250,-85.800565
-3351.562500,-85.742885
-3339.843750,-85.720407
-3328.125000,-85.676472
-3316.406250,-85.647044
-3304.687500,-85.708392
-3292.968750,-85.725659
-3281.250000,-85.672483
-3269.531250,-85.634261
-3257.812500,-85.626923
-3246.093750,-85.588557
-3234.375000,-85.546561
-3222.656250,-85.535437
-3210.937500,-85.515914
-3199.218750,-85.508364
-3187.500000,-85.451960
-3175.781250,-85.416993
-3164.062500,-85.465046
-3152.343750,-85.487949
-3140.625000,-85.449817
-3128.906250,-85.402347
-3117.187500,-85.418135
-3105.468750,-85.362325
-3093.750000,-85.265687
-3082.031250,-85.282552
-3070.312500,-85.308531
-3058.593750,-85.273474
-3046.875000,-85.243768
-3035.156250,-85.236702
-3023.437500,-85.191937
-3011.718750,-85.164863
-3000.000000,-85.180483
-2988.281250,-85.178847
-2976.562500,-85.164752
-2964.843750,-85.171631
-2953.125000,-85.125649
-2941.406250,-85.066145
-2929.687500,-85.016275
-2917.968750,-85.045093
-2906.250000,-85.037606
-2894.531250,-85.002950
-2882.812500,-85.025366
-2871.093750,-84.973086
-2859.375000,-84.929771
-2847.656250,-84.937040
-2835.937500,-84.906185
-2824.218750,-84.917920
-2812.500000,-84.913814
-2800.781250,-84.858668
-2789.062500,-84.855090
-2777.343750,-84.843519
-2765.625000,-84.799994
-2753.906250,-84.783257
-2742.187500,-84.797778
-2730.468750,-84.797466
-2718.750000,-84.771975
-2707.031250,-84.751168
-2695.312500,-84.755047
-2683.593750,-84.737641
-2671.875000,-84.722460
-2660.156250,-84.701640
-2648.437500,-84.658685
-2636.718750,-84.641998
-2625.000000,-84.583310
-2613.281250,-84.573204
-2601.562500,-84.613745
-2589.843750,-84.632407
-2578.125000,-84.601301
-2566.406250,-84.563843
-2554.687500,-84.549122
-2542.968750,-84.534120
-2531.250000,-84.501798
-2519.531250,-84.517362
-2507.812500,-84.488140
-2496.093750,-84.479293
-2484.375000,-84.494618
-2472.656250,-84.450968
-2460.937500,-84.420071
-2449.218750,-84.411466
-2437.500000,-84.376017
-2425.781250,-84.378680
-2414.062500,-84.382692
-2402.343750,-84.366785
-2390.625000,-84.359831
-2378.906250,-84.328820
-2367.187500,-84.297611
-2355.468750,-84.262159
-2343.750000,-84.268392
-2332.031250,-84.251765
-2320.312500,-84.212249
-2308.593750,-84.218233
-2296.875000,-84.224422
-2285.156250,-84.169586
-2273.437500,-84.163474
-2261.718750,-84.187820
-2250.000000,-84.151715
-2238.281250,-84.142745
-2226.562500,-84.155192
-2214.843750,-84.159871
-2203.125000,-84.132600
-2191.406250,-84.122407
-2179.687500,-84.132040
-2167.968750,-84.118356
-2156.250000,-84.075679
-2144.531250,-84.083739
-2132.812500,-84.095655
-2121.093750,-84.085069
-2109.375000,-84.051096
-2097.656250,-84.038160
-2085.937500,-84.026565
-2074.218750,-83.996502
-2062.500000,-83.994616
-2050.781250,-83.974534
-2039.062500,-83.929786
-2027.343750,-83.931693
-2015.625000,-83.924564
-2003.906250,-83.884297
-1992.187500,-83.874215
-1980.468750,-83.864369
-1968.750000,-83.839695
-1957.031250,-83.852258
-1945.312500,-83.843805
-1933.593750,-83.835802
-1921.875000,-83.814780
-1910.156250,-83.812245
-1898.437500,-83.796789
-1886.718750,-83.775327
-1875.000000,-83.813825
-1863.281250,-83.781919
-1851.562500,-83.747783
-1839.843750,-83.779935
-1828.125000,-83.754531
-1816.406250,-83.736255
-1804.687500,-83.772997
-1792.968750,-83.781640
-1781.250000,-83.759773
-1769.531250,-83.729859
-1757.812500,-83.733124
-1746.093750,-83.715921
-1734.375000,-83.689703
-1722.656250,-83.679471
-1710.937500,-83.659362
-1699.218750,-83.642504
-1687.500000,-83.633052
-1675.781250,-83.599132
-1664.062500,-83.603651
-1652.343750,-83.636934
-1640.625000,-83.605650
-1628.906250,-83.592864
-1617.187500,-83.574512
-1605.468750,-83.535514
-1593.750000,-83.515815
-1582.031250,-83.510717
-1570.312500,-83.500132
-1558.593750,-83.495191
-1546.875000,-83.489058
-1535.156250,-83.484828
-1523.437500,-83.465288
-1511.718750,-83.478400
-1500.000000,-83.501126
-1488.281250,-83.478599
-1476.562500,-83.492065
-1464.843750,-83.469836
-1453.125000,-83.444733
-1441.406250,-83.446827
-1429.687500,-83.415907
-1417.968750,-83.427547
-1406.250000,-83.433286
-1394.531250,-83.395539
-1382.812500,-83.391968
-1371.093750,-83.397795
-1359.375000,-83.397702
-1347.656250,-83.386627
-1335.937500,-83.390118
-1324.218750,-83.397439
-1312.500000,-83.365286
-1300.781250,-83.345685
-1289.062500,-83.332980
-1277.343750,-83.325452
-1265.625000,-83.339780
-1253.906250,-83.336068
-1242.187500,-83.311627
-1230.468750,-83.306066
-1218.750000,-83.307072
-1207.031250,-83.280867
-1195.312500,-83.296650
-1183.593750,-83.290494
-1171.875000,-83.274930
-1160.156250,-83.247931
-1148.437500,-83.247349
-1136.718750,-83.235273
-1125.000000,-83.205700
-1113.281250,-83.223255
-1101.562500,-83.210580
-1089.843750,-83.201745
-1078.125000,-83.223121
-1066.406250,-83.190267
-1054.687500,-83.167570
-1042.968750,-83.193872
-1031.250000,-83.199539
-1019.531250,-83.176763
-1007.812500,-83.163865
-996.093750,-83.185842
-984.375000,-83.180641
-972.656250,-83.154457
-960.937500,-83.156770
-949.218750,-83.170117
-937.500000,-83.180667
-925.781250,-83.152440
-914.062500,-83.133289
-902.343750,-83.153921
-890.625000,-83.149430
-878.906250,-83.130828
-867.187500,-83.125849
-855.468750,-83.127493
-843.750000,-83.121382
-832.031250,-83.079860
-820.312500,-83.073226
-808.593750,-83.090690
-796.875000,-83.074953
-785.156250,-83.068681
-773.437500,-83.069138
-761.718750,-83.062963
-750.000000,-83.034090
-738.281250,-83.035716
-726.562500,-83.055067
-714.843750,-83.056891
-703.125000,-83.037725
-691.406250,-83.049923
-679.687500,-83.052283
-667.968750,-83.030220
-656.250000,-83.030711
-644.531250,-83.010304
-632.812500,-83.004986
-621.093750,-83.026694
-609.375000,-83.035953
-597.656250,-83.024055
-585.937500,-82.998582
-574.218750,-83.022876
-562.500000,-83.025712
-550.781250,-83.000917
-539.062500,-83.010408
-527.343750,-82.999405
-515.625000,-83.002410
-503.906250,-82.992033
-492.187500,-82.965538
-480.468750,-83.007298
-468.750000,-83.014160
-457.031250,-82.998703
-445.312500,-82.979132
-433.593750,-82.978844
-421.875000,-82.985155
-410.156250,-82.975713
-398.437500,-82.977066
-386.718750,-82.991317
-375.000000,-82.989029
-363.281250,-82.974301
-351.562500,-82.960058
-339.843750,-82.953401
-328.125000,-82.962573
-316.406250,-82.960911
-304.687500,-82.969730
-292.968750,-82.977608
-281.250000,-82.956356
-269.531250,-82.937942
-257.812500,-82.951742
-246.093750,-82.943790
-234.375000,-82.942595
-222.656250,-82.942629
-210.937500,-82.932618
-199.218750,-82.926799
-187.500000,-82.919164
-175.781250,-82.922715
-164.062500,-82.922834
-152.343750,-82.931615
-140.625000,-82.935782
-128.906250,-82.920141
-117.187500,-82.934351
-105.468750,-82.942608
-93.750000,-82.940570
-82.031250,-82.961063
-70.312500,-82.940578
-58.593750,-82.915339
-46.875000,-82.938779
-35.156250,-82.950275
-23.437500,-82.937680
-11.718750,-22.151243
0.000000,-16.127671
11.718750,-22.151243
23.437500,-82.937680
35.156250,-82.950275
46.875000,-82.938779
58.593750,-82.915339
70.312500,-82.940578
82.031250,-82.961063
93.750000,-82.940570
105.468750,-82.942608
117.187500,-82.934351
128.906250,-82.920141
140.625000,-82.935782
152.343750,-82.931615
164.062500,-82.922834
175.781250,-82.922715
187.500000,-82.919164
199.218750,-82.926799
210.937500,-82.932618
222.656250,-82.942629
234.375000,-82.942595
246.093750,-82.943790
257.812500,-82.951742
269.531250,-82.937942
281.250000,-82.956356
292.968750,-82.977608
304.687500,-82.969730
316.406250,-82.960911
328.125000,-82.962573
339.843750,-82.953401
351.562500,-82.960058
363.281250,-82.974301
375.000000,-82.989029
386.718750,-82.991317
398.437500,-82.977066
410.156250,-82.975713
421.875000,-82.985155
433.593750,-82.978844
445.312500,-82.979132
457.031250,-82.998703
468.750000,-83.014160
480.468750,-83.007298
492.187500,-82.965538
503.906250,-82.992033
515.625000,-83.002410
527.343750,-82.999405
539.062500,-83.010408
550.781250,-83.000917
562.500000,-83.025712
574.218750,-83.022876
585.937500,-82.998582
597.656250,-83.024055
609.375000,-83.035953
621.093750,-83.026694
632.812500,-83.004986
644.531250,-83.010304
656.250000,-83.030711
667.968750,-83.030220
679.687500,-83.052283
691.406250,-83.049923
703.125000,-83.037725
714.843750,-83.056891
726.562500,-83.055067
738.281250,-83.035716
750.000000,-83.034090
761.718750,-83.062963
773.437500,-83.069138
785.156250,-83.068681
796.875000,-83.074953
808.593750,-83.090690
820.312500,-83.073226
832.031250,-83.079860
843.750000,-83.121382
855.468750,-83.127493
867.187500,-83.125849
878.906250,-83.130828
890.625000,-83.149430
902.343750,-83.153921
914.062500,-83.133289
925.781250,-83.152440
937.500000,-83.180667
949.218750,-83.170117
960.937500,-83.156770
972.656250,-83.154457
984.375000,-83.180641
996.093750,-83.185842
1007.812500,-83.163865
1019.531250,-83.176763
1031.250000,-83.199539
1042.968750,-83.193872
1054.687500,-83.167570
1066.406250,-83.190267
1078.125000,-83.223121
1089.843750,-83.201745
1101.562500,-83.210580
1113.281250,-83.223255
1125.000000,-83.205700
1136.718750,-83.235273
1148.437500,-83.247349
1160.156250,-83.247931
1171.875000,-83.274930
1183.593750,-83.290494
1195.312500,-83.296650
1207.031250,-83.280867
1218.750000,-83.307072
1230.468750,-83.306066
1242.187500,-83.311627
1253.906250,-83.336068
1265.625000,-83.339780
1277.343750,-83.325452
1289.062500,-83.332980
1300.781250,-83.345685
1312.500000,-83.365286
1324.218750,-83.397439
1335.937500,-83.390118
1347.656250,-83.386627
1359.375000,-83.397702
1371.093750,-83.397795
1382.812500,-83.391968
1394.531250,-83.395539
1406.250000,-83.433286
1417.968750,-83.427547
1429.687500,-83.415907
1441.406250,-83.446827
1453.125000,-83.444733
1464.843750,-83.469836
1476.562500,-83.492065
1488.281250,-83.478599
1500.000000,-83.501126
1511.718750,-83.478400
1523.437500,-83.465288
1535.156250,-83.484828
1546.875000,-83.489058
1558.593750,-83.495191
1570.312500,-83.500132
1582.031250,-83.510717
1593.750000,-83.515815
1605.468750,-83.535514
1617.187500,-83.574512
1628.906250,-83.592864
1640.625000,-83.605650
1652.343750,-83.636934
1664.062500,-83.603651
1675.781250,-83.599132
1687.500000,-83.633052
1699.218750,-83.642504
1710.937500,-83.659362
1722.656250,-83.679471
1734.375000,-83.689703
1746.093750,-83.715921
1757.812500,-83.733124
1769.531250,-83.729859
1781.250000,-83.759773
1792.968750,-83.781640
1804.687500,-83.772997
1816.406250,-83.736255
1828.125000,-83.754531
1839.843750,-83.779935
1851.562500,-83.747783
1863.281250,-83.781919
1875.000000,-83.813825
1886.718750,-83.775327
1898.437500,-83.796789
1910.156250,-83.812245
1921.875000,-83.814780
1933.593750,-83.835802
1945.312500,-83.843805
1957.031250,-83.852258
1968.750000,-83.839695
1980.468750,-83.864369
1992.187500,-83.874215
2003.906250,-83.884297
2015.625000,-83.924564
2027.343750,-83.931693
2039.062500,-83.929786
2050.781250,-83.974534
2062.500000,-83.994616
2074.218750,-83.996502
2085.937500,-84.026565
2097.656250,-84.038160
2109.375000,-84.051096
2121.093750,-84.085069
2132.812500,-84.095655
2144.531250,-84.083739
2156.250000,-84.075679
2167.968750,-84.118356
2179.687500,-84.132040
2191.406250,-84.122407
2203.125000,-84.132600
2214.843750,-84.159871
2226.562500,-84.155192
2238.281250,-84.142745
2250.000000,-84.151715
2261.718750,-84.187820
2273.437500,-84.163474
2285.156250,-84.169586
2296.875000,-84.224422
2308.593750,-84.218233
2320.312500,-84.212249
2332.031250,-84.251765
2343.750000,-84.268392
2355.468750,-84.262159
2367.187500,-84.297611
2378.906250,-84.328820
2390.625000,-84.359831
2402.343750,-84.366785
2414.062500,-84.382692
2425.781250,-84.378680
2437.500000,-84.376017
2449.218750,-84.411466
2460.937500,-84.420071
2472.656250,-84.450968
2484.375000,-84.494618
2496.093750,-84.479293
2507.812500,-84.488140
2519.531250,-84.517362
2531.250000,-84.501798
2542.968750,-84.534120
2554.687500,-84.549122
2566.406250,-84.563843
2578.125000,-84.601301
2589.843750,-84.632407
2601.562500,-84.613745
2613.281250,-84.573204
2625.000000,-84.583310
2636.718750,-84.641998
2648.437500,-84.658685
2660.156250,-84.701640
2671.875000,-84.722460
2683.593750,-84.737641
2695.312500,-84.755047
2707.031250,-84.751168
2718.750000,-84.771975
2730.468750,-84.797466
2742.187500,-84.797778
2753.906250,-84.783257
2765.625000,-84.799994
2777.343750,-84.843519
2789.062500,-84.855090
2800.781250,-84.858668
2812.500000,-84.913814
2824.218750,-84.917920
2835.937500,-84.906185
2847.656250,-84.937040
2859.375000,-84.929771
2871.093750,-84.973086
2882.812500,-85.025366
2894.531250,-85.002950
2906.250000,-85.037606
2917.968750,-85.045093
2929.687500,-85.016275
2941.406250,-85.066145
2953.125000,-85.125649
2964.843750,-85.171631
2976.562500,-85.164752
2988.281250,-85.178847
3000.000000,-85.180483
3011.718750,-85.164863
3023.437500,-85.191937
3035.156250,-85.236702
3046.875000,-85.243768
3058.593750,-85.273474
3070.312500,-85.308531
3082.031250,-85.282552
3093.750000,-85.265687
3105.468750,-85.362325
3117.187500,-85.418135
3128.906250,-85.402347
3140.625000,-85.449817
3152.343750,-85.487949
3164.062500,-85.465046
3175.781250,-85.416993
3187.500000,-85.451960
3199.218750,-85.508364
3210.937500,-85.515914
3222.656250,-85.535437
3234.375000,-85.546561
3246.093750,-85.588557
3257.812500,-85.626923
3269.531250,-85.634261
3281.250000,-85.672483
3292.968750,-85.725659
3304.687500,-85.708392
3316.406250,-85.647044
3328.125000,-85.676472
3339.843750,-85.720407
3351.562500,-85.742885
3363.281250,-85.800565
3375.000000,-85.812664
3386.718750,-85.805410
3398.437500,-85.807711
3410.156250,-85.832347
3421.875000,-85.892002
3433.593750,-85.895771
3445.312500,-85.923918
3457.031250,-85.961744
3468.750000,-85.960903
3480.468750,-86.011890
3492.187500,-86.011114
3503.906250,-86.005685
3515.625000,-86.052409
3527.343750,-86.076147
3539.062500,-86.107836
3550.781250,-86.134163
3562.500000,-86.140664
3574.218750,-86.175181
3585.937500,-86.215596
3597.656250,-86.222922
3609.375000,-86.229379
3621.093750,-86.277982
3632.812500,-86.291393
3644.531250,-86.279530
3656.250000,-86.309654
3667.968750,-86.346412
3679.687500,-86.393893
3691.406250,-86.383859
3703.125000,-86.383744
3714.843750,-86.421632
3726.562500,-86.438317
3738.281250,-86.463948
3750.000000,-86.482642
3761.718750,-86.509565
3773.437500,-86.539022
3785.156250,-86.528295
3796.875000,-86.538613
3808.593750,-86.602983
3820.312500,-86.622484
3832.031250,-86.651959
3843.750000,-86.714211
3855.468750,-86.723274
3867.187500,-86.737471
3878.906250,-86.777411
3890.625000,-86.791360
3902.343750,-86.837098
3914.062500,-86.881962
3925.781250,-86.896159
3937.500000,-86.913966
3949.218750,-86.932906
3960.937500,-86.972857
3972.656250,-86.972002
3984.375000,-86.991095
3996.093750,-87.027154
4007.812500,-87.050556
4019.531250,-87.062872
4031.250000,-87.095070
4042.968750,-87.124301
4054.687500,-87.148772
4066.406250,-87.166423
4078.125000,-87.161889
4089.843750,-87.210715
4101.562500,-87.241011
4113.281250,-87.216745
4125.000000,-87.245785
4136.718750,-87.313650
4148.437500,-87.348885
4160.156250,-87.356286
4171.875000,-87.370019
4183.593750,-87.412454
4195.312500,-87.421890
4207.031250,-87.450021
4218.750000,-87.501291
4230.468750,-87.530069
4242.187500,-87.575127
4253.906250,-87.607082
4265.625000,-87.620467
4277.343750,-87.674632
4289.062500,-87.702997
4300.781250,-87.731172
4312.500000,-87.765428
4324.218750,-87.809178
4335.937500,-87.822472
4347.656250,-87.840894
4359.375000,-87.870006
4371.093750,-87.893274
4382.812500,-87.914049
4394.531250,-87.926092
4406.250000,-87.934159
4417.968750,-87.993625
4429.687500,-88.035831
4441.406250,-88.054061
4453.125000,-88.065306
4464.843750,-88.094544
4476.562500,-88.140776
4488.281250,-88.148670
4500.000000,-88.167219
4511.718750,-88.193981
4523.437500,-88.265834
4535.156250,-88.278629
4546.875000,-88.278834
4558.593750,-88.316529
4570.312500,-88.349948
4582.031250,-88.376628
4593.750000,-88.405007
4605.468750,-88.468047
4617.187500,-88.530410
4628.906250,-88.527328
4640.625000,-88.572891
4652.343750,-88.599311
4664.062500,-88.622854
4675.781250,-88.676896
4687.500000,-88.681684
4699.218750,-88.759797
4710.937500,-88.793376
4722.656250,-88.774172
4734.375000,-88.839858
4746.093750,-88.894275
4757.812500,-88.908191
4769.531250,-88.930375
4781.250000,-88.922019
4792.968750,-88.964479
4804.687500,-88.998122
4816.406250,-89.013480
4828.125000,-89.073809
4839.843750,-89.096105
4851.562500,-89.128534
4863.281250,-89.166986
4875.000000,-89.169229
4886.718750,-89.220202
4898.437500,-89.284802
4910.156250,-89.289348
4921.875000,-89.325231
4933.593750,-89.353146
4945.312500,-89.381141
4957.031250,-89.401005
4968.750000,-89.402672
4980.468750,-89.475355
4992.187500,-89.574514
5003.906250,-89.619405
5015.625000,-89.633073
5027.343750,-89.650158
5039.062500,-89.680391
5050.781250,-89.718166
5062.500000,-89.771950
5074.218750,-89.799317
5085.937500,-89.829986
5097.656250,-89.860714
5109.375000,-89.892967
5121.093750,-89.950958
5132.812500,-90.006286
5144.531250,-90.025562
5156.250000,-90.058431
5167.968750,-90.096904
5179.687500,-90.125941
5191.406250,-90.126993
5203.125000,-90.156023
5214.843750,-90.207871
5226.562500,-90.233472
5238.281250,-90.237022
5250.000000,-90.264355
5261.718750,-90.315253
5273.437500,-90.359674
5285.156250,-90.421918
5296.875000,-90.455281
5308.593750,-90.521602
5320.312500,-90.596468
5332.031250,-90.591847
5343.750000,-90.588977
5355.468750,-90.622928
5367.187500,-90.685855
5378.906250,-90.757696
5390.625000,-90.763138
5402.343750,-90.809903
5414.062500,-90.825087
5425.781250,-90.848284
5437.500000,-90.907123
5449.218750,-90.957313
5460.937500,-91.075919
5472.656250,-91.131215
5484.375000,-91.116079
5496.093750,-91.174736
5507.812500,-91.184585
5519.531250,-91.190374
5531.250000,-91.210058
5542.968750,-91.297028
5554.687500,-91.339781
5566.406250,-91.338385
5578.125000,-91.404441
5589.843750,-91.464059
5601.562500,-91.491583
5613.281250,-91.500653
5625.000000,-91.515342
5636.718750,-91.599889
5648.437500,-91.633954
5660.156250,-91.660194
5671.875000,-91.678853
5683.593750,-91.677565
5695.312500,-91.752419
5707.031250,-91.787983
5718.750000,-91.872868
5730.468750,-91.952054
5742.187500,-91.938699
5753.906250,-92.001055
5765.625000,-92.093623
5777.343750,-92.138432
5789.062500,-92.267402
5800.781250,-92.246653
5812.500000,-92.198178
5824.218750,-92.250443
5835.937500,-92.286652
5847.656250,-92.344541
5859.375000,-92.389913
5871.093750,-92.423789
5882.812500,-92.511820
5894.531250,-92.533787
5906.250000,-92.540409
5917.968750,-92.670079
5929.687500,-92.747492
5941.406250,-92.841837
5953.125000,-92.845662
5964.843750,-92.828203
5976.562500,-92.881214
5988.281250,-92.817650
6000.000000,-92.761854
6011.718750,-92.938001
6023.437500,-93.025285
6035.156250,-93.080390
6046.875000,-93.150952
6058.593750,-93.156583
6070.312500,-93.251939
6082.031250,-93.310669
6093.750000,-93.336597
6105.468750,-93.404166
6117.187500,-93.414873
6128.906250,-93.386430
6140.625000,-93.425355
6152.343750,-93.510369
6164.062500,-93.632571
6175.781250,-93.618745
6187.500000,-93.722637
6199.218750,-93.799758
6210.937500,-93.803266
6222.656250,-93.868040
6234.375000,-93.961590
6246.093750,-94.051330
6257.812500,-94.084433
6269.531250,-93.971876
6281.250000,-93.974152
6292.968750,-94.009104
6304.687500,-94.136345
6316.406250,-94.234681
6328.125000,-94.268834
6339.843750,-94.455852
6351.562500,-94.524394
6363.281250,-94.484378
6375.000000,-94.571803
6386.718750,-94.691124
6398.437500,-94.833782
6410.156250,-94.816611
6421.875000,-94.709648
6433.593750,-94.811837
6445.312500,-94.825217
6457.031250,-94.818599
6468.750000,-94.813279
6480.468750,-94.909480
6492.187500,-95.080329
6503.906250,-95.147066
6515.625000,-95.195811
6527.343750,-95.312248
6539.062500,-95.303248
6550.781250,-95.307657
6562.500000,-95.326974
6574.218750,-95.245279
6585.937500,-95.292522
6597.656250,-95.418181
6609.375000,-95.544257
6621.093750,-95.830436
6632.812500,-95.836141
6644.531250,-95.685016
6656.250000,-95.857962
6667.968750,-95.829620
6679.687500,-96.002988
6691.406250,-96.059031
6703.125000,-95.997701
6714.843750,-96.174262
6726.562500,-96.085801
6738.281250,-96.107668
6750.000000,-96.288172
6761.718750,-96.385409
6773.437500,-96.761948
6785.156250,-96.722749
6796.875000,-96.627659
6808.593750,-96.945757
6820.312500,-96.811619
6832.031250,-96.718862
6843.750000,-96.644410
6855.468750,-96.697570
6867.187500,-96.966714
6878.906250,-96.965650
6890.625000,-96.735116
6902.343750,-97.002710
6914.062500,-97.226128
6925.781250,-97.225229
6937.500000,-97.008670
6949.218750,-97.034317
6960.937500,-97.396887
6972.656250,-97.589262
6984.375000,-97.633559
6996.093750,-97.839317
7007.812500,-97.635504
7019.531250,-97.276220
7031.250000,-97.596965
7042.968750,-98.022524
7054.687500,-97.845253
7066.406250,-97.700382
7078.125000,-98.091652
7089.843750,-98.459008
7101.562500,-98.510869
7113.281250,-98.098232
7125.000000,-98.382101
7136.718750,-98.579480
7148.437500,-97.281403
7160.156250,-97.217378
7171.875000,-97.892211
7183.593750,-97.801670
7195.312500,-97.789853
7207.031250,-99.024745
7218.750000,-98.997747
7230.468750,-98.646453
7242.187500,-99.067835
7253.906250,-98.848754
7265.625000,-98.174371
7277.343750,-98.103854
7289.062500,-99.480211
7300.781250,-100.218357
7312.500000,-100.519350
7324.218750,-100.106948
7335.937500,-99.750061
7347.656250,-99.569140
7359.375000,-99.337469
7371.093750,-99.680533
7382.812500,-99.678845
7394.531250,-100.116605
7406.250000,-100.400441
7417.968750,-99.411470
7429.687500,-99.651751
7441.406250,-100.532692
7453.125000,-100.465346
7464.843750,-100.477563
7476.562500,-100.525820
7488.281250,-100.621706
7500.000000,-100.682599
7511.718750,-100.775892
7523.437500,-100.844136
7535.156250,-100.927272
7546.875000,-101.082140
7558.593750,-100.907355
7570.312500,-100.781410
7582.031250,-100.901881
7593.750000,-101.063897
7605.468750,-101.313253
7617.187500,-101.643355
7628.906250,-101.845063
7640.625000,-101.565696
7652.343750,-101.497772
7664.062500,-101.627003
7675.781250,-101.573327
7687.500000,-101.816165
7699.218750,-101.867817
7710.937500,-101.826180
7722.656250,-102.158261
7734.375000,-102.163326
7746.093750,-102.214857
7757.812500,-102.519230
7769.531250,-102.660182
7781.250000,-102.793793
7792.968750,-102.669610
7804.687500,-102.464596
7816.406250,-102.584493
7828.125000,-102.621721
7839.843750,-102.731129
7851.562500,-102.782043
7863.281250,-102.923672
7875.000000,-103.066454
7886.718750,-103.059506
7898.437500,-103.140894
7910.156250,-103.604826
7921.875000,-103.775712
7933.593750,-103.736129
7945.312500,-103.823085
7957.031250,-103.864453
7968.750000,-103.936389
7980.468750,-104.063086
7992.187500,-104.079160
8003.906250,-104.204578
8015.625000,-104.302567
8027.343750,-104.366609
8039.062500,-104.649382
8050.781250,-104.737916
8062.500000,-104.802375
8074.218750,-104.906335
8085.937500,-105.109746
8097.656250,-105.174905
8109.375000,-105.100908
8121.093750,-105.128980
8132.812500,-105.261226
8144.531250,-105.233203
8156.250000,-105.369877
8167.968750,-105.510231
8179.687500,-105.611326
8191.406250,-105.767280
8203.125000,-105.880856
8214.843750,-106.007408
8226.562500,-106.107668
8238.281250,-106.230359
8250.000000,-106.299991
8261.718750,-106.272440
8273.437500,-106.351051
8285.156250,-106.526703
8296.875000,-106.703995
8308.593750,-106.901077
8320.312500,-106.933423
8332.031250,-107.219973
8343.750000,-107.470040
8355.468750,-107.497579
8367.187500,-107.621654
8378.906250,-107.762699
8390.625000,-107.905588
8402.343750,-108.042291
8414.062500,-108.066071
8425.781250,-108.212077
8437.500000,-108.309313
8449.218750,-108.369192
8460.937500,-108.535718
8472.656250,-108.591429
8484.375000,-108.752051
8496.093750,-108.878621
8507.812500,-108.992408
8519.531250,-109.215730
8531.250000,-109.279367
8542.968750,-109.318443
8554.687500,-109.557839
8566.406250,-109.653236
8578.125000,-109.753835
8589.843750,-109.883326
8601.562500,-110.024526
8613.281250,-110.191938
8625.000000,-110.353078
8636.718750,-110.448612
8648.437500,-110.643978
8660.156250,-110.780219
8671.875000,-110.967946
8683.593750,-111.154085
8695.312500,-111.282969
8707.031250,-111.491972
8718.750000,-111.571280
8730.468750,-111.691189
8742.187500,-111.918889
8753.906250,-112.051962
8765.625000,-112.298255
8777.343750,-112.487593
8789.062500,-112.552504
8800.781250,-112.848586
8812.500000,-113.023228
8824.218750,-113.137220
8835.937500,-113.263482
8847.656250,-113.425233
8859.375000,-113.627361
8871.093750,-113.796779
8882.812500,-113.997929
8894.531250,-114.208261
8906.250000,-114.344482
8917.968750,-114.518741
8929.687500,-114.693828
8941.406250,-114.920359
8953.125000,-115.136645
8964.843750,-115.303492
8976.562500,-115.540090
8988.281250,-115.770097
9000.000000,-115.985620
9011.718750,-116.185275
9023.437500,-116.399175
9035.156250,-116.583454
9046.875000,-116.774784
9058.593750,-117.050110
9070.312500,-117.300011
9082.031250,-117.507303
9093.750000,-117.771796
9105.468750,-118.028067
9117.187500,-118.250028
9128.906250,-118.539188
9140.625000,-118.829432
9152.343750,-119.076028
9164.062500,-119.396787
9175.781250,-119.695936
9187.500000,-119.973467
9199.218750,-120.279699
9210.937500,-120.526501
9222.656250,-120.866228
9234.375000,-121.228701
9246.093750,-121.565856
9257.812500,-121.909268
9269.531250,-122.278596
9281.250000,-122.652371
9292.968750,-122.923808
9304.687500,-123.270280
9316.406250,-123.693451
9328.125000,-124.118984
9339.843750,-124.543006
9351.562500,-125.017166
9363.281250,-125.527602
9375.000000,-125.987137
9386.718750,-126.495364
9398.437500,-127.001838
9410.156250,-127.610250
9421.875000,-128.286275
9433.593750,-128.822857
9445.312500,-129.518264
9457.031250,-130.270567
9468.750000,-131.045318
9480.468750,-131.978786
9492.187500,-132.873063
9503.906250,-133.958923
9515.625000,-135.063105
9527.343750,-136.458953
9539.062500,-138.132331
9550.781250,-139.938539
9562.500000,-142.493340
9574.218750,-145.643860
9585.937500,-151.097329
9597.656250,-166.764885
9609.375000,-154.815041
9621.093750,-147.454246
9632.812500,-143.961458
9644.531250,-141.246497
9656.250000,-139.313497
9667.968750,-137.707058
9679.687500,-136.328514
9691.406250,-135.233021
9703.125000,-134.242516
9714.843750,-133.410530
9726.562500,-132.581653
9738.281250,-131.888629
9750.000000,-131.235858
9761.718750,-130.564071
9773.437500,-130.039770
9785.156250,-129.556684
9796.875000,-129.160508
9808.593750,-128.685060
9820.312500,-128.295847
9832.031250,-127.945794
9843.750000,-127.575784
9855.468750,-127.257603
9867.187500,-126.862630
9878.906250,-126.526541
9890.625000,-126.233806
9902.343750,-125.896898
9914.062500,-125.636786
9925.781250,-125.396880
9937.500000,-125.168411
9949.218750,-124.950666
9960.937500,-124.725860
9972.656250,-124.482907
9984.375000,-124.232386
9996.093750,-124.062212
10007.812500,-123.862766
10019.531250,-123.716456
10031.250000,-123.528507
10042.968750,-123.331107
10054.687500,-123.163606
10066.406250,-123.009570
10078.125000,-122.876577
10089.843750,-122.736061
10101.562500,-122.629573
10113.281250,-122.541264
10125.000000,-122.386427
10136.718750,-122.295515
10148.437500,-122.182436
10160.156250,-122.046808
10171.875000,-121.953591
10183.593750,-121.822377
10195.312500,-121.730485
10207.031250,-121.637488
10218.750000,-121.589456
10230.468750,-121.469465
10242.187500,-121.361632
10253.906250,-121.323407
10265.625000,-121.232158
10277.343750,-121.131740
10289.062500,-121.068701
10300.781250,-120.995422
10312.500000,-120.954423
10324.218750,-120.851915
10335.937500,-120.731210
10347.656250,-120.669347
10359.375000,-120.600881
10371.093750,-120.535448
10382.812500,-120.513390
10394.531250,-120.464979
10406.250000,-120.414995
10417.968750,-120.378478
10429.687500,-120.333276
10441.406250,-120.325977
10453.125000,-120.236160
10464.843750,-120.209390
10476.562500,-120.190057
10488.281250,-120.115770
10500.000000,-120.132577
10511.718750,-120.106252
10523.437500,-120.090922
10535.156250,-120.103480
10546.875000,-120.024092
10558.593750,-120.020325
10570.312500,-119.992839
10582.031250,-119.958023
10593.750000,-119.982163
10605.468750,-120.003868
10617.187500,-119.993856
10628.906250,-119.975603
10640.625000,-119.963949
10652.343750,-119.955529
10664.062500,-119.944727
10675.781250,-119.938319
10687.500000,-119.963012
10699.218750,-119.932027
10710.937500,-119.925916
10722.656250,-119.959348
10734.375000,-119.938917
10746.093750,-119.959974
10757.812500,-119.966493
10769.531250,-119.935524
10781.250000,-120.011177
10792.968750,-119.980325
10804.687500,-119.969038
10816.406250,-120.009169
10828.125000,-120.016532
10839.843750,-120.031458
10851.562500,-120.034394
10863.281250,-120.102076
10875.000000,-120.135319
10886.718750,-120.129517
10898.437500,-120.212110
10910.156250,-120.248959
10921.875000,-120.279774
10933.593750,-120.321334
10945.312500,-120.316781
10957.031250,-120.361080
10968.750000,-120.421757
10980.468750,-120.486976
10992.187500,-120.546027
11003.906250,-120.584079
11015.625000,-120.600952
11027.343750,-120.662054
11039.062500,-120.753715
11050.781250,-120.793673
11062.500000,-120.826026
11074.218750,-120.899644
11085.937500,-120.974965
11097.656250,-121.020074
11109.375000,-121.103227
11121.093750,-121.177050
11132.812500,-121.184876
11144.531250,-121.252540
11156.250000,-121.293810
11167.968750,-121.365626
11179.687500,-121.463234
11191.406250,-121.543727
11203.125000,-121.670078
11214.843750,-121.741294
11226.562500,-121.796771
11238.281250,-121.878486
11250.000000,-121.938719
11261.718750,-122.063872
11273.437500,-122.149534
11285.156250,-122.303039
11296.875000,-122.455401
11308.593750,-122.508496
11320.312500,-122.625572
11332.031250,-122.778722
11343.750000,-122.893374
11355.468750,-122.959196
11367.187500,-123.093468
11378.906250,-123.205793
11390.625000,-123.336514
11402.343750,-123.502603
11414.062500,-123.585647
11425.781250,-123.723403
11437.500000,-123.877306
11449.218750,-124.027612
11460.937500,-124.174902
11472.656250,-124.309434
11484.375000,-124.520148
11496.093750,-124.664582
11507.812500,-124.850530
11519.531250,-125.064093
11531.250000,-125.153471
11542.968750,-125.348461
11554.687500,-125.560674
11566.406250,-125.765201
11578.125000,-125.972187
11589.843750,-126.202257
11601.562500,-126.453455
11613.281250,-126.640590
11625.000000,-126.893309
11636.718750,-127.130232
11648.437500,-127.396153
11660.156250,-127.706838
11671.875000,-127.957025
11683.593750,-128.257397
11695.312500,-128.492794
11707.031250,-128.843147
11718.750000,-129.183557
11730.468750,-129.472321
11742.187500,-129.893070
11753.906250,-130.246295
11765.625000,-130.650486
11777.343750,-131.056304
11789.062500,-131.476766
11800.781250,-131.988338
11812.500000,-132.457147
11824.218750,-133.013655
11835.937500,-133.542636
11847.656250,-134.185864
11859.375000,-134.867786
11871.093750,-135.587365
11882.812500,-136.466114
11894.531250,-137.303217
11906.250000,-138.378177
11917.968750,-139.448559
11929.687500,-140.755030
11941.406250,-142.388060
11953.125000,-144.157965
11964.843750,-146.851235
11976.562500,-150.143651
11988.281250,-156.360097
12000.000000,-184.428067
12011.718750,-156.428161
12023.437500,-149.993480
12035.156250,-146.713727
12046.875000,-144.010455
12058.593750,-142.162659
12070.312500,-140.569068
12082.031250,-139.148745
12093.750000,-138.021980
12105.468750,-136.908857
12117.187500,-136.043127
12128.906250,-135.162017
12140.625000,-134.389105
12152.343750,-133.705429
12164.062500,-133.002834
12175.781250,-132.438209
12187.500000,-131.826162
12199.218750,-131.300293
12210.937500,-130.775067
12222.656250,-130.294469
12234.375000,-129.844703
12246.093750,-129.356882
12257.812500,-128.985068
12269.531250,-128.595283
12281.250000,-128.203526
12292.968750,-127.858081
12304.687500,-127.485533
12316.406250,-127.143964
12328.125000,-126.808725
12339.843750,-126.497264
12351.562500,-126.172427
12363.281250,-125.857949
12375.000000,-125.584465
12386.718750,-125.294256
12398.437500,-125.026323
12410.156250,-124.733015
12421.875000,-124.505584
12433.593750,-124.262208
12445.312500,-124.009141
12457.031250,-123.796345
12468.750000,-123.537583
12480.468750,-123.339462
12492.187500,-123.115878
12503.906250,-122.892538
12515.625000,-122.701139
12527.343750,-122.474078
12539.062500,-122.298428
12550.781250,-122.106825
12562.500000,-121.896688
12574.218750,-121.706202
12585.937500,-121.515628
12597.656250,-121.355753
12609.375000,-121.179516
12621.093750,-121.016134
12632.812500,-120.826006
12644.531250,-120.651694
12656.250000,-120.495352
12667.968750,-120.317754
12679.687500,-120.156495
12691.406250,-119.996638
12703.125000,-119.851885
12714.843750,-119.694512
12726.562500,-119.551622
12738.281250,-119.423828
12750.000000,-119.275438
12761.718750,-119.149243
12773.437500,-118.984010
12785.156250,-118.841500
12796.875000,-118.730711
12808.593750,-118.580547
12820.312500,-118.453661
12832.031250,-118.331531
12843.750000,-118.214610
12855.468750,-118.085784
12867.187500,-117.958239
12878.906250,-117.841289
12890.625000,-117.710260
12902.343750,-117.605898
12914.062500,-117.497927
12925.781250,-117.376509
12937.500000,-117.269499
12949.218750,-117.148741
12960.937500,-117.041642
12972.656250,-116.919175
12984.375000,-116.817647
12996.093750,-116.722997
13007.812500,-116.610259
13019.531250,-116.516644
13031.250000,-116.405409
13042.968750,-116.299989
13054.687500,-116.206202
13066.406250,-116.111763
13078.125000,-116.020436
13089.843750,-115.929876
13101.562500,-115.821228
13113.281250,-115.715342
13125.000000,-115.648202
13136.718750,-115.550672
13148.437500,-115.453683
13160.156250,-115.387035
13171.875000,-115.293778
13183.593750,-115.206518
13195.312500,-115.119891
13207.031250,-115.042925
13218.750000,-114.974502
13230.468750,-114.868100
13242.187500,-114.784935
13253.906250,-114.696898
13265.625000,-114.614186
13277.343750,-114.533087
13289.062500,-114.452810
13300.781250,-114.390346
13312.500000,-114.316461
13324.218750,-114.231281
13335.937500,-114.153594
13347.656250,-114.091926
13359.375000,-114.016628
13371.093750,-113.960779
13382.812500,-113.905099
13394.531250,-113.808331
13406.250000,-113.740265
13417.968750,-113.673833
13429.687500,-113.592116
13441.406250,-113.537711
13453.125000,-113.467509
13464.843750,-113.403255
13476.562500,-113.343727
13488.281250,-113.281093
13500.000000,-113.216071
13511.718750,-113.147996
13523.437500,-113.104165
13535.156250,-113.027718
13546.875000,-112.962386
13558.593750,-112.901866
13570.312500,-112.827408
13582.031250,-112.765725
13593.750000,-112.713881
13605.468750,-112.657010
13617.187500,-112.596668
13628.906250,-112.549553
13640.625000,-112.490415
13652.343750,-112.427879
13664.062500,-112.392200
13675.781250,-112.338641
13687.500000,-112.278619
13699.218750,-112.226060
13710.937500,-112.160765
13722.656250,-112.112328
13734.375000,-112.060277
13746.093750,-112.011766
13757.812500,-111.964172
13769.531250,-111.922616
13781.250000,-111.875755
13792.968750,-111.825628
13804.687500,-111.780309
13816.406250,-111.728362
13828.125000,-111.673353
13839.843750,-111.624836
13851.562500,-111.575396
13863.281250,-111.531966
13875.000000,-111.476967
13886.718750,-111.439617
13898.437500,-111.392256
13910.156250,-111.347795
13921.875000,-111.307537
13933.593750,-111.253360
13945.312500,-111.218905
13957.031250,-111.186479
13968.750000,-111.136977
13980.468750,-111.099691
13992.187500,-111.061685
14003.906250,-111.013122
14015.625000,-110.970108
14027.343750,-110.941799
14039.062500,-110.903932
14050.781250,-110.865067
14062.500000,-110.826050
14074.218750,-110.777878
14085.937500,-110.750289
14097.656250,-110.710924
14109.375000,-110.677813
14121.093750,-110.638822
14132.812500,-110.600296
14144.531250,-110.563027
14156.250000,-110.515945
14167.968750,-110.484492
14179.687500,-110.455081
14191.406250,-110.418039
14203.125000,-110.387073
14214.843750,-110.345173
14226.562500,-110.318835
14238.281250,-110.307815
14250.000000,-110.274269
14261.718750,-110.228213
14273.437500,-110.200446
14285.156250,-110.174540
14296.875000,-110.122844
14308.593750,-110.098233
14320.312500,-110.076538
14332.031250,-110.046615
14343.750000,-110.016543
14355.468750,-109.984135
14367.187500,-109.966819
14378.906250,-109.935521
14390.625000,-109.907799
14402.343750,-109.893683
14414.062500,-109.865637
14425.781250,-109.839824
14437.500000,-109.802336
14449.218750,-109.769793
14460.937500,-109.756913
14472.656250,-109.723636
14484.375000,-109.704514
14496.093750,-109.681009
14507.812500,-109.645713
14519.531250,-109.619233
14531.250000,-109.593619
14542.968750,-109.571231
14554.687500,-109.562847
14566.406250,-109.545344
14578.125000,-109.521027
14589.843750,-109.496356
14601.562500,-109.466658
14613.281250,-109.442016
14625.000000,-109.424471
14636.718750,-109.404716
14648.437500,-109.391466
14660.156250,-109.373150
14671.875000,-109.354177
14683.593750,-109.323854
14695.312500,-109.301122
14707.031250,-109.305057
14718.750000,-109.279229
14730.468750,-109.251390
14742.187500,-109.244696
14753.906250,-109.227074
14765.625000,-109.205539
14777.343750,-109.192242
14789.062500,-109.172309
14800.781250,-109.148253
14812.500000,-109.131645
14824.218750,-109.118440
14835.937500,-109.105024
14847.656250,-109.102255
14859.375000,-109.086533
14871.093750,-109.073294
14882.812500,-109.072194
14894.531250,-109.056557
14906.250000,-109.023241
14917.968750,-109.012445
14929.687500,-109.012159
14941.406250,-108.995574
14953.125000,-108.980239
14964.843750,-108.965347
14976.562500,-108.948645
14988.281250,-108.930331
15000.000000,-108.924339
15011.718750,-108.920096
15023.437500,-108.897002
15035.156250,-108.888232
15046.875000,-108.880656
15058.593750,-108.865392
15070.312500,-108.862740
15082.031250,-108.844299
15093.750000,-108.832499
15105.468750,-108.834622
15117.187500,-108.822833
15128.906250,-108.813030
15140.625000,-108.808301
15152.343750,-108.803649
15164.062500,-108.806181
15175.781250,-108.800932
15187.500000,-108.789653
15199.218750,-108.773586
15210.937500,-108.765122
15222.656250,-108.768224
15234.375000,-108.760281
15246.093750,-108.760880
15257.812500,-108.766502
15269.531250,-108.755892
15281.250000,-108.752560
15292.968750,-108.753500
15304.687500,-108.745386
15316.406250,-108.743984
15328.125000,-108.737194
15339.843750,-108.717760
15351.562500,-108.716753
15363.281250,-108.714844
15375.000000,-108.708902
15386.718750,-108.701447
15398.437500,-108.697536
15410.156250,-108.697698
15421.875000,-108.695148
15433.593750,-108.704425
15445.312500,-108.700710
15457.031250,-108.691789
15468.750000,-108.692646
15480.468750,-108.700273
15492.187500,-108.697037
15503.906250,-108.693312
15515.625000,-108.697089
15527.343750,-108.698654
15539.062500,-108.708684
15550.781250,-108.715071
15562.500000,-108.708900
15574.218750,-108.713737
15585.937500,-108.719135
15597.656250,-108.715475
15609.375000,-108.716723
15621.093750,-108.727209
15632.812500,-108.730008
15644.531250,-108.727654
15656.250000,-108.732518
15667.968750,-108.731904
15679.687500,-108.736577
15691.406250,-108.735116
15703.125000,-108.740874
15714.843750,-108.755957
15726.562500,-108.772427
15738.281250,-108.779106
15750.000000,-108.775260
15761.718750,-108.767678
15773.437500,-108.777437
15785.156250,-108.783020
15796.875000,-108.785203
15808.593750,-108.790644
15820.312500,-108.803906
15832.031250,-108.822866
15843.750000,-108.832725
15855.468750,-108.834255
15867.187500,-108.841576
15878.906250,-108.853294
15890.625000,-108.860371
15902.343750,-108.870594
15914.062500,-108.883263
15925.781250,-108.890853
15937.500000,-108.894028
15949.218750,-108.898125
15960.937500,-108.912274
15972.656250,-108.925412
15984.375000,-108.936661
15996.093750,-108.951835
16007.812500,-108.961011
16019.531250,-108.976042
16031.250000,-108.990533
16042.968750,-108.997327
16054.687500,-109.002617
16066.406250,-109.019144
16078.125000,-109.038075
16089.843750,-109.043825
16101.562500,-109.058125
16113.281250,-109.078912
16125.000000,-109.093296
16136.718750,-109.110054
16148.437500,-109.122011
16160.156250,-109.134919
16171.875000,-109.149528
16183.593750,-109.161911
16195.312500,-109.181340
16207.031250,-109.202916
16218.750000,-109.219120
16230.468750,-109.223269
16242.187500,-109.240283
16253.906250,-109.254994
16265.625000,-109.272920
16277.343750,-109.298672
16289.062500,-109.320051
16300.781250,-109.338920
16312.500000,-109.355531
16324.218750,-109.371549
16335.937500,-109.391342
16347.656250,-109.414031
16359.375000,-109.439668
16371.093750,-109.459921
16382.812500,-109.479050
16394.531250,-109.504287
16406.250000,-109.516659
16417.968750,-109.534175
16429.687500,-109.560006
16441.406250,-109.590506
16453.125000,-109.603033
16464.843750,-109.627569
16476.562500,-109.658976
16488.281250,-109.669098
16500.000000,-109.695344
16511.718750,-109.713958
16523.437500,-109.730927
16535.156250,-109.769851
16546.875000,-109.791347
16558.593750,-109.813348
16570.312500,-109.843589
16582.031250,-109.877745
16593.750000,-109.893352
16605.468750,-109.910950
16617.187500,-109.948792
16628.906250,-109.969884
16640.625000,-109.991032
16652.343750,-110.029933
16664.062500,-110.066437
16675.781250,-110.087393
16687.500000,-110.111066
16699.218750,-110.143953
16710.937500,-110.165691
16722.656250,-110.199666
16734.375000,-110.229760
16746.093750,-110.254966
16757.812500,-110.288867
16769.531250,-110.314362
16781.250000,-110.353231
16792.968750,-110.382144
16804.687500,-110.414455
16816.406250,-110.445187
16828.125000,-110.464726
16839.843750,-110.494753
16851.562500,-110.526097
16863.281250,-110.561583
16875.000000,-110.598022
16886.718750,-110.634478
16898.437500,-110.677574
16910.156250,-110.707786
16921.875000,-110.742960
16933.593750,-110.776367
16945.312500,-110.800886
16957.031250,-110.837823
16968.750000,-110.886476
16980.468750,-110.931622
16992.187500,-110.960774
17003.906250,-110.995356
17015.625000,-111.033848
17027.343750,-111.069784
17039.062500,-111.110391
17050.781250,-111.157602
17062.500000,-111.197730
17074.218750,-111.233638
17085.937500,-111.264965
17097.656250,-111.297299
17109.375000,-111.346043
17121.093750,-111.394652
17132.812500,-111.424450
17144.531250,-111.472599
17156.250000,-111.513738
17167.968750,-111.553112
17179.687500,-111.604654
17191.406250,-111.646970
17203.125000,-111.688807
17214.843750,-111.728343
17226.562500,-111.772614
17238.281250,-111.827628
17250.000000,-111.868557
17261.718750,-111.910438
17273.437500,-111.958198
17285.156250,-111.999650
17296.875000,-112.050928
17308.593750,-112.096847
17320.312500,-112.142982
17332.031250,-112.199676
17343.750000,-112.259053
17355.468750,-112.302639
17367.187500,-112.353624
17378.906250,-112.400332
17390.625000,-112.453380
17402.343750,-112.517136
17414.062500,-112.556428
17425.781250,-112.598762
17437.500000,-112.655022
17449.218750,-112.719453
17460.937500,-112.776654
17472.656250,-112.821636
17484.375000,-112.885638
17496.093750,-112.943794
17507.812500,-113.000211
17519.531250,-113.055530
17531.250000,-113.097508
17542.968750,-113.160376
17554.687500,-113.221238
17566.406250,-113.277952
17578.125000,-113.335990
17589.843750,-113.392593
17601.562500,-113.455786
17613.281250,-113.520851
17625.000000,-113.596361
17636.718750,-113.646819
17648.437500,-113.705007
17660.156250,-113.781845
17671.875000,-113.837207
17683.593750,-113.897631
17695.312500,-113.964649
17707.031250,-114.038259
17718.750000,-114.095947
17730.468750,-114.157882
17742.187500,-114.231780
17753.906250,-114.297953
17765.625000,-114.377138
17777.343750,-114.448772
17789.062500,-114.510038
17800.781250,-114.571864
17812.500000,-114.650609
17824.218750,-114.731418
17835.937500,-114.797583
17847.656250,-114.879346
17859.375000,-114.953146
17871.093750,-115.025989
17882.812500,-115.108899
17894.531250,-115.173378
17906.250000,-115.262016
17917.968750,-115.349129
17929.687500,-115.429120
17941.406250,-115.508529
17953.125000,-115.584622
17964.843750,-115.678738
17976.562500,-115.764894
17988.281250,-115.848222
18000.000000,-115.931663
18011.718750,-116.014791
18023.437500,-116.092699
18035.156250,-116.171380
18046.875000,-116.270639
18058.593750,-116.361252
18070.312500,-116.456388
18082.031250,-116.546552
18093.750000,-116.639195
18105.468750,-116.746101
18117.187500,-116.831643
18128.906250,-116.924907
18140.625000,-117.022401
18152.343750,-117.125340
18164.062500,-117.230472
18175.781250,-117.325260
18187.500000,-117.433035
18199.218750,-117.530563
18210.937500,-117.633788
18222.656250,-117.738134
18234.375000,-117.844316
18246.093750,-117.972127
18257.812500,-118.081069
18269.531250,-118.191098
18281.250000,-118.301174
18292.968750,-118.419703
18304.687500,-118.541357
18316.406250,-118.646854
18328.125000,-118.769845
18339.843750,-118.891721
18351.562500,-119.019500
18363.281250,-119.144527
18375.000000,-119.264469
18386.718750,-119.403689
18398.437500,-119.532183
18410.156250,-119.666431
18421.875000,-119.800750
18433.593750,-119.939126
18445.312500,-120.080459
18457.031250,-120.208554
18468.750000,-120.358952
18480.468750,-120.499185
18492.187500,-120.647298
18503.906250,-120.805026
18515.625000,-120.955444
18527.343750,-121.118977
18539.062500,-121.270520
18550.781250,-121.438834
18562.500000,-121.602567
18574.218750,-121.771376
18585.937500,-121.946037
18597.656250,-122.108735
18609.375000,-122.296783
18621.093750,-122.472614
18632.812500,-122.661369
18644.531250,-122.850742
18656.250000,-123.034266
18667.968750,-123.240362
18679.687500,-123.434890
18691.406250,-123.653981
18703.125000,-123.857687
18714.843750,-124.064428
18726.562500,-124.294831
18738.281250,-124.507547
18750.000000,-124.749790
18761.718750,-124.977447
18773.437500,-125.225359
18785.156250,-125.480189
18796.875000,-125.729505
18808.593750,-126.016727
18820.312500,-126.276855
18832.031250,-126.559127
18843.750000,-126.841089
18855.468750,-127.137909
18867.187500,-127.454615
18878.906250,-127.761893
18890.625000,-128.120406
18902.343750,-128.455010
18914.062500,-128.815396
18925.781250,-129.191783
18937.500000,-129.563352
18949.218750,-129.985903
18960.937500,-130.396378
18972.656250,-130.868203
18984.375000,-131.320111
18996.093750,-131.814041
19007.812500,-132.360232
19019.531250,-132.888295
19031.250000,-133.523038
19042.968750,-134.127519
19054.687500,-134.819942
19066.406250,-135.569379
19078.125000,-136.347758
19089.843750,-137.291967
19101.562500,-138.224709
19113.281250,-139.389609
19125.000000,-140.640117
19136.718750,-142.109735
19148.437500,-143.962128
19160.156250,-146.092579
19171.875000,-149.315842
19183.593750,-153.784852
19195.312500,-164.860408
19207.031250,-161.103152
19218.750000,-152.909303
19230.468750,-148.468721
19242.187500,-145.832844
19253.906250,-143.610214
19265.625000,-141.957689
19277.343750,-140.555949
19289.062500,-139.305792
19300.781250,-138.307847
19312.500000,-137.304981
19324.218750,-136.497944
19335.937500,-135.708859
19347.656250,-135.000799
19359.375000,-134.377110
19371.093750,-133.741808
19382.812500,-133.213618
19394.531250,-132.657762
19406.250000,-132.185329
19417.968750,-131.726154
19429.687500,-131.271993
19441.406250,-130.875276
19453.125000,-130.447452
19464.843750,-130.092670
19476.562500,-129.722822
19488.281250,-129.380702
19500.000000,-129.061732
19511.718750,-128.723738
19523.437500,-128.436885
19535.156250,-128.129477
19546.875000,-127.859111
19558.593750,-127.590055
19570.312500,-127.320558
19582.031250,-127.078238
19593.750000,-126.812723
19605.468750,-126.592117
19617.187500,-126.358680
19628.906250,-126.130124
19640.625000,-125.916143
19652.343750,-125.694408
19664.062500,-125.511188
19675.781250,-125.302709
19687.500000,-125.116526
19699.218750,-124.926886
19710.937500,-124.734540
19722.656250,-124.566711
19734.375000,-124.378679
19746.093750,-124.219038
19757.812500,-124.047111
19769.531250,-123.883142
19781.250000,-123.729950
19792.968750,-123.572401
19804.687500,-123.436250
19816.406250,-123.279136
19828.125000,-123.139725
19839.843750,-123.005494
19851.562500,-122.857383
19863.281250,-122.725963
19875.000000,-122.586490
19886.718750,-122.464474
19898.437500,-122.328218
19910.156250,-122.203443
19921.875000,-122.095357
19933.593750,-121.967267
19945.312500,-121.862220
19957.031250,-121.746980
19968.750000,-121.638610
19980.468750,-121.524986
19992.187500,-121.411479
20003.906250,-121.312430
20015.625000,-121.197404
20027.343750,-121.105236
20039.062500,-120.997871
20050.781250,-120.900983
20062.500000,-120.808959
20074.218750,-120.706115
20085.937500,-120.620865
20097.656250,-120.526038
20109.375000,-120.444646
20121.093750,-120.356139
20132.812500,-120.268735
20144.531250,-120.190685
20156.250000,-120.100979
20167.968750,-120.019818
20179.687500,-119.925990
20191.406250,-119.849880
20203.125000,-119.780864
20214.843750,-119.701399
20226.562500,-119.629313
20238.281250,-119.546506
20250.000000,-119.477156
20261.718750,-119.404010
20273.437500,-119.336612
20285.156250,-119.272836
20296.875000,-119.190869
20308.593750,-119.134924
20320.312500,-119.071114
20332.031250,-119.010364
20343.750000,-118.951867
20355.468750,-118.877230
20367.187500,-118.819976
20378.906250,-118.748840
20390.625000,-118.692265
20402.343750,-118.642278
20414.062500,-118.585138
20425.781250,-118.529936
20437.500000,-118.463055
20449.218750,-118.417351
20460.937500,-118.364258
20472.656250,-118.309257
20484.375000,-118.260827
20496.093750,-118.205766
20507.812500,-118.156437
20519.531250,-118.097623
20531.250000,-118.057375
20542.968750,-118.012814
20554.687500,-117.966825
20566.406250,-117.924043
20578.125000,-117.874547
20589.843750,-117.835955
20601.562500,-117.786601
20613.281250,-117.746286
20625.000000,-117.709635
20636.718750,-117.667604
20648.437500,-117.629232
20660.156250,-117.581611
20671.875000,-117.550232
20683.593750,-117.512583
20695.312500,-117.470489
20707.031250,-117.435668
20718.750000,-117.395230
20730.468750,-117.369351
20742.187500,-117.332436
20753.906250,-117.297775
20765.625000,-117.266252
20777.343750,-117.224297
20789.062500,-117.195552
20800.781250,-117.166623
20812.500000,-117.141336
20824.218750,-117.118406
20835.937500,-117.087224
20847.656250,-117.048492
20859.375000,-117.016005
20871.093750,-116.998306
20882.812500,-116.963521
20894.531250,-116.937739
20906.250000,-116.915229
20917.968750,-116.886793
20929.687500,-116.866865
20941.406250,-116.833025
20953.125000,-116.815296
20964.843750,-116.793836
20976.562500,-116.773762
20988.281250,-116.756959
21000.000000,-116.731785
21011.718750,-116.716836
21023.437500,-116.691636
21035.156250,-116.672949
21046.875000,-116.654009
21058.593750,-116.633436
21070.312500,-116.624664
21082.031250,-116.599778
21093.750000,-116.580024
21105.468750,-116.560671
21117.187500,-116.545388
21128.906250,-116.538683
21140.625000,-116.528285
21152.343750,-116.513976
21164.062500,-116.496439
21175.781250,-116.491567
21187.500000,-116.475638
21199.218750,-116.455317
21210.937500,-116.451624
21222.656250,-116.433616
21234.375000,-116.428975
21246.093750,-116.421391
21257.812500,-116.413317
21269.531250,-116.410771
21281.250000,-116.396145
21292.968750,-116.394117
21304.687500,-116.383172
21316.406250,-116.375233
21328.125000,-116.371478
21339.843750,-116.359569
21351.562500,-116.358410
21363.281250,-116.354443
21375.000000,-116.353781
21386.718750,-116.350196
21398.437500,-116.348096
21410.156250,-116.344974
21421.875000,-116.330417
21433.593750,-116.333426
21445.312500,-116.331304
21457.031250,-116.335098
21468.750000,-116.329254
21480.468750,-116.325541
21492.187500,-116.343922
21503.906250,-116.345767
21515.625000,-116.344024
21527.343750,-116.341094
21539.062500,-116.341276
21550.781250,-116.348003
21562.500000,-116.350994
21574.218750,-116.361497
21585.937500,-116.358516
21597.656250,-116.361344
21609.375000,-116.366775
21621.093750,-116.370731
21632.812500,-116.380477
21644.531250,-116.385310
21656.250000,-116.395388
21667.968750,-116.407443
21679.687500,-116.419236
21691.406250,-116.429196
21703.125000,-116.429105
21714.843750,-116.439579
21726.562500,-116.447275
21738.281250,-116.467385
21750.000000,-116.479434
21761.718750,-116.486543
21773.437500,-116.506816
21785.156250,-116.507434
21796.875000,-116.522746
21808.593750,-116.538552
21820.312500,-116.550885
21832.031250,-116.569092
21843.750000,-116.578507
21855.468750,-116.597141
21867.187500,-116.607911
21878.906250,-116.629656
21890.625000,-116.649475
21902.343750,-116.661466
21914.062500,-116.685634
21925.781250,-116.697647
21937.500000,-116.727155
21949.218750,-116.754462
21960.937500,-116.772088
21972.656250,-116.791031
21984.375000,-116.805855
21996.093750,-116.828418
22007.812500,-116.851390
22019.531250,-116.878765
22031.250000,-116.900784
22042.968750,-116.921370
22054.687500,-116.951085
22066.406250,-116.973902
22078.125000,-117.004764
22089.843750,-117.032320
22101.562500,-117.048506
22113.281250,-117.066930
22125.000000,-117.096703
22136.718750,-117.133445
22148.437500,-117.157117
22160.156250,-117.188050
22171.875000,-117.220678
22183.593750,-117.252098
22195.312500,-117.283745
22207.031250,-117.311960
22218.750000,-117.352521
22230.468750,-117.383281
22242.187500,-117.416641
22253.906250,-117.450051
22265.625000,-117.477021
22277.343750,-117.519022
22289.062500,-117.554013
22300.781250,-117.598978
22312.500000,-117.633439
22324.218750,-117.663470
22335.937500,-117.703208
22347.656250,-117.737250
22359.375000,-117.780516
22371.093750,-117.817385
22382.812500,-117.860144
22394.531250,-117.901421
22406.250000,-117.938596
22417.968750,-117.985775
22429.687500,-118.021775
22441.406250,-118.072001
22453.125000,-118.121618
22464.843750,-118.167930
22476.562500,-118.220075
22488.281250,-118.253238
22500.000000,-118.303143
22511.718750,-118.349201
22523.437500,-118.399840
22535.156250,-118.452227
22546.875000,-118.491429
22558.593750,-118.550836
22570.312500,-118.603863
22582.031250,-118.658732
22593.750000,-118.711061
22605.468750,-118.767077
22617.187500,-118.839765
22628.906250,-118.885554
22640.625000,-118.934707
22652.343750,-118.985491
22664.062500,-119.044672
22675.781250,-119.105834
22687.500000,-119.161553
22699.218750,-119.231673
22710.937500,-119.291847
22722.656250,-119.354318
22734.375000,-119.411007
22746.093750,-119.476361
22757.812500,-119.548684
22769.531250,-119.605247
22781.250000,-119.683178
22792.968750,-119.749343
22804.687500,-119.812116
22816.406250,-119.887834
22828.125000,-119.962809
22839.843750,-120.041777
22851.562500,-120.096210
22863.281250,-120.174249
22875.000000,-120.254294
22886.718750,-120.324642
22898.437500,-120.409946
22910.156250,-120.482296
22921.875000,-120.569866
22933.593750,-120.643700
22945.312500,-120.722301
22957.031250,-120.811317
22968.750000,-120.888932
22980.468750,-120.984422
22992.187500,-121.069813
23003.906250,-121.163035
23015.625000,-121.254104
23027.343750,-121.346883
23039.062500,-121.446710
23050.781250,-121.524645
23062.500000,-121.627569
23074.218750,-121.729488
23085.937500,-121.829152
23097.656250,-121.922340
23109.375000,-122.014729
23121.093750,-122.131494
23132.812500,-122.228635
23144.531250,-122.342614
23156.250000,-122.450107
23167.968750,-122.552757
23179.687500,-122.677807
23191.406250,-122.779560
23203.125000,-122.903490
23214.843750,-123.019397
23226.562500,-123.143937
23238.281250,-123.274153
23250.000000,-123.391640
23261.718750,-123.520911
23273.437500,-123.639082
23285.156250,-123.790045
23296.875000,-123.921065
23308.593750,-124.047429
23320.312500,-124.197056
23332.031250,-124.329724
23343.750000,-124.487879
23355.468750,-124.630126
23367.187500,-124.785082
23378.906250,-124.943322
23390.625000,-125.088552
23402.343750,-125.253712
23414.062500,-125.406281
23425.781250,-125.590347
23437.500000,-125.758681
23449.218750,-125.933144
23460.937500,-126.122401
23472.656250,-126.284273
23484.375000,-126.489928
23496.093750,-126.679555
23507.812500,-126.883781
23519.531250,-127.097040
23531.250000,-127.291254
23542.968750,-127.519728
23554.687500,-127.720863
23566.406250,-127.957199
23578.125000,-128.188962
23589.843750,-128.418696
23601.562500,-128.677499
23613.281250,-128.914300
23625.000000,-129.195307
23636.718750,-129.452505
23648.437500,-129.732077
23660.156250,-130.030000
23671.875000,-130.316631
23683.593750,-130.654456
23695.312500,-130.956120
23707.031250,-131.314689
23718.750000,-131.658844
23730.468750,-132.013821
23742.187500,-132.422647
23753.906250,-132.793775
23765.625000,-133.241903
23777.343750,-133.663865
23789.062500,-134.136642
23800.781250,-134.642127
23812.500000,-135.137501
23824.218750,-135.727058
23835.937500,-136.280864
23847.656250,-136.966209
23859.375000,-137.648415
23871.093750,-138.386741
23882.812500,-139.260873
23894.531250,-140.102999
23906.250000,-141.194490
23917.968750,-142.291692
23929.687500,-143.655071
23941.406250,-145.269188
23953.125000,-147.103607
23964.843750,-149.796597
23976.562500,-153.053688
23988.281250,-159.381727
